"ppntid","probA","probB","probC","payoffA","payoffB","payoffC","calc_sd","tolerance_prob","tolerance_payoff","p_err","useord","usecalc","payoffprior_mean","payoffprior_sd","trial_id","row_id","choice","calcA","calcB","calcC","ABprob","ACprob","BCprob","ABpayoff","ACpayoff","BCpayoff"
0,0.8,0.4,0.2,70,140,280,0.5,0.011,1.1,0.15,TRUE,TRUE,100,10,"rangetie",1,"1",55.5305228231094,54.7080186558472,54.7465231695418,">","=",">","<","<","<"
0,0.8,0.4,0.2,70,140,280,1,0.011,1.1,0.15,TRUE,TRUE,100,10,"rangetie",2,"1",56.5713248834569,54.1913694768533,55.227675497506,">",">","=","<","<","<"
0,0.8,0.4,0.2,70,140,280,2,0.011,1.1,0.15,TRUE,TRUE,100,10,"rangetie",3,"1",58.2081698739799,55.5804286934298,58.7746075399498,">",">",">","<","<","<"
0,0.8,0.4,0.2,70,140,280,4,0.011,1.1,0.15,TRUE,TRUE,100,10,"rangetie",4,"2",50.1268424799043,54.1799354874714,54.9149434890504,">",">",">","<","=","<"
0,0.8,0.4,0.2,70,140,280,8,0.011,1.1,0.15,TRUE,TRUE,100,10,"rangetie",5,"1",59.3045809972714,61.472709376998,40.1556551545328,">","=",">","<","<","<"
0,0.8,0.4,0.2,70,140,280,16,0.011,1.1,0.15,TRUE,TRUE,100,10,"rangetie",6,"2",53.1898463903107,84.060345329622,59.2669048881504,">",">",">","<","<","<"
0,0.8,0.4,0.2,70,140,280,0.5,0.011,1.1,0.15,TRUE,TRUE,100,10,"rangetie",7,"3",55.4072127857052,55.3794608399554,56.0097965015145,">",">",">","<","<","<"
0,0.8,0.4,0.2,70,140,280,1,0.011,1.1,0.15,TRUE,TRUE,100,10,"rangetie",8,"1",57.4930280170721,55.4100162925667,56.2081353023375,">","<",">","<","<","<"
0,0.8,0.4,0.2,70,140,280,2,0.011,1.1,0.15,TRUE,TRUE,100,10,"rangetie",9,"1",59.8491921333701,55.0654366533856,57.9762807545587,">",">","<","<","<","<"
0,0.8,0.4,0.2,70,140,280,4,0.011,1.1,0.15,TRUE,TRUE,100,10,"rangetie",10,"2",57.2025805815192,56.1205829581588,59.2643953511607,"<",">",">","<","<","<"
0,0.8,0.4,0.2,70,140,280,8,0.011,1.1,0.15,TRUE,TRUE,100,10,"rangetie",11,"3",58.036513145034,39.9772702391862,64.6678683550543,">",">",">","<","<","<"
0,0.8,0.4,0.2,70,140,280,16,0.011,1.1,0.15,TRUE,TRUE,100,10,"rangetie",12,"2",20.3293161905846,57.8637866822889,51.5143544816827,">","<",">","<","<","<"
0,0.8,0.4,0.2,70,140,280,0.5,0.011,1.1,0.15,TRUE,TRUE,100,10,"rangetie",13,"3",56.6511062950823,55.922905011754,56.1448843626637,"=",">",">","=","<","<"
0,0.8,0.4,0.2,70,140,280,1,0.011,1.1,0.15,TRUE,TRUE,100,10,"rangetie",14,"1",56.2138461302918,56.2461724093202,54.342935421695,">",">",">","<","<","<"
0,0.8,0.4,0.2,70,140,280,2,0.011,1.1,0.15,TRUE,TRUE,100,10,"rangetie",15,"1",56.9705589722111,55.7266778874371,52.3710137348034,">",">",">","<","<","<"
0,0.8,0.4,0.2,70,140,280,4,0.011,1.1,0.15,TRUE,TRUE,100,10,"rangetie",16,"1",57.7141842172162,52.0102796111508,59.3690231299356,">",">",">","<","<","<"
0,0.8,0.4,0.2,70,140,280,8,0.011,1.1,0.15,TRUE,TRUE,100,10,"rangetie",17,"1",53.6956253661488,58.8003017103702,40.9802728344745,">",">",">","<","<","<"
0,0.8,0.4,0.2,70,140,280,16,0.011,1.1,0.15,TRUE,TRUE,100,10,"rangetie",18,"2",41.4571785637326,79.2460425122383,58.3692219473119,">",">",">","<","<","<"
0,0.8,0.4,0.2,70,140,280,0.5,0.011,1.1,0.15,TRUE,TRUE,100,10,"rangetie",19,"1",55.8407666457441,55.7614628513924,55.6611013419533,">",">",">","<","<","<"
0,0.8,0.4,0.2,70,140,280,1,0.011,1.1,0.15,TRUE,TRUE,100,10,"rangetie",20,"2",55.2828477944211,55.82774042348,55.4252692325575,">",">",">","<","=","<"
0,0.8,0.4,0.2,70,140,280,2,0.011,1.1,0.15,TRUE,TRUE,100,10,"rangetie",21,"2",56.2099018027785,55.3371850138364,55.1310699334142,"<",">",">","<","<",">"
0,0.8,0.4,0.2,70,140,280,4,0.011,1.1,0.15,TRUE,TRUE,100,10,"rangetie",22,"1",55.889416713583,56.0279226421529,57.0573201454924,">",">",">","<","<","<"
0,0.8,0.4,0.2,70,140,280,8,0.011,1.1,0.15,TRUE,TRUE,100,10,"rangetie",23,"1",54.4689083694833,57.6238395794118,58.9260921879287,">",">",">","<","<","<"
0,0.8,0.4,0.2,70,140,280,16,0.011,1.1,0.15,TRUE,TRUE,100,10,"rangetie",24,"2",50.7669738462309,89.4930744240356,40.8794410956858,">",">",">","<","<","<"
0,0.8,0.4,0.2,70,140,280,0.5,0.011,1.1,0.15,TRUE,TRUE,100,10,"rangetie",25,"3",55.7538688133573,55.2614313362787,56.4456496996348,">",">",">","<","<","<"
0,0.8,0.4,0.2,70,140,280,1,0.011,1.1,0.15,TRUE,TRUE,100,10,"rangetie",26,"1",55.9923312108566,55.1371780132029,56.45588799943,">",">","=","=","<","<"
0,0.8,0.4,0.2,70,140,280,2,0.011,1.1,0.15,TRUE,TRUE,100,10,"rangetie",27,"3",52.6767689062007,54.7148445945989,60.7362816025686,">",">",">","<","<","<"
0,0.8,0.4,0.2,70,140,280,4,0.011,1.1,0.15,TRUE,TRUE,100,10,"rangetie",28,"2",58.77252447229,62.9852100841963,57.8414636681343,"=",">",">","<","<","<"
0,0.8,0.4,0.2,70,140,280,8,0.011,1.1,0.15,TRUE,TRUE,100,10,"rangetie",29,"1",58.8134246042991,52.3037866302609,53.5544771074681,">",">",">","<","<","<"
0,0.8,0.4,0.2,70,140,280,16,0.011,1.1,0.15,TRUE,TRUE,100,10,"rangetie",30,"1",72.831121173477,52.1857998100083,57.4468636953027,">",">",">","<","<","<"
0,0.8,0.4,0.2,70,140,280,0.5,0.011,1.1,0.15,TRUE,TRUE,100,10,"rangetie",31,"1",56.2410455171183,55.6638634759551,55.3802841557147,">",">",">","<",">","<"
0,0.8,0.4,0.2,70,140,280,1,0.011,1.1,0.15,TRUE,TRUE,100,10,"rangetie",32,"1",57.0952763523423,56.6771222532724,57.0965977510675,">",">",">","<","<",">"
0,0.8,0.4,0.2,70,140,280,2,0.011,1.1,0.15,TRUE,TRUE,100,10,"rangetie",33,"2",57.2970840279455,59.1421816416801,55.444725340926,">",">",">","<",">","<"
0,0.8,0.4,0.2,70,140,280,4,0.011,1.1,0.15,TRUE,TRUE,100,10,"rangetie",34,"1",54.3978626116645,55.888106622477,48.3498253424483,">",">","<","<","<","<"
0,0.8,0.4,0.2,70,140,280,8,0.011,1.1,0.15,TRUE,TRUE,100,10,"rangetie",35,"1",69.0066480813087,53.643918128641,69.7973146539487,"<",">",">",">","<","="
0,0.8,0.4,0.2,70,140,280,16,0.011,1.1,0.15,TRUE,TRUE,100,10,"rangetie",36,"2",44.1278981199593,68.3590335400828,75.6719023390489,">",">",">","<","<","<"
0,0.8,0.4,0.2,70,140,280,0.5,0.011,1.1,0.15,TRUE,TRUE,100,10,"rangetie",37,"1",55.6556350222128,55.8633564729169,55.8376779173016,">",">",">","<",">","<"
0,0.8,0.4,0.2,70,140,280,1,0.011,1.1,0.15,TRUE,TRUE,100,10,"rangetie",38,"3",56.2626372589321,56.3767098265276,57.8476190060779,">",">",">","<","<","<"
0,0.8,0.4,0.2,70,140,280,2,0.011,1.1,0.15,TRUE,TRUE,100,10,"rangetie",39,"1",56.0086819002191,56.2963508078272,53.8973791933444,">",">",">","<","<","<"
0,0.8,0.4,0.2,70,140,280,4,0.011,1.1,0.15,TRUE,TRUE,100,10,"rangetie",40,"3",54.3081468763628,59.0118743481552,62.3848550459962,">",">",">","<","<","<"
0,0.8,0.4,0.2,70,140,280,8,0.011,1.1,0.15,TRUE,TRUE,100,10,"rangetie",41,"1",59.2633740960493,40.6208369201249,57.4620936822324,">",">",">","<","<","<"
0,0.8,0.4,0.2,70,140,280,16,0.011,1.1,0.15,TRUE,TRUE,100,10,"rangetie",42,"1",71.7950591144269,58.6007300058028,81.1426551708539,">",">",">","<","<","<"
0,0.8,0.4,0.2,70,140,280,0.5,0.011,1.1,0.15,TRUE,TRUE,100,10,"rangetie",43,"1",56.1669364487209,55.0615755073726,55.8042443730019,">",">",">","<","<","<"
0,0.8,0.4,0.2,70,140,280,1,0.011,1.1,0.15,TRUE,TRUE,100,10,"rangetie",44,"3",56.5180548281577,56.3651093026185,57.7369262185096,">",">",">","<","<","<"
0,0.8,0.4,0.2,70,140,280,2,0.011,1.1,0.15,TRUE,TRUE,100,10,"rangetie",45,"1",56.4765567973212,56.6902679028949,57.3867513600955,">",">",">","<","=","<"
0,0.8,0.4,0.2,70,140,280,4,0.011,1.1,0.15,TRUE,TRUE,100,10,"rangetie",46,"2",53.3534087027998,61.5411717090793,51.8715431621856,">",">",">","<","=","<"
0,0.8,0.4,0.2,70,140,280,8,0.011,1.1,0.15,TRUE,TRUE,100,10,"rangetie",47,"3",48.8400097983673,53.2928490442448,66.8353057106387,">",">",">","<","<","<"
0,0.8,0.4,0.2,70,140,280,16,0.011,1.1,0.15,TRUE,TRUE,100,10,"rangetie",48,"1",71.6995969176893,38.466646503983,43.8976650600174,">",">",">","<",">","<"
0,0.8,0.4,0.2,70,140,280,0.5,0.011,1.1,0.15,TRUE,TRUE,100,10,"rangetie",49,"3",55.9783243363872,55.5052698621502,56.7915771832393,">",">",">","<","<","<"
0,0.8,0.4,0.2,70,140,280,1,0.011,1.1,0.15,TRUE,TRUE,100,10,"rangetie",50,"3",54.5541949529812,56.1060917526363,56.7669591393197,">",">",">","<","<","<"
0,0.8,0.4,0.2,70,140,280,2,0.011,1.1,0.15,TRUE,TRUE,100,10,"rangetie",51,"3",54.2585825729315,51.5998034753629,55.5022528532911,">",">",">","<","<","<"
0,0.8,0.4,0.2,70,140,280,4,0.011,1.1,0.15,TRUE,TRUE,100,10,"rangetie",52,"1",60.6637750708402,53.6422489442612,57.0097775770803,">",">",">","=","<","<"
0,0.8,0.4,0.2,70,140,280,8,0.011,1.1,0.15,TRUE,TRUE,100,10,"rangetie",53,"2",63.7956585179777,63.3733156217587,51.9116091622123,"<",">",">","<","<","<"
0,0.8,0.4,0.2,70,140,280,16,0.011,1.1,0.15,TRUE,TRUE,100,10,"rangetie",54,"1",68.2965111011767,46.6511980870353,81.1940782666347,">",">",">","<","<","<"
0,0.8,0.4,0.2,70,140,280,0.5,0.011,1.1,0.15,TRUE,TRUE,100,10,"rangetie",55,"3",55.4716882104323,55.7737893818464,56.2489116177522,">",">",">","<","<","<"
0,0.8,0.4,0.2,70,140,280,1,0.011,1.1,0.15,TRUE,TRUE,100,10,"rangetie",56,"3",56.5601582719013,55.6783771545467,57.2023976201964,">",">",">","<","<","<"
0,0.8,0.4,0.2,70,140,280,2,0.011,1.1,0.15,TRUE,TRUE,100,10,"rangetie",57,"3",55.6643653616608,56.8858442822376,58.3455602658825,">",">",">",">","<","<"
0,0.8,0.4,0.2,70,140,280,4,0.011,1.1,0.15,TRUE,TRUE,100,10,"rangetie",58,"2",55.7949075258909,59.2897330094672,55.389824819349,">",">",">","<","<","<"
0,0.8,0.4,0.2,70,140,280,8,0.011,1.1,0.15,TRUE,TRUE,100,10,"rangetie",59,"3",51.8056507072716,56.7807614818933,63.314094872949,">","=",">","<","<","<"
0,0.8,0.4,0.2,70,140,280,16,0.011,1.1,0.15,TRUE,TRUE,100,10,"rangetie",60,"1",57.5787490840139,48.4874091115855,59.8758042390237,">",">",">","<",">","<"
0,0.8,0.4,0.2,70,140,280,0.5,0.011,1.1,0.15,TRUE,TRUE,100,10,"rangetie",61,"3",56.29534537563,56.2889912816108,56.7616080653818,">",">",">","<","<","<"
0,0.8,0.4,0.2,70,140,280,1,0.011,1.1,0.15,TRUE,TRUE,100,10,"rangetie",62,"2",55.1846083686094,56.5781693207521,54.9425764994695,">","<",">","<","<",">"
0,0.8,0.4,0.2,70,140,280,2,0.011,1.1,0.15,TRUE,TRUE,100,10,"rangetie",63,"2",55.2339957357186,58.682386063853,55.6454067492378,">",">","<","<","<","<"
0,0.8,0.4,0.2,70,140,280,4,0.011,1.1,0.15,TRUE,TRUE,100,10,"rangetie",64,"1",59.1122655630781,60.2671795187532,54.5827256911341,">",">","<","<","<","="
0,0.8,0.4,0.2,70,140,280,8,0.011,1.1,0.15,TRUE,TRUE,100,10,"rangetie",65,"2",42.4828248284469,67.2836124632086,55.0348019612638,">",">",">","<","<","<"
0,0.8,0.4,0.2,70,140,280,16,0.011,1.1,0.15,TRUE,TRUE,100,10,"rangetie",66,"2",41.0605713942288,72.6586081243769,45.6902460162486,">",">",">","<","<","<"
0,0.8,0.4,0.2,70,140,280,0.5,0.011,1.1,0.15,TRUE,TRUE,100,10,"rangetie",67,"3",56.3959093861412,55.5513786567954,56.7192201685127,">",">",">","<","<","<"
0,0.8,0.4,0.2,70,140,280,1,0.011,1.1,0.15,TRUE,TRUE,100,10,"rangetie",68,"3",55.5620680072955,55.2315998018899,56.8204239342811,">",">",">","<","<","<"
0,0.8,0.4,0.2,70,140,280,2,0.011,1.1,0.15,TRUE,TRUE,100,10,"rangetie",69,"1",56.2406209683633,52.3770324672305,54.3700790135886,">",">",">","<","<","<"
0,0.8,0.4,0.2,70,140,280,4,0.011,1.1,0.15,TRUE,TRUE,100,10,"rangetie",70,"1",55.6834415476256,57.6488181904829,52.521950748294,">",">",">","<","<","<"
0,0.8,0.4,0.2,70,140,280,8,0.011,1.1,0.15,TRUE,TRUE,100,10,"rangetie",71,"2",53.7902185212962,62.5305388309409,52.492745565331,"=",">",">","=","<","<"
0,0.8,0.4,0.2,70,140,280,16,0.011,1.1,0.15,TRUE,TRUE,100,10,"rangetie",72,"1",66.0233762449753,14.0424517363929,70.4506466551885,">",">",">","<",">","<"
0,0.8,0.4,0.2,70,140,280,0.5,0.011,1.1,0.15,TRUE,TRUE,100,10,"rangetie",73,"2",56.0158290113572,56.1096626833082,55.6652924026051,">",">",">",">","<","<"
0,0.8,0.4,0.2,70,140,280,1,0.011,1.1,0.15,TRUE,TRUE,100,10,"rangetie",74,"2",54.6637741776027,59.0425422369219,54.2076756418928,">",">",">","<","<","<"
0,0.8,0.4,0.2,70,140,280,2,0.011,1.1,0.15,TRUE,TRUE,100,10,"rangetie",75,"1",56.779759972668,54.3275311244025,53.7938268524573,">",">",">","=","<","<"
0,0.8,0.4,0.2,70,140,280,4,0.011,1.1,0.15,TRUE,TRUE,100,10,"rangetie",76,"2",56.6353185253865,60.8302466983923,57.9429436801359,">",">",">","<","<","<"
0,0.8,0.4,0.2,70,140,280,8,0.011,1.1,0.15,TRUE,TRUE,100,10,"rangetie",77,"1",53.1688292069711,68.6821750581135,47.3156250743435,">",">",">","=","<","<"
0,0.8,0.4,0.2,70,140,280,16,0.011,1.1,0.15,TRUE,TRUE,100,10,"rangetie",78,"1",37.6087072495885,57.2411917274423,60.616413654415,">",">",">","=","<","<"
0,0.8,0.4,0.2,70,140,280,0.5,0.011,1.1,0.15,TRUE,TRUE,100,10,"rangetie",79,"1",57.1846953968798,55.8691713112824,56.2515551146733,">",">",">","<","<","<"
0,0.8,0.4,0.2,70,140,280,1,0.011,1.1,0.15,TRUE,TRUE,100,10,"rangetie",80,"3",54.999767171258,56.2770977621114,56.9150047900761,"<","<",">","<","<","<"
0,0.8,0.4,0.2,70,140,280,2,0.011,1.1,0.15,TRUE,TRUE,100,10,"rangetie",81,"3",55.6191923638422,55.2367775735543,57.1367942101474,">",">",">","=",">","<"
0,0.8,0.4,0.2,70,140,280,4,0.011,1.1,0.15,TRUE,TRUE,100,10,"rangetie",82,"2",54.9034419673638,59.6540433044992,61.9710768979453,">",">",">","<","<","="
0,0.8,0.4,0.2,70,140,280,8,0.011,1.1,0.15,TRUE,TRUE,100,10,"rangetie",83,"3",54.367624030844,56.3358291913802,62.7832971845752,">","<",">","<","<","="
0,0.8,0.4,0.2,70,140,280,16,0.011,1.1,0.15,TRUE,TRUE,100,10,"rangetie",84,"1",54.9551577729644,70.9044446633367,80.8839384660633,">",">",">","<","<","<"
0,0.8,0.4,0.2,70,140,280,0.5,0.011,1.1,0.15,TRUE,TRUE,100,10,"rangetie",85,"1",56.9824329664585,55.9475250254967,56.0196845508745,">",">",">","<","<","<"
0,0.8,0.4,0.2,70,140,280,1,0.011,1.1,0.15,TRUE,TRUE,100,10,"rangetie",86,"2",55.8213783443657,56.4530795649778,56.5032930428246,">",">",">","<","<","<"
0,0.8,0.4,0.2,70,140,280,2,0.011,1.1,0.15,TRUE,TRUE,100,10,"rangetie",87,"3",57.0298842329454,53.725133510192,59.5539797096974,">",">",">","<","<","<"
0,0.8,0.4,0.2,70,140,280,4,0.011,1.1,0.15,TRUE,TRUE,100,10,"rangetie",88,"2",54.9317853485636,55.560292916594,56.6317853139716,">",">",">","<","<","<"
0,0.8,0.4,0.2,70,140,280,8,0.011,1.1,0.15,TRUE,TRUE,100,10,"rangetie",89,"2",45.3534040228808,62.7607973070049,42.8318423590832,">",">",">","<","<","<"
0,0.8,0.4,0.2,70,140,280,16,0.011,1.1,0.15,TRUE,TRUE,100,10,"rangetie",90,"1",69.0338365789725,55.3200614074876,68.2172180265702,">",">",">","=","<","<"
0,0.8,0.4,0.2,70,140,280,0.5,0.011,1.1,0.15,TRUE,TRUE,100,10,"rangetie",91,"1",56.4969843185833,55.6417395683368,56.1287619026846,">",">",">","<","<","<"
0,0.8,0.4,0.2,70,140,280,1,0.011,1.1,0.15,TRUE,TRUE,100,10,"rangetie",92,"3",54.1015042945338,55.6890555625987,56.5188195659037,">",">",">","<","<","<"
0,0.8,0.4,0.2,70,140,280,2,0.011,1.1,0.15,TRUE,TRUE,100,10,"rangetie",93,"1",57.0635106217839,56.7441094241045,56.5199026522213,">",">",">","<","<","="
0,0.8,0.4,0.2,70,140,280,4,0.011,1.1,0.15,TRUE,TRUE,100,10,"rangetie",94,"1",57.2417924193049,57.4376234213771,56.991005214629,">",">",">","<","<","<"
0,0.8,0.4,0.2,70,140,280,8,0.011,1.1,0.15,TRUE,TRUE,100,10,"rangetie",95,"1",56.2180237617804,49.5519972849902,55.6186192324731,">",">",">","<","<","<"
0,0.8,0.4,0.2,70,140,280,16,0.011,1.1,0.15,TRUE,TRUE,100,10,"rangetie",96,"1",65.6582846031449,48.8402240556446,57.3250033768339,">",">",">","<","<","<"
0,0.8,0.4,0.2,70,140,280,0.5,0.011,1.1,0.15,TRUE,TRUE,100,10,"rangetie",97,"2",55.7565978555553,56.5578476751482,55.9119070871932,">",">",">","<","<","<"
0,0.8,0.4,0.2,70,140,280,1,0.011,1.1,0.15,TRUE,TRUE,100,10,"rangetie",98,"1",57.0745762001616,56.1866344409594,56.693002484162,">",">",">","<","<","<"
0,0.8,0.4,0.2,70,140,280,2,0.011,1.1,0.15,TRUE,TRUE,100,10,"rangetie",99,"2",55.1043782926231,57.5051895218839,56.1901920414827,">",">",">","<","<","<"
0,0.8,0.4,0.2,70,140,280,4,0.011,1.1,0.15,TRUE,TRUE,100,10,"rangetie",100,"2",57.7952880349269,56.9035659922298,56.429540460529,"<",">",">","<","<","<"
0,0.8,0.4,0.2,70,140,280,8,0.011,1.1,0.15,TRUE,TRUE,100,10,"rangetie",101,"1",61.1758137962436,58.3819981051091,54.8191879921846,">",">",">","<","<","<"
0,0.8,0.4,0.2,70,140,280,16,0.011,1.1,0.15,TRUE,TRUE,100,10,"rangetie",102,"2",49.8081322717654,69.7056648287116,77.8249931433333,">",">",">","<","<",">"
0,0.8,0.4,0.2,70,140,280,0.5,0.011,1.1,0.15,TRUE,TRUE,100,10,"rangetie",103,"2",56.1351315917841,56.5253358050982,56.2760184785961,">",">",">","<","<","<"
0,0.8,0.4,0.2,70,140,280,1,0.011,1.1,0.15,TRUE,TRUE,100,10,"rangetie",104,"2",53.752219285745,56.8773166916569,55.1959795920023,">",">",">","<","<","<"
0,0.8,0.4,0.2,70,140,280,2,0.011,1.1,0.15,TRUE,TRUE,100,10,"rangetie",105,"1",58.2274480391972,58.269368216909,57.4879659994274,">",">",">","<","<",">"
0,0.8,0.4,0.2,70,140,280,4,0.011,1.1,0.15,TRUE,TRUE,100,10,"rangetie",106,"2",51.0134428680187,60.7042981861607,54.2009828872438,">",">",">","<","<","<"
0,0.8,0.4,0.2,70,140,280,8,0.011,1.1,0.15,TRUE,TRUE,100,10,"rangetie",107,"1",56.7836028152828,52.4860688024682,53.6757843882226,">",">",">","<","<","<"
0,0.8,0.4,0.2,70,140,280,16,0.011,1.1,0.15,TRUE,TRUE,100,10,"rangetie",108,"1",66.1072738693192,40.4452466851273,52.2990286343903,">","=",">","<","<","<"
0,0.8,0.4,0.2,70,140,280,0.5,0.011,1.1,0.15,TRUE,TRUE,100,10,"rangetie",109,"3",55.1956176256401,55.8532988662379,55.8724957494626,">",">",">","<","<","<"
0,0.8,0.4,0.2,70,140,280,1,0.011,1.1,0.15,TRUE,TRUE,100,10,"rangetie",110,"1",55.5929474455294,54.2783760910879,54.4851195239789,">",">",">","<","<","<"
0,0.8,0.4,0.2,70,140,280,2,0.011,1.1,0.15,TRUE,TRUE,100,10,"rangetie",111,"2",54.9273166489235,56.1402235268651,55.8899309996227,">",">",">","<","<","<"
0,0.8,0.4,0.2,70,140,280,4,0.011,1.1,0.15,TRUE,TRUE,100,10,"rangetie",112,"2",55.0322015093828,54.9485723518452,45.8304659379848,">","<",">","<","<","<"
0,0.8,0.4,0.2,70,140,280,8,0.011,1.1,0.15,TRUE,TRUE,100,10,"rangetie",113,"1",67.0425962723357,53.0176461400457,50.865510483125,"=",">","<","<","<","="
0,0.8,0.4,0.2,70,140,280,16,0.011,1.1,0.15,TRUE,TRUE,100,10,"rangetie",114,"1",92.1452294108196,44.0301212342676,57.145226249986,">",">",">","<","<",">"
0,0.8,0.4,0.2,70,140,280,0.5,0.011,1.1,0.15,TRUE,TRUE,100,10,"rangetie",115,"2",55.4447500755386,55.8984196410212,55.6031232235766,"<",">",">","<","<",">"
0,0.8,0.4,0.2,70,140,280,1,0.011,1.1,0.15,TRUE,TRUE,100,10,"rangetie",116,"1",56.4406342872877,55.9150180426844,54.9359940695259,">",">",">","<","<","<"
0,0.8,0.4,0.2,70,140,280,2,0.011,1.1,0.15,TRUE,TRUE,100,10,"rangetie",117,"1",58.313042684738,52.2338236623813,59.0064346413092,">",">",">","<","<","<"
0,0.8,0.4,0.2,70,140,280,4,0.011,1.1,0.15,TRUE,TRUE,100,10,"rangetie",118,"1",54.6992629502747,52.4096507608459,50.3131010778465,">",">",">","<","<",">"
0,0.8,0.4,0.2,70,140,280,8,0.011,1.1,0.15,TRUE,TRUE,100,10,"rangetie",119,"1",56.6243505882719,52.9666201838457,65.2316649728443,">",">",">","=",">","<"
0,0.8,0.4,0.2,70,140,280,16,0.011,1.1,0.15,TRUE,TRUE,100,10,"rangetie",120,"1",57.6318904357624,31.3134574939047,61.716128414334,">",">",">","<","<","<"
0,0.8,0.4,0.2,70,140,280,0.5,0.011,1.1,0.15,TRUE,TRUE,100,10,"rangetie",121,"2",55.3217463516389,56.5412952160674,55.8620715229946,">","<",">","<","<","<"
0,0.8,0.4,0.2,70,140,280,1,0.011,1.1,0.15,TRUE,TRUE,100,10,"rangetie",122,"1",54.9304442713217,54.638959937574,55.1201523141422,">",">",">","<","<","<"
0,0.8,0.4,0.2,70,140,280,2,0.011,1.1,0.15,TRUE,TRUE,100,10,"rangetie",123,"3",54.7011470221017,53.6890522452428,56.4351204026311,">",">",">","<","<","="
0,0.8,0.4,0.2,70,140,280,4,0.011,1.1,0.15,TRUE,TRUE,100,10,"rangetie",124,"1",58.8083654085653,57.5080842961813,52.893601399734,">",">","<","<",">",">"
0,0.8,0.4,0.2,70,140,280,8,0.011,1.1,0.15,TRUE,TRUE,100,10,"rangetie",125,"2",47.0768935657555,53.071105818294,69.7061856018653,">",">",">","<","<",">"
0,0.8,0.4,0.2,70,140,280,16,0.011,1.1,0.15,TRUE,TRUE,100,10,"rangetie",126,"1",55.7405754137507,34.8606275138991,54.05044150422,">",">",">","<","<","<"
0,0.8,0.4,0.2,70,140,280,0.5,0.011,1.1,0.15,TRUE,TRUE,100,10,"rangetie",127,"2",55.3252601776815,56.2733443479262,55.4739529017767,">",">",">","<","<","="
0,0.8,0.4,0.2,70,140,280,1,0.011,1.1,0.15,TRUE,TRUE,100,10,"rangetie",128,"1",56.257339158073,54.0361219566137,54.5526225660727,">",">",">","<","<","<"
0,0.8,0.4,0.2,70,140,280,2,0.011,1.1,0.15,TRUE,TRUE,100,10,"rangetie",129,"1",58.0948350098072,55.9239448648654,58.2248728685165,">",">",">","<",">","<"
0,0.8,0.4,0.2,70,140,280,4,0.011,1.1,0.15,TRUE,TRUE,100,10,"rangetie",130,"1",60.2471255077321,60.3400411624392,59.299903490965,">",">",">","<","<","<"
0,0.8,0.4,0.2,70,140,280,8,0.011,1.1,0.15,TRUE,TRUE,100,10,"rangetie",131,"1",60.1755681993263,68.8577170331704,62.1906664601591,">",">","=","<","<","<"
0,0.8,0.4,0.2,70,140,280,16,0.011,1.1,0.15,TRUE,TRUE,100,10,"rangetie",132,"1",55.2481226405785,10.003123409276,54.1121248667782,">",">",">","<","<","<"
0,0.8,0.4,0.2,70,140,280,0.5,0.011,1.1,0.15,TRUE,TRUE,100,10,"rangetie",133,"3",55.465982832258,55.7800604023282,55.8696941585022,">",">",">","<","<","<"
0,0.8,0.4,0.2,70,140,280,1,0.011,1.1,0.15,TRUE,TRUE,100,10,"rangetie",134,"1",56.5379873786014,56.1214961713392,55.2422160747222,">",">",">",">","<","<"
0,0.8,0.4,0.2,70,140,280,2,0.011,1.1,0.15,TRUE,TRUE,100,10,"rangetie",135,"1",57.379256317158,56.8934099546916,54.4771567314292,">",">",">","<","<","<"
0,0.8,0.4,0.2,70,140,280,4,0.011,1.1,0.15,TRUE,TRUE,100,10,"rangetie",136,"2",55.2479818168246,63.0752702899265,59.0899662161802,">",">",">","<","<","<"
0,0.8,0.4,0.2,70,140,280,8,0.011,1.1,0.15,TRUE,TRUE,100,10,"rangetie",137,"3",42.917187396031,54.513113241589,53.78797633891,">","<","=","<","<","<"
0,0.8,0.4,0.2,70,140,280,16,0.011,1.1,0.15,TRUE,TRUE,100,10,"rangetie",138,"3",43.0037653265337,65.1859552052606,66.962275231606,">","=",">","<","<","<"
0,0.8,0.4,0.2,70,140,280,0.5,0.011,1.1,0.15,TRUE,TRUE,100,10,"rangetie",139,"3",55.6618286800083,55.8897718784353,56.1621379318815,">",">",">","<","<","<"
0,0.8,0.4,0.2,70,140,280,1,0.011,1.1,0.15,TRUE,TRUE,100,10,"rangetie",140,"1",56.3379488304463,54.9160810865632,55.5391877781201,">",">",">","<","<","<"
0,0.8,0.4,0.2,70,140,280,2,0.011,1.1,0.15,TRUE,TRUE,100,10,"rangetie",141,"2",54.7819812012573,56.1162647282902,56.5922413093475,">",">",">","<","<","<"
0,0.8,0.4,0.2,70,140,280,4,0.011,1.1,0.15,TRUE,TRUE,100,10,"rangetie",142,"1",55.9224928984076,51.867923130335,54.8688339548599,">",">",">","<","<","="
0,0.8,0.4,0.2,70,140,280,8,0.011,1.1,0.15,TRUE,TRUE,100,10,"rangetie",143,"2",66.9470311220517,67.8843489493286,44.317734988352,"=",">",">","<","<","<"
0,0.8,0.4,0.2,70,140,280,16,0.011,1.1,0.15,TRUE,TRUE,100,10,"rangetie",144,"2",40.815962720061,80.3170026626663,77.0979113123869,">",">",">","<","<","<"
0,0.8,0.4,0.2,70,140,280,0.5,0.011,1.1,0.15,TRUE,TRUE,100,10,"rangetie",145,"3",55.9632182170185,56.1383645815421,56.4490532343784,"<",">",">",">",">","="
0,0.8,0.4,0.2,70,140,280,1,0.011,1.1,0.15,TRUE,TRUE,100,10,"rangetie",146,"3",55.7366819975771,56.208077103551,56.6643727370088,">",">",">","<","<","<"
0,0.8,0.4,0.2,70,140,280,2,0.011,1.1,0.15,TRUE,TRUE,100,10,"rangetie",147,"3",53.2033989860277,53.485717807437,56.0409202685579,">",">",">","=","<","<"
0,0.8,0.4,0.2,70,140,280,4,0.011,1.1,0.15,TRUE,TRUE,100,10,"rangetie",148,"1",59.794878546119,56.4441573071332,55.2848028838883,">",">",">","<","<",">"
0,0.8,0.4,0.2,70,140,280,8,0.011,1.1,0.15,TRUE,TRUE,100,10,"rangetie",149,"1",51.1968169330598,49.907408412925,52.8392660562908,">",">",">","<","<","<"
0,0.8,0.4,0.2,70,140,280,16,0.011,1.1,0.15,TRUE,TRUE,100,10,"rangetie",150,"2",64.3036618872228,98.9534176717491,62.6490182101509,">",">",">","<","=","<"
0,0.8,0.4,0.2,70,140,280,0.5,0.011,1.1,0.15,TRUE,TRUE,100,10,"rangetie",151,"1",56.8186026448618,56.192041020632,55.496683084192,">",">",">","=","<",">"
0,0.8,0.4,0.2,70,140,280,1,0.011,1.1,0.15,TRUE,TRUE,100,10,"rangetie",152,"3",55.6386077733979,55.6954287677453,56.2598621604103,">","<",">","<","<","<"
0,0.8,0.4,0.2,70,140,280,2,0.011,1.1,0.15,TRUE,TRUE,100,10,"rangetie",153,"2",56.077704082873,58.1307195957627,55.1511329268991,">",">",">","<","<","<"
0,0.8,0.4,0.2,70,140,280,4,0.011,1.1,0.15,TRUE,TRUE,100,10,"rangetie",154,"2",54.3334425295593,58.5672236724422,53.2284053073813,">",">",">","<","<","="
0,0.8,0.4,0.2,70,140,280,8,0.011,1.1,0.15,TRUE,TRUE,100,10,"rangetie",155,"3",52.1822712952833,52.3947413057722,72.2977030158722,"<",">","=","<","<","<"
0,0.8,0.4,0.2,70,140,280,16,0.011,1.1,0.15,TRUE,TRUE,100,10,"rangetie",156,"1",41.3339979894594,41.5551320075478,31.950336022358,">",">",">","<","<","<"
0,0.8,0.4,0.2,70,140,280,0.5,0.011,1.1,0.15,TRUE,TRUE,100,10,"rangetie",157,"1",56.1030344479658,56.1642028916771,55.4850847648302,">",">",">","<","<","<"
0,0.8,0.4,0.2,70,140,280,1,0.011,1.1,0.15,TRUE,TRUE,100,10,"rangetie",158,"2",56.4902829824311,57.0397368141476,56.435563143261,">",">",">","<","<",">"
0,0.8,0.4,0.2,70,140,280,2,0.011,1.1,0.15,TRUE,TRUE,100,10,"rangetie",159,"1",55.4967550660437,55.1884079686669,52.9692927296455,">",">","<","<","<","<"
0,0.8,0.4,0.2,70,140,280,4,0.011,1.1,0.15,TRUE,TRUE,100,10,"rangetie",160,"2",50.1576813224867,63.041560670565,51.6766692042111,">",">",">","<",">","<"
0,0.8,0.4,0.2,70,140,280,8,0.011,1.1,0.15,TRUE,TRUE,100,10,"rangetie",161,"3",56.6642375679995,51.9763416356418,66.5473905659951,">","=",">","<","<","<"
0,0.8,0.4,0.2,70,140,280,16,0.011,1.1,0.15,TRUE,TRUE,100,10,"rangetie",162,"1",50.5772151859802,66.7980841780505,47.3710388115112,">",">",">",">","<","<"
0,0.8,0.4,0.2,70,140,280,0.5,0.011,1.1,0.15,TRUE,TRUE,100,10,"rangetie",163,"1",57.1880484652174,57.0067634231925,55.2485268975278,">",">",">","<",">","<"
0,0.8,0.4,0.2,70,140,280,1,0.011,1.1,0.15,TRUE,TRUE,100,10,"rangetie",164,"1",56.8725464149492,55.3624824605082,54.5273242548848,">",">","=","<","<","<"
0,0.8,0.4,0.2,70,140,280,2,0.011,1.1,0.15,TRUE,TRUE,100,10,"rangetie",165,"3",52.7219690277886,53.57460359108,57.2147286682821,">",">","=","<","<","<"
0,0.8,0.4,0.2,70,140,280,4,0.011,1.1,0.15,TRUE,TRUE,100,10,"rangetie",166,"3",49.2667748767885,55.567181747939,56.7713940798992,">",">",">","<","<","<"
0,0.8,0.4,0.2,70,140,280,8,0.011,1.1,0.15,TRUE,TRUE,100,10,"rangetie",167,"1",54.1369821673929,60.8281318195412,63.4790708732044,">",">",">","<","<","<"
0,0.8,0.4,0.2,70,140,280,16,0.011,1.1,0.15,TRUE,TRUE,100,10,"rangetie",168,"1",37.3807721519856,48.6981916384731,67.7318048581098,">",">",">","<","<","="
0,0.8,0.4,0.2,70,140,280,0.5,0.011,1.1,0.15,TRUE,TRUE,100,10,"rangetie",169,"1",55.949218663501,55.060603954812,54.7695438415889,">",">",">","<","<","<"
0,0.8,0.4,0.2,70,140,280,1,0.011,1.1,0.15,TRUE,TRUE,100,10,"rangetie",170,"1",56.9272867359951,56.9709230474295,56.2794895456414,">",">",">","<","<","<"
0,0.8,0.4,0.2,70,140,280,2,0.011,1.1,0.15,TRUE,TRUE,100,10,"rangetie",171,"1",54.8586526995393,55.1433100799641,56.184217402574,">",">",">","<","<","<"
0,0.8,0.4,0.2,70,140,280,4,0.011,1.1,0.15,TRUE,TRUE,100,10,"rangetie",172,"2",54.8599768062235,59.4143277485675,60.0743372469978,">",">","=","<","<",">"
0,0.8,0.4,0.2,70,140,280,8,0.011,1.1,0.15,TRUE,TRUE,100,10,"rangetie",173,"1",57.0575945510099,64.2597088365727,68.4511295685089,">",">",">","<","<","<"
0,0.8,0.4,0.2,70,140,280,16,0.011,1.1,0.15,TRUE,TRUE,100,10,"rangetie",174,"1",33.1974862857495,55.3908252478182,66.04469402572,">",">",">","<","<","<"
0,0.8,0.4,0.2,70,140,280,0.5,0.011,1.1,0.15,TRUE,TRUE,100,10,"rangetie",175,"1",56.8742551949737,56.4837331079723,55.7373172877371,">",">",">","<","<","<"
0,0.8,0.4,0.2,70,140,280,1,0.011,1.1,0.15,TRUE,TRUE,100,10,"rangetie",176,"2",56.6958868012329,56.9904498254409,55.0364034329497,"<",">",">","<","<","<"
0,0.8,0.4,0.2,70,140,280,2,0.011,1.1,0.15,TRUE,TRUE,100,10,"rangetie",177,"3",54.2017835451868,54.2501620576649,55.768462809135,">",">",">","<","<","<"
0,0.8,0.4,0.2,70,140,280,4,0.011,1.1,0.15,TRUE,TRUE,100,10,"rangetie",178,"1",51.2263368439537,47.8955358445597,53.2868768585626,">",">",">","<","<",">"
0,0.8,0.4,0.2,70,140,280,8,0.011,1.1,0.15,TRUE,TRUE,100,10,"rangetie",179,"1",64.6623698255118,57.6048423627334,58.5762653297786,">",">",">","<","<","<"
0,0.8,0.4,0.2,70,140,280,16,0.011,1.1,0.15,TRUE,TRUE,100,10,"rangetie",180,"2",33.0350304626712,75.4367635386315,48.2890281183096,">",">",">","<",">","<"
0,0.8,0.4,0.2,70,140,280,0.5,0.011,1.1,0.15,TRUE,TRUE,100,10,"rangetie",181,"1",56.1282994091888,55.7752154398932,56.0195511751822,"<",">",">","<","<","<"
0,0.8,0.4,0.2,70,140,280,1,0.011,1.1,0.15,TRUE,TRUE,100,10,"rangetie",182,"1",56.996617140259,54.2297503193121,55.0032561674726,">",">",">",">",">","<"
0,0.8,0.4,0.2,70,140,280,2,0.011,1.1,0.15,TRUE,TRUE,100,10,"rangetie",183,"1",59.3705108347414,56.529153441505,57.2115275483214,">",">",">","<","<","<"
0,0.8,0.4,0.2,70,140,280,4,0.011,1.1,0.15,TRUE,TRUE,100,10,"rangetie",184,"1",60.5258337297033,57.7431951127442,49.6880111372962,">",">",">","<","<","<"
0,0.8,0.4,0.2,70,140,280,8,0.011,1.1,0.15,TRUE,TRUE,100,10,"rangetie",185,"1",60.7997291981581,45.3590903917997,62.1958314293124,">",">",">","<","<","<"
0,0.8,0.4,0.2,70,140,280,16,0.011,1.1,0.15,TRUE,TRUE,100,10,"rangetie",186,"1",70.3511036996332,55.8139091228185,56.4499343578537,">",">",">",">","<","="
0,0.8,0.4,0.2,70,140,280,0.5,0.011,1.1,0.15,TRUE,TRUE,100,10,"rangetie",187,"3",55.9699647887876,55.544915742229,56.7674516678255,">",">",">","<",">","<"
0,0.8,0.4,0.2,70,140,280,1,0.011,1.1,0.15,TRUE,TRUE,100,10,"rangetie",188,"2",56.2697532541735,56.6652942481117,54.731133411261,"<",">",">","<","<","<"
0,0.8,0.4,0.2,70,140,280,2,0.011,1.1,0.15,TRUE,TRUE,100,10,"rangetie",189,"2",53.2640753083374,59.6625852296348,53.85408698896,">","<",">","<","<",">"
0,0.8,0.4,0.2,70,140,280,4,0.011,1.1,0.15,TRUE,TRUE,100,10,"rangetie",190,"3",54.6996677561068,57.8397041326312,62.3149193529323,">",">",">","<","<","<"
0,0.8,0.4,0.2,70,140,280,8,0.011,1.1,0.15,TRUE,TRUE,100,10,"rangetie",191,"2",52.8765104240376,63.986642962133,68.0462644073113,">",">",">","<","<","<"
0,0.8,0.4,0.2,70,140,280,16,0.011,1.1,0.15,TRUE,TRUE,100,10,"rangetie",192,"2",40.4078320343961,90.1676018415333,40.7703759609934,">",">",">","<","<","<"
0,0.8,0.4,0.2,70,140,280,0.5,0.011,1.1,0.15,TRUE,TRUE,100,10,"rangetie",193,"2",55.3185094346389,56.7736461757882,56.3683718441382,"=",">",">","<","<","<"
0,0.8,0.4,0.2,70,140,280,1,0.011,1.1,0.15,TRUE,TRUE,100,10,"rangetie",194,"1",56.8958047247908,55.0839671451226,56.4576982418279,">","=",">","<","<","<"
0,0.8,0.4,0.2,70,140,280,2,0.011,1.1,0.15,TRUE,TRUE,100,10,"rangetie",195,"1",57.2931398520721,56.4996195227109,55.1854230749411,">",">",">","<","<","<"
0,0.8,0.4,0.2,70,140,280,4,0.011,1.1,0.15,TRUE,TRUE,100,10,"rangetie",196,"1",59.0970284344302,56.5115627817394,54.8176265130368,">",">","=","<","<","<"
0,0.8,0.4,0.2,70,140,280,8,0.011,1.1,0.15,TRUE,TRUE,100,10,"rangetie",197,"1",54.4123032556536,54.2718229662727,53.5065806412959,">",">",">","<","=","<"
0,0.8,0.4,0.2,70,140,280,16,0.011,1.1,0.15,TRUE,TRUE,100,10,"rangetie",198,"1",42.3931834851561,58.6411048315425,73.6034100082113,">",">",">","<","<","<"
0,0.8,0.4,0.2,70,140,280,0.5,0.011,1.1,0.15,TRUE,TRUE,100,10,"rangetie",199,"1",56.3847582644273,56.0059519385966,56.3120993429251,">","=",">","<","<","<"
0,0.8,0.4,0.2,70,140,280,1,0.011,1.1,0.15,TRUE,TRUE,100,10,"rangetie",200,"3",56.2444403225298,55.7068556642536,57.7673015327026,">",">","=","<","<","<"
0,0.8,0.4,0.2,70,140,280,2,0.011,1.1,0.15,TRUE,TRUE,100,10,"rangetie",201,"3",53.6818836368724,57.6117346384832,56.9266000874895,">",">","<","<","<","<"
0,0.8,0.4,0.2,70,140,280,4,0.011,1.1,0.15,TRUE,TRUE,100,10,"rangetie",202,"3",50.2028669288533,58.4831877446276,60.0449146040293,">",">",">","<","<","<"
0,0.8,0.4,0.2,70,140,280,8,0.011,1.1,0.15,TRUE,TRUE,100,10,"rangetie",203,"1",52.5416046260172,66.4696540054197,57.7680609882497,">",">","=",">","<","<"
0,0.8,0.4,0.2,70,140,280,16,0.011,1.1,0.15,TRUE,TRUE,100,10,"rangetie",204,"1",58.1514980849824,60.5852607532036,65.3254033048096,">",">",">","=","<","<"
0,0.8,0.4,0.2,70,140,280,0.5,0.011,1.1,0.15,TRUE,TRUE,100,10,"rangetie",205,"2",56.391884305462,56.9672137441805,55.658915221909,">",">",">","<","=","<"
0,0.8,0.4,0.2,70,140,280,1,0.011,1.1,0.15,TRUE,TRUE,100,10,"rangetie",206,"2",54.573784579706,56.9973565196886,56.7010397557431,"<",">",">","<","<","<"
0,0.8,0.4,0.2,70,140,280,2,0.011,1.1,0.15,TRUE,TRUE,100,10,"rangetie",207,"1",57.6661788027378,55.6423611124259,55.7996284751076,">","<",">","<","<","<"
0,0.8,0.4,0.2,70,140,280,4,0.011,1.1,0.15,TRUE,TRUE,100,10,"rangetie",208,"3",53.7574923549525,54.1678845174203,58.2789398729705,">",">",">","<","<","<"
0,0.8,0.4,0.2,70,140,280,8,0.011,1.1,0.15,TRUE,TRUE,100,10,"rangetie",209,"1",70.1751874069914,47.3428789806428,62.1156804121494,">",">",">","<","<","<"
0,0.8,0.4,0.2,70,140,280,16,0.011,1.1,0.15,TRUE,TRUE,100,10,"rangetie",210,"1",71.3629192320869,54.0246112624147,59.6595520369031,">",">",">","<","<","<"
0,0.8,0.4,0.2,70,140,280,0.5,0.011,1.1,0.15,TRUE,TRUE,100,10,"rangetie",211,"3",55.7671175495651,55.9416049439387,55.8682663945548,">",">",">","<","<","<"
0,0.8,0.4,0.2,70,140,280,1,0.011,1.1,0.15,TRUE,TRUE,100,10,"rangetie",212,"1",55.7206938984493,55.1828493538,53.8590221571966,">",">",">","<","=","<"
0,0.8,0.4,0.2,70,140,280,2,0.011,1.1,0.15,TRUE,TRUE,100,10,"rangetie",213,"2",57.9215508628359,59.6888137203744,54.7285739572278,">",">",">","<","<","<"
0,0.8,0.4,0.2,70,140,280,4,0.011,1.1,0.15,TRUE,TRUE,100,10,"rangetie",214,"3",58.8034846208225,59.0740599823415,64.9122213830476,">",">","=","<","<","<"
0,0.8,0.4,0.2,70,140,280,8,0.011,1.1,0.15,TRUE,TRUE,100,10,"rangetie",215,"1",50.1370971949778,60.1890100216591,49.0938416698463,">",">",">","<","<","<"
0,0.8,0.4,0.2,70,140,280,16,0.011,1.1,0.15,TRUE,TRUE,100,10,"rangetie",216,"1",60.0550979496972,63.2592899652849,59.1598541655387,">","=",">","<","<","<"
0,0.8,0.4,0.2,70,140,280,0.5,0.011,1.1,0.15,TRUE,TRUE,100,10,"rangetie",217,"1",56.5405626098602,55.242056297578,56.0815543309548,">",">",">","<","<","<"
0,0.8,0.4,0.2,70,140,280,1,0.011,1.1,0.15,TRUE,TRUE,100,10,"rangetie",218,"2",56.3250141776174,56.4124577724867,55.8454040412594,">",">",">","<","=","<"
0,0.8,0.4,0.2,70,140,280,2,0.011,1.1,0.15,TRUE,TRUE,100,10,"rangetie",219,"3",56.0936577625422,53.7233774358443,58.2709456342033,">",">",">","<","=","<"
0,0.8,0.4,0.2,70,140,280,4,0.011,1.1,0.15,TRUE,TRUE,100,10,"rangetie",220,"3",53.8793797041336,54.8529617887399,64.3130569065668,">","=",">","<","<","<"
0,0.8,0.4,0.2,70,140,280,8,0.011,1.1,0.15,TRUE,TRUE,100,10,"rangetie",221,"1",52.6868798880093,63.2009076185338,66.7387181787453,">",">",">","<","<","<"
0,0.8,0.4,0.2,70,140,280,16,0.011,1.1,0.15,TRUE,TRUE,100,10,"rangetie",222,"3",65.7616049414469,45.7477952121886,60.1258322737257,">","<",">","<","<","<"
0,0.8,0.4,0.2,70,140,280,0.5,0.011,1.1,0.15,TRUE,TRUE,100,10,"rangetie",223,"1",56.7654506470599,55.3774223933727,56.456845448262,">",">",">","<","<",">"
0,0.8,0.4,0.2,70,140,280,1,0.011,1.1,0.15,TRUE,TRUE,100,10,"rangetie",224,"3",55.6146063747517,55.6079981156822,57.6634785591067,">",">",">","<","<","<"
0,0.8,0.4,0.2,70,140,280,2,0.011,1.1,0.15,TRUE,TRUE,100,10,"rangetie",225,"2",58.9765236810122,59.6217166814703,55.9403107672196,">",">",">","<",">","<"
0,0.8,0.4,0.2,70,140,280,4,0.011,1.1,0.15,TRUE,TRUE,100,10,"rangetie",226,"1",58.3676291510286,54.2438369358827,59.8990692229148,">",">",">","<","<","<"
0,0.8,0.4,0.2,70,140,280,8,0.011,1.1,0.15,TRUE,TRUE,100,10,"rangetie",227,"2",53.7722787544896,55.4757381843518,49.3542772091529,"=",">",">","<","<","<"
0,0.8,0.4,0.2,70,140,280,16,0.011,1.1,0.15,TRUE,TRUE,100,10,"rangetie",228,"1",53.9535013823278,47.929858376169,30.1796691783246,">",">",">","<","<","<"
0,0.8,0.4,0.2,70,140,280,0.5,0.011,1.1,0.15,TRUE,TRUE,100,10,"rangetie",229,"2",55.0414758373259,57.045636648684,55.3028621155484,">",">","<","<","<","<"
0,0.8,0.4,0.2,70,140,280,1,0.011,1.1,0.15,TRUE,TRUE,100,10,"rangetie",230,"3",55.8342435886205,56.2492978693738,56.6100561913292,">",">",">","<","<","<"
0,0.8,0.4,0.2,70,140,280,2,0.011,1.1,0.15,TRUE,TRUE,100,10,"rangetie",231,"2",55.3732362234692,58.1559290347163,55.5167370347968,"<","=",">","<","<","<"
0,0.8,0.4,0.2,70,140,280,4,0.011,1.1,0.15,TRUE,TRUE,100,10,"rangetie",232,"1",60.9064355340162,59.3674453223294,59.6936839529774,">","<",">","<","<","<"
0,0.8,0.4,0.2,70,140,280,8,0.011,1.1,0.15,TRUE,TRUE,100,10,"rangetie",233,"1",67.7303332729524,64.4243297542211,62.2313449301211,">",">",">","<","<","<"
0,0.8,0.4,0.2,70,140,280,16,0.011,1.1,0.15,TRUE,TRUE,100,10,"rangetie",234,"1",35.6920900349999,38.826817321221,43.5313862899124,">",">",">","<","<","<"
0,0.8,0.4,0.2,70,140,280,0.5,0.011,1.1,0.15,TRUE,TRUE,100,10,"rangetie",235,"2",55.8805617047668,56.5939476363,55.3838125119099,">",">",">","<","<","<"
0,0.8,0.4,0.2,70,140,280,1,0.011,1.1,0.15,TRUE,TRUE,100,10,"rangetie",236,"1",56.5159121202887,54.3788464896497,55.654613687347,">",">",">","<","<","<"
0,0.8,0.4,0.2,70,140,280,2,0.011,1.1,0.15,TRUE,TRUE,100,10,"rangetie",237,"2",52.4299761002027,57.4589185722423,53.0782230673138,">",">",">","<","<","<"
0,0.8,0.4,0.2,70,140,280,4,0.011,1.1,0.15,TRUE,TRUE,100,10,"rangetie",238,"1",57.1320379573304,57.357947124242,52.2325588941555,">",">",">","<","<","<"
0,0.8,0.4,0.2,70,140,280,8,0.011,1.1,0.15,TRUE,TRUE,100,10,"rangetie",239,"1",51.4798685884439,50.9131232984443,40.0821846816507,">",">","=","<","=","<"
0,0.8,0.4,0.2,70,140,280,16,0.011,1.1,0.15,TRUE,TRUE,100,10,"rangetie",240,"2",39.0517882883904,70.160651393664,72.4424796451469,">",">",">","<","<","<"
0,0.8,0.4,0.2,70,140,280,0.5,0.011,1.1,0.15,TRUE,TRUE,100,10,"rangetie",241,"3",56.407839921608,55.9420784663229,56.9675989813198,">",">",">",">","<","<"
0,0.8,0.4,0.2,70,140,280,1,0.011,1.1,0.15,TRUE,TRUE,100,10,"rangetie",242,"3",54.1228076282724,55.6362888434416,56.4999478953965,">",">",">","<","<","<"
0,0.8,0.4,0.2,70,140,280,2,0.011,1.1,0.15,TRUE,TRUE,100,10,"rangetie",243,"2",53.1665247479209,58.1208601537803,56.2822189087201,">",">",">","<","<","<"
0,0.8,0.4,0.2,70,140,280,4,0.011,1.1,0.15,TRUE,TRUE,100,10,"rangetie",244,"1",56.8302028814146,53.8524149727584,58.4594004017066,">",">",">","<","<","<"
0,0.8,0.4,0.2,70,140,280,8,0.011,1.1,0.15,TRUE,TRUE,100,10,"rangetie",245,"1",60.8029661222291,60.9507340190549,58.2790562033419,">","=",">","<","<","<"
0,0.8,0.4,0.2,70,140,280,16,0.011,1.1,0.15,TRUE,TRUE,100,10,"rangetie",246,"1",85.2949982935378,78.2919128587059,41.8365585529435,">",">",">","<","<","<"
0,0.8,0.4,0.2,70,140,280,0.5,0.011,1.1,0.15,TRUE,TRUE,100,10,"rangetie",247,"1",56.106267168864,56.2715657826476,55.9890720694154,">","=",">","<","<","<"
0,0.8,0.4,0.2,70,140,280,1,0.011,1.1,0.15,TRUE,TRUE,100,10,"rangetie",248,"3",56.1350610949208,55.8323684388668,56.4944587429143,">",">","<","<","<","<"
0,0.8,0.4,0.2,70,140,280,2,0.011,1.1,0.15,TRUE,TRUE,100,10,"rangetie",249,"1",56.3742814297863,53.3548248326189,54.2961016706422,">",">",">","<","<","<"
0,0.8,0.4,0.2,70,140,280,4,0.011,1.1,0.15,TRUE,TRUE,100,10,"rangetie",250,"1",55.2411530411681,56.0303122847074,54.6256299893629,">",">",">","<","<","<"
0,0.8,0.4,0.2,70,140,280,8,0.011,1.1,0.15,TRUE,TRUE,100,10,"rangetie",251,"2",66.7080305151652,56.7317296802847,58.3482683005094,"<",">",">","<","<","<"
0,0.8,0.4,0.2,70,140,280,16,0.011,1.1,0.15,TRUE,TRUE,100,10,"rangetie",252,"2",25.9625783306407,49.987251171002,43.451725938658,">","<",">","<","=","<"
0,0.8,0.4,0.2,70,140,280,0.5,0.011,1.1,0.15,TRUE,TRUE,100,10,"rangetie",253,"1",55.5044366759899,55.2927849328422,55.1369257332789,">",">",">","<","<","<"
0,0.8,0.4,0.2,70,140,280,1,0.011,1.1,0.15,TRUE,TRUE,100,10,"rangetie",254,"1",57.0471064718286,55.583288041591,55.6889321486901,">",">",">","<","<","<"
0,0.8,0.4,0.2,70,140,280,2,0.011,1.1,0.15,TRUE,TRUE,100,10,"rangetie",255,"1",56.8417518255098,54.0802437723338,54.2017591021161,">",">",">","=","<","<"
0,0.8,0.4,0.2,70,140,280,4,0.011,1.1,0.15,TRUE,TRUE,100,10,"rangetie",256,"1",58.7242620991859,54.7517637601289,61.1999066074594,">",">",">","<","<","<"
0,0.8,0.4,0.2,70,140,280,8,0.011,1.1,0.15,TRUE,TRUE,100,10,"rangetie",257,"1",58.0707075294337,58.8221472275305,42.9520535984946,">",">",">","<","<","<"
0,0.8,0.4,0.2,70,140,280,16,0.011,1.1,0.15,TRUE,TRUE,100,10,"rangetie",258,"1",59.4788307796366,61.0615323625971,60.1964248855017,">",">",">","<","<","<"
0,0.8,0.4,0.2,70,140,280,0.5,0.011,1.1,0.15,TRUE,TRUE,100,10,"rangetie",259,"3",55.5983111981412,55.9224316359615,55.6886346447113,">",">","=","<","<","<"
0,0.8,0.4,0.2,70,140,280,1,0.011,1.1,0.15,TRUE,TRUE,100,10,"rangetie",260,"3",55.2468989153966,54.9946317595125,55.6885935538493,">",">",">","<","<","<"
0,0.8,0.4,0.2,70,140,280,2,0.011,1.1,0.15,TRUE,TRUE,100,10,"rangetie",261,"1",58.6457045506953,56.4607265328672,60.0321529443252,">",">",">","<","<",">"
0,0.8,0.4,0.2,70,140,280,4,0.011,1.1,0.15,TRUE,TRUE,100,10,"rangetie",262,"2",43.8859041139488,56.4462952791007,52.9124635817634,">",">",">","<","<","<"
0,0.8,0.4,0.2,70,140,280,8,0.011,1.1,0.15,TRUE,TRUE,100,10,"rangetie",263,"1",55.1885052760189,48.6620344106389,65.16489228466,">",">",">","<",">","<"
0,0.8,0.4,0.2,70,140,280,16,0.011,1.1,0.15,TRUE,TRUE,100,10,"rangetie",264,"2",33.2241534844486,53.1262035957512,54.9803591292906,"=",">",">","<","<","<"
0,0.8,0.4,0.2,70,140,280,0.5,0.011,1.1,0.15,TRUE,TRUE,100,10,"rangetie",265,"3",55.0408959047194,56.08893365282,55.5584142000506,">",">","<","=","<","<"
0,0.8,0.4,0.2,70,140,280,1,0.011,1.1,0.15,TRUE,TRUE,100,10,"rangetie",266,"3",54.850407411588,54.1898767526947,57.9545602354265,">",">",">","<",">","<"
0,0.8,0.4,0.2,70,140,280,2,0.011,1.1,0.15,TRUE,TRUE,100,10,"rangetie",267,"3",54.3741545822166,55.3379973389014,58.0675638163563,">","<",">","<","<","<"
0,0.8,0.4,0.2,70,140,280,4,0.011,1.1,0.15,TRUE,TRUE,100,10,"rangetie",268,"1",58.5006917809415,55.9535712399479,51.7311945147253,">",">",">","=","<","<"
0,0.8,0.4,0.2,70,140,280,8,0.011,1.1,0.15,TRUE,TRUE,100,10,"rangetie",269,"2",59.2183532243377,59.5180804839557,52.5334098691314,"=",">",">","<","<","<"
0,0.8,0.4,0.2,70,140,280,16,0.011,1.1,0.15,TRUE,TRUE,100,10,"rangetie",270,"1",81.002060732839,61.6198941900463,55.5471732082116,">",">",">","<","<","<"
0,0.8,0.4,0.2,70,140,280,0.5,0.011,1.1,0.15,TRUE,TRUE,100,10,"rangetie",271,"1",55.6986831512197,55.5530317053714,55.3532279192584,">",">",">","<","<","<"
0,0.8,0.4,0.2,70,140,280,1,0.011,1.1,0.15,TRUE,TRUE,100,10,"rangetie",272,"1",56.3428394375662,53.439144309095,55.0707097376221,">",">",">","<","<","<"
0,0.8,0.4,0.2,70,140,280,2,0.011,1.1,0.15,TRUE,TRUE,100,10,"rangetie",273,"3",54.3199238239522,53.8922789975847,58.6507291762966,">",">","=","<","<","<"
0,0.8,0.4,0.2,70,140,280,4,0.011,1.1,0.15,TRUE,TRUE,100,10,"rangetie",274,"3",52.5705436443106,51.8511117733543,62.0744693364669,">",">",">","<","<","<"
0,0.8,0.4,0.2,70,140,280,8,0.011,1.1,0.15,TRUE,TRUE,100,10,"rangetie",275,"3",39.7568726248446,54.5950502643281,60.8166582457937,">",">",">","<","<","<"
0,0.8,0.4,0.2,70,140,280,16,0.011,1.1,0.15,TRUE,TRUE,100,10,"rangetie",276,"1",57.7317469444133,66.4014470344576,56.643804430778,">",">",">","<","<","<"
0,0.8,0.4,0.2,70,140,280,0.5,0.011,1.1,0.15,TRUE,TRUE,100,10,"rangetie",277,"3",56.3880775307328,56.3946555880757,56.4710396581146,">",">",">","=","<","<"
0,0.8,0.4,0.2,70,140,280,1,0.011,1.1,0.15,TRUE,TRUE,100,10,"rangetie",278,"3",54.4221970821166,55.4287010090286,55.7429817528218,">",">","=","<","<","<"
0,0.8,0.4,0.2,70,140,280,2,0.011,1.1,0.15,TRUE,TRUE,100,10,"rangetie",279,"3",53.6171315629686,53.4877447360704,59.8578542827325,">",">",">","<","<","="
0,0.8,0.4,0.2,70,140,280,4,0.011,1.1,0.15,TRUE,TRUE,100,10,"rangetie",280,"2",56.3368055643367,60.9625685975809,52.9772947906105,"<",">",">","<","<","<"
0,0.8,0.4,0.2,70,140,280,8,0.011,1.1,0.15,TRUE,TRUE,100,10,"rangetie",281,"1",49.2568116486417,54.0466841388225,61.2667662306163,">",">",">",">","<",">"
0,0.8,0.4,0.2,70,140,280,16,0.011,1.1,0.15,TRUE,TRUE,100,10,"rangetie",282,"1",76.2619662262914,62.088461749116,82.6955312361046,">",">",">","<","<","<"
0,0.8,0.4,0.2,70,140,280,0.5,0.011,1.1,0.15,TRUE,TRUE,100,10,"rangetie",283,"1",56.2434059275529,55.8293867315691,55.6876533464554,">",">",">","<","<","<"
0,0.8,0.4,0.2,70,140,280,1,0.011,1.1,0.15,TRUE,TRUE,100,10,"rangetie",284,"3",56.6868948705614,54.9525197832054,57.6530728498791,">",">",">","<","=","<"
0,0.8,0.4,0.2,70,140,280,2,0.011,1.1,0.15,TRUE,TRUE,100,10,"rangetie",285,"2",55.1918218510884,57.1541632890879,54.9554524207918,">",">",">","<","<","<"
0,0.8,0.4,0.2,70,140,280,4,0.011,1.1,0.15,TRUE,TRUE,100,10,"rangetie",286,"3",48.7484089876982,56.8953791878962,60.0914289681379,">",">",">","<","<","<"
0,0.8,0.4,0.2,70,140,280,8,0.011,1.1,0.15,TRUE,TRUE,100,10,"rangetie",287,"1",71.1712573249768,47.0406277352834,46.3791933657635,">",">",">","<","<","<"
0,0.8,0.4,0.2,70,140,280,16,0.011,1.1,0.15,TRUE,TRUE,100,10,"rangetie",288,"1",38.5776695148921,50.4117366585074,67.3516009701996,">",">",">","<","<","<"
0,0.8,0.4,0.2,70,140,280,0.5,0.011,1.1,0.15,TRUE,TRUE,100,10,"rangetie",289,"1",55.4997152461359,54.9691573172632,55.5431853558919,">",">",">","<","<","<"
0,0.8,0.4,0.2,70,140,280,1,0.011,1.1,0.15,TRUE,TRUE,100,10,"rangetie",290,"2",54.4677158455887,56.4222169847191,56.3963531983535,">",">",">","<","<","<"
0,0.8,0.4,0.2,70,140,280,2,0.011,1.1,0.15,TRUE,TRUE,100,10,"rangetie",291,"1",57.6985483618601,54.2100823761609,54.8981803755594,">",">",">","<",">","<"
0,0.8,0.4,0.2,70,140,280,4,0.011,1.1,0.15,TRUE,TRUE,100,10,"rangetie",292,"2",49.6521208524368,53.1147541541276,51.9333609391875,">",">",">","<","<","<"
0,0.8,0.4,0.2,70,140,280,8,0.011,1.1,0.15,TRUE,TRUE,100,10,"rangetie",293,"3",59.7041222054323,38.0011669887685,64.397236334373,">",">","<","<","<","<"
0,0.8,0.4,0.2,70,140,280,16,0.011,1.1,0.15,TRUE,TRUE,100,10,"rangetie",294,"1",74.3755102811749,59.694955607556,52.7900674525494,">",">",">","<","<","<"
0,0.8,0.4,0.2,70,140,280,0.5,0.011,1.1,0.15,TRUE,TRUE,100,10,"rangetie",295,"2",55.2313890872523,55.8033701452777,55.432706849267,">",">",">","<","<","<"
0,0.8,0.4,0.2,70,140,280,1,0.011,1.1,0.15,TRUE,TRUE,100,10,"rangetie",296,"2",56.7465390742575,56.9979025116811,55.8044239089539,">",">",">","<","<","<"
0,0.8,0.4,0.2,70,140,280,2,0.011,1.1,0.15,TRUE,TRUE,100,10,"rangetie",297,"2",57.2300939383842,57.2822640932874,55.2717050539036,">",">",">","<","<","="
0,0.8,0.4,0.2,70,140,280,4,0.011,1.1,0.15,TRUE,TRUE,100,10,"rangetie",298,"2",50.585031636433,57.5312578799043,54.5810612951398,">","<",">","<","<","<"
0,0.8,0.4,0.2,70,140,280,8,0.011,1.1,0.15,TRUE,TRUE,100,10,"rangetie",299,"1",62.8138008237577,53.0278526889651,57.3667596007736,">",">",">","<","<","<"
0,0.8,0.4,0.2,70,140,280,16,0.011,1.1,0.15,TRUE,TRUE,100,10,"rangetie",300,"1",66.6204072289549,37.7976243206209,64.169354445262,">",">",">","<","<","<"
0,0.8,0.4,0.2,70,140,280,0.5,0.011,1.1,0.15,TRUE,TRUE,100,10,"rangetie",301,"2",55.8809709090053,56.3796970262315,56.1346524519122,">","<",">","<","<","<"
0,0.8,0.4,0.2,70,140,280,1,0.011,1.1,0.15,TRUE,TRUE,100,10,"rangetie",302,"1",56.3125835947307,56.1915410726911,56.0268963847598,">",">",">",">","<","<"
0,0.8,0.4,0.2,70,140,280,2,0.011,1.1,0.15,TRUE,TRUE,100,10,"rangetie",303,"3",56.4296604233983,54.8365218926261,59.7225612295288,">",">",">","<","<","<"
0,0.8,0.4,0.2,70,140,280,4,0.011,1.1,0.15,TRUE,TRUE,100,10,"rangetie",304,"1",60.0202098975182,62.1236834833947,56.0599171115623,">",">",">","<","<","<"
0,0.8,0.4,0.2,70,140,280,8,0.011,1.1,0.15,TRUE,TRUE,100,10,"rangetie",305,"3",45.6457798282309,52.299667585373,62.6037442023629,">",">",">","<","<","<"
0,0.8,0.4,0.2,70,140,280,16,0.011,1.1,0.15,TRUE,TRUE,100,10,"rangetie",306,"1",68.309409579227,52.8822221019984,80.4801103751034,">",">",">","<","<","<"
0,0.8,0.4,0.2,70,140,280,0.5,0.011,1.1,0.15,TRUE,TRUE,100,10,"rangetie",307,"2",55.5022915708988,56.5799680265223,55.4446363571764,">",">",">","=","<","<"
0,0.8,0.4,0.2,70,140,280,1,0.011,1.1,0.15,TRUE,TRUE,100,10,"rangetie",308,"2",55.3595545511702,56.4792878128125,55.9595828802591,">",">",">","<","<","<"
0,0.8,0.4,0.2,70,140,280,2,0.011,1.1,0.15,TRUE,TRUE,100,10,"rangetie",309,"1",57.0400071114687,56.0966290278252,58.9147442945967,">",">",">","<","<","<"
0,0.8,0.4,0.2,70,140,280,4,0.011,1.1,0.15,TRUE,TRUE,100,10,"rangetie",310,"1",58.8787074842881,49.1409415887543,49.8172566425213,">",">",">","<","<","<"
0,0.8,0.4,0.2,70,140,280,8,0.011,1.1,0.15,TRUE,TRUE,100,10,"rangetie",311,"2",52.6896530431187,66.1896854768335,57.2240013032772,">",">",">","<","<","<"
0,0.8,0.4,0.2,70,140,280,16,0.011,1.1,0.15,TRUE,TRUE,100,10,"rangetie",312,"1",63.3778945550255,45.2176352051696,68.2254966261797,">",">",">","<","<","<"
0,0.8,0.4,0.2,70,140,280,0.5,0.011,1.1,0.15,TRUE,TRUE,100,10,"rangetie",313,"2",56.0321770869352,56.4608659695333,55.8185380284008,"<","<",">","<","<","<"
0,0.8,0.4,0.2,70,140,280,1,0.011,1.1,0.15,TRUE,TRUE,100,10,"rangetie",314,"3",54.6411729893995,55.4617141833233,56.2669099886495,">",">",">","<","<","<"
0,0.8,0.4,0.2,70,140,280,2,0.011,1.1,0.15,TRUE,TRUE,100,10,"rangetie",315,"3",52.6790330067516,57.9056679815422,58.0588980958382,">","<",">","<","<","<"
0,0.8,0.4,0.2,70,140,280,4,0.011,1.1,0.15,TRUE,TRUE,100,10,"rangetie",316,"1",63.1360262701733,56.7320024188394,57.1360404863412,"=",">",">","<","<","<"
0,0.8,0.4,0.2,70,140,280,8,0.011,1.1,0.15,TRUE,TRUE,100,10,"rangetie",317,"1",64.937201868055,54.5427056891713,51.835782508106,">",">",">","<","<","<"
0,0.8,0.4,0.2,70,140,280,16,0.011,1.1,0.15,TRUE,TRUE,100,10,"rangetie",318,"1",64.8345125966649,44.0401608189644,54.7378851445647,">",">",">","<","<","<"
0,0.8,0.4,0.2,70,140,280,0.5,0.011,1.1,0.15,TRUE,TRUE,100,10,"rangetie",319,"2",56.7047426306891,57.2939806657221,56.416269117936,">",">",">","<","<","<"
0,0.8,0.4,0.2,70,140,280,1,0.011,1.1,0.15,TRUE,TRUE,100,10,"rangetie",320,"1",56.3274213234645,56.3760953458416,55.8300830484261,">",">",">",">","<","<"
0,0.8,0.4,0.2,70,140,280,2,0.011,1.1,0.15,TRUE,TRUE,100,10,"rangetie",321,"1",56.5723534395724,52.599435981158,53.4896693985405,">",">",">","<","<","<"
0,0.8,0.4,0.2,70,140,280,4,0.011,1.1,0.15,TRUE,TRUE,100,10,"rangetie",322,"1",52.8075487890431,53.7621283054521,53.8267213096129,">",">",">",">","<","<"
0,0.8,0.4,0.2,70,140,280,8,0.011,1.1,0.15,TRUE,TRUE,100,10,"rangetie",323,"1",54.6912153237313,56.0028689057302,58.8088834158355,">",">",">","<","<","<"
0,0.8,0.4,0.2,70,140,280,16,0.011,1.1,0.15,TRUE,TRUE,100,10,"rangetie",324,"1",62.7199702217602,32.1429864594301,41.4203922017798,">",">",">","<","<","="
0,0.8,0.4,0.2,70,140,280,0.5,0.011,1.1,0.15,TRUE,TRUE,100,10,"rangetie",325,"3",56.4432107407723,55.7848830175499,56.8317393306318,">",">",">","<","<","<"
0,0.8,0.4,0.2,70,140,280,1,0.011,1.1,0.15,TRUE,TRUE,100,10,"rangetie",326,"3",55.9038704792005,55.4938531468277,57.4075455677624,">",">","=","<","<","<"
0,0.8,0.4,0.2,70,140,280,2,0.011,1.1,0.15,TRUE,TRUE,100,10,"rangetie",327,"2",53.5815995820731,56.2625475586855,53.6910829237038,">",">",">","<","<","<"
0,0.8,0.4,0.2,70,140,280,4,0.011,1.1,0.15,TRUE,TRUE,100,10,"rangetie",328,"3",44.9641666884724,55.9756480210172,59.3636684842192,">",">",">","<","<","<"
0,0.8,0.4,0.2,70,140,280,8,0.011,1.1,0.15,TRUE,TRUE,100,10,"rangetie",329,"1",65.108459515615,56.7081424553027,62.1169285021761,">",">",">","<","<","<"
0,0.8,0.4,0.2,70,140,280,16,0.011,1.1,0.15,TRUE,TRUE,100,10,"rangetie",330,"1",59.6789757298489,57.1987935717322,80.9640696851742,">",">",">","<","<","<"
0,0.8,0.4,0.2,70,140,280,0.5,0.011,1.1,0.15,TRUE,TRUE,100,10,"rangetie",331,"1",55.8625957814263,55.5459765372572,55.6264122890129,">",">",">","<","<","<"
0,0.8,0.4,0.2,70,140,280,1,0.011,1.1,0.15,TRUE,TRUE,100,10,"rangetie",332,"3",53.7913978065632,55.5999932286934,55.8883071340788,">",">",">","<",">","<"
0,0.8,0.4,0.2,70,140,280,2,0.011,1.1,0.15,TRUE,TRUE,100,10,"rangetie",333,"1",56.2151823406426,54.9900495495918,53.6054529820359,">",">",">","<","<","<"
0,0.8,0.4,0.2,70,140,280,4,0.011,1.1,0.15,TRUE,TRUE,100,10,"rangetie",334,"3",54.9218010811968,51.3547592390855,61.3549172124654,">","<",">","<","<","<"
0,0.8,0.4,0.2,70,140,280,8,0.011,1.1,0.15,TRUE,TRUE,100,10,"rangetie",335,"1",73.1058345468541,52.2492428686268,44.8719855820506,">",">",">","<","<","<"
0,0.8,0.4,0.2,70,140,280,16,0.011,1.1,0.15,TRUE,TRUE,100,10,"rangetie",336,"1",51.2010599541221,66.0115338023386,59.0933647738883,">",">",">","<","=","<"
0,0.8,0.4,0.2,70,140,280,0.5,0.011,1.1,0.15,TRUE,TRUE,100,10,"rangetie",337,"1",56.5215533990432,56.1452561299169,55.5699392089191,">","=","=","<","<","<"
0,0.8,0.4,0.2,70,140,280,1,0.011,1.1,0.15,TRUE,TRUE,100,10,"rangetie",338,"2",56.283910169936,57.4330333616795,56.4657494326268,">",">",">","<","<","<"
0,0.8,0.4,0.2,70,140,280,2,0.011,1.1,0.15,TRUE,TRUE,100,10,"rangetie",339,"2",55.0556019712288,56.2923863053986,58.2896098105668,"<",">",">","<","<","<"
0,0.8,0.4,0.2,70,140,280,4,0.011,1.1,0.15,TRUE,TRUE,100,10,"rangetie",340,"1",55.771481186352,55.1235119260477,57.401051970723,">",">",">","<","<","<"
0,0.8,0.4,0.2,70,140,280,8,0.011,1.1,0.15,TRUE,TRUE,100,10,"rangetie",341,"1",48.2357731365302,39.324760820031,51.2361805738189,">",">",">",">","<","<"
0,0.8,0.4,0.2,70,140,280,16,0.011,1.1,0.15,TRUE,TRUE,100,10,"rangetie",342,"2",25.8527422682576,65.0248665154998,19.6978202023512,">",">",">","<","<","<"
0,0.8,0.4,0.2,70,140,280,0.5,0.011,1.1,0.15,TRUE,TRUE,100,10,"rangetie",343,"1",56.2409507116408,56.1315840557955,55.098400847483,">",">",">","=","=","<"
0,0.8,0.4,0.2,70,140,280,1,0.011,1.1,0.15,TRUE,TRUE,100,10,"rangetie",344,"2",57.3139018341559,57.1319915901213,55.3104290636846,">",">",">","<","<","<"
0,0.8,0.4,0.2,70,140,280,2,0.011,1.1,0.15,TRUE,TRUE,100,10,"rangetie",345,"1",56.3155208721105,55.2481806296537,55.7954304494419,">",">",">","=","<","<"
0,0.8,0.4,0.2,70,140,280,4,0.011,1.1,0.15,TRUE,TRUE,100,10,"rangetie",346,"1",57.3763421208706,53.2840581206888,49.0018841084552,">",">",">","<","<","<"
0,0.8,0.4,0.2,70,140,280,8,0.011,1.1,0.15,TRUE,TRUE,100,10,"rangetie",347,"2",55.5933079016562,55.366740800063,60.6779991677896,"<",">",">","<","<","<"
0,0.8,0.4,0.2,70,140,280,16,0.011,1.1,0.15,TRUE,TRUE,100,10,"rangetie",348,"1",73.9201175462369,48.1063217810278,57.1451975932944,"=",">",">","<","<","<"
0,0.8,0.4,0.2,70,140,280,0.5,0.011,1.1,0.15,TRUE,TRUE,100,10,"rangetie",349,"3",55.8178710735768,55.3329508225211,56.2578576464576,">",">",">","<","<","<"
0,0.8,0.4,0.2,70,140,280,1,0.011,1.1,0.15,TRUE,TRUE,100,10,"rangetie",350,"1",56.2046321347405,54.740544229703,54.0917646577892,"<",">",">","<","<","<"
0,0.8,0.4,0.2,70,140,280,2,0.011,1.1,0.15,TRUE,TRUE,100,10,"rangetie",351,"1",57.9502723005174,57.5714273199019,56.1414950420999,">",">",">","<","=","<"
0,0.8,0.4,0.2,70,140,280,4,0.011,1.1,0.15,TRUE,TRUE,100,10,"rangetie",352,"1",61.0172901051721,50.0574804082214,57.8336258618077,">",">",">","<","<","<"
0,0.8,0.4,0.2,70,140,280,8,0.011,1.1,0.15,TRUE,TRUE,100,10,"rangetie",353,"1",57.8995850340464,60.5951217954361,59.7146129001556,">",">",">","<","<","<"
0,0.8,0.4,0.2,70,140,280,16,0.011,1.1,0.15,TRUE,TRUE,100,10,"rangetie",354,"1",75.644157060291,49.4940941898715,52.955910007396,">",">",">","<","<","<"
0,0.8,0.4,0.2,70,140,280,0.5,0.011,1.1,0.15,TRUE,TRUE,100,10,"rangetie",355,"2",55.1742712624141,56.2069905444214,55.8467565790728,">",">",">","<","<","<"
0,0.8,0.4,0.2,70,140,280,1,0.011,1.1,0.15,TRUE,TRUE,100,10,"rangetie",356,"1",56.7421227976161,56.5603719546035,54.9804068006726,">",">",">","<","<","<"
0,0.8,0.4,0.2,70,140,280,2,0.011,1.1,0.15,TRUE,TRUE,100,10,"rangetie",357,"2",54.4364925394599,55.8761823814344,54.9727379050432,">",">","=","<","<","<"
0,0.8,0.4,0.2,70,140,280,4,0.011,1.1,0.15,TRUE,TRUE,100,10,"rangetie",358,"2",58.6717511837481,65.537738332968,56.7344662840975,">",">",">","<","<","<"
0,0.8,0.4,0.2,70,140,280,8,0.011,1.1,0.15,TRUE,TRUE,100,10,"rangetie",359,"1",41.0183639915882,43.2215331841712,58.019343572429,">",">",">","<","<","<"
0,0.8,0.4,0.2,70,140,280,16,0.011,1.1,0.15,TRUE,TRUE,100,10,"rangetie",360,"1",58.6543959223589,63.2043779375657,39.4944898851068,">",">",">","<","<","="
0,0.8,0.4,0.2,70,140,280,0.5,0.011,1.1,0.15,TRUE,TRUE,100,10,"rangetie",361,"2",55.5472771350785,55.9430785255323,56.7116234110437,">",">",">","<","<",">"
0,0.8,0.4,0.2,70,140,280,1,0.011,1.1,0.15,TRUE,TRUE,100,10,"rangetie",362,"3",54.6593864623476,56.0768130347387,56.3880350434035,">",">",">","<","<","<"
0,0.8,0.4,0.2,70,140,280,2,0.011,1.1,0.15,TRUE,TRUE,100,10,"rangetie",363,"3",52.68956602169,55.8367000475534,55.2085981118076,">",">","<","<","<","<"
0,0.8,0.4,0.2,70,140,280,4,0.011,1.1,0.15,TRUE,TRUE,100,10,"rangetie",364,"3",50.0116912984999,56.4078446724485,54.9619326954288,">","<","=","<","<","<"
0,0.8,0.4,0.2,70,140,280,8,0.011,1.1,0.15,TRUE,TRUE,100,10,"rangetie",365,"3",52.2396338358608,50.6792746637867,61.6639665245457,">",">","<","<","<","<"
0,0.8,0.4,0.2,70,140,280,16,0.011,1.1,0.15,TRUE,TRUE,100,10,"rangetie",366,"1",70.7322269526727,64.2444793094674,57.5893790325691,">",">",">","<","<","<"
0,0.8,0.4,0.2,70,140,280,0.5,0.011,1.1,0.15,TRUE,TRUE,100,10,"rangetie",367,"1",56.165570466755,55.2419199824921,55.8506209532806,">",">",">","<","<","<"
0,0.8,0.4,0.2,70,140,280,1,0.011,1.1,0.15,TRUE,TRUE,100,10,"rangetie",368,"1",57.4225582055907,54.7567264498271,55.3272857464843,">",">",">","<","<","<"
0,0.8,0.4,0.2,70,140,280,2,0.011,1.1,0.15,TRUE,TRUE,100,10,"rangetie",369,"1",56.6204340112631,55.7786938586178,53.652081390375,">",">",">","<","<","<"
0,0.8,0.4,0.2,70,140,280,4,0.011,1.1,0.15,TRUE,TRUE,100,10,"rangetie",370,"1",59.9301956228461,50.8281410614094,59.2099117612987,">",">",">","<","<","<"
0,0.8,0.4,0.2,70,140,280,8,0.011,1.1,0.15,TRUE,TRUE,100,10,"rangetie",371,"2",51.8901688560355,51.3119991750626,59.2682813883121,"<",">",">","=","=","<"
0,0.8,0.4,0.2,70,140,280,16,0.011,1.1,0.15,TRUE,TRUE,100,10,"rangetie",372,"1",79.4706517003209,25.6998867995926,61.0838467137408,">",">",">","<","<","<"
0,0.8,0.4,0.2,70,140,280,0.5,0.011,1.1,0.15,TRUE,TRUE,100,10,"rangetie",373,"2",56.2820691594307,56.8700429253688,55.5724086523378,">",">",">","<","<","<"
0,0.8,0.4,0.2,70,140,280,1,0.011,1.1,0.15,TRUE,TRUE,100,10,"rangetie",374,"1",57.7405404760628,55.0859671335372,56.5017727353539,">",">",">","<","<","<"
0,0.8,0.4,0.2,70,140,280,2,0.011,1.1,0.15,TRUE,TRUE,100,10,"rangetie",375,"1",58.443299398493,56.6752152024997,55.4469670533622,">","=",">","<","<","<"
0,0.8,0.4,0.2,70,140,280,4,0.011,1.1,0.15,TRUE,TRUE,100,10,"rangetie",376,"1",55.4667402367683,52.5801033019914,55.7842291648375,">","<",">","<","<","<"
0,0.8,0.4,0.2,70,140,280,8,0.011,1.1,0.15,TRUE,TRUE,100,10,"rangetie",377,"1",47.4507979668049,65.6129424290032,49.7496598427465,">",">","=","<","<","<"
0,0.8,0.4,0.2,70,140,280,16,0.011,1.1,0.15,TRUE,TRUE,100,10,"rangetie",378,"1",57.8628552749592,38.5620278143968,51.9081926041488,">",">","<","<","<","<"
0,0.8,0.4,0.2,70,140,280,0.5,0.011,1.1,0.15,TRUE,TRUE,100,10,"rangetie",379,"3",55.8513803708851,55.6369240613334,56.4021063299981,">",">",">","<","<","<"
0,0.8,0.4,0.2,70,140,280,1,0.011,1.1,0.15,TRUE,TRUE,100,10,"rangetie",380,"3",55.6431819393957,55.5553478449488,56.0109148824205,">","=",">",">","<","<"
0,0.8,0.4,0.2,70,140,280,2,0.011,1.1,0.15,TRUE,TRUE,100,10,"rangetie",381,"2",53.5249182972261,57.7613275691604,54.3347801595321,">",">",">","<","<","<"
0,0.8,0.4,0.2,70,140,280,4,0.011,1.1,0.15,TRUE,TRUE,100,10,"rangetie",382,"2",48.9455552152826,58.3349177379467,52.8665468995532,">",">",">","<","<","<"
0,0.8,0.4,0.2,70,140,280,8,0.011,1.1,0.15,TRUE,TRUE,100,10,"rangetie",383,"2",56.3449333197541,51.4410488839052,60.1740617584319,"<",">",">","<","<","<"
0,0.8,0.4,0.2,70,140,280,16,0.011,1.1,0.15,TRUE,TRUE,100,10,"rangetie",384,"2",29.3639416273755,59.5458991021888,47.3030038709348,"=",">",">","<","<","<"
0,0.8,0.4,0.2,70,140,280,0.5,0.011,1.1,0.15,TRUE,TRUE,100,10,"rangetie",385,"1",56.7354774579846,55.5813573023776,56.2272859081587,"<",">",">","<",">","<"
0,0.8,0.4,0.2,70,140,280,1,0.011,1.1,0.15,TRUE,TRUE,100,10,"rangetie",386,"3",56.1057943230439,56.3708387653708,56.8599085459401,">",">",">","<","<","<"
0,0.8,0.4,0.2,70,140,280,2,0.011,1.1,0.15,TRUE,TRUE,100,10,"rangetie",387,"3",55.1607022393249,54.4337045832634,55.2797046696937,">",">",">","<","<","<"
0,0.8,0.4,0.2,70,140,280,4,0.011,1.1,0.15,TRUE,TRUE,100,10,"rangetie",388,"2",53.7509302614814,52.6590264481389,53.1600466079595,">","<",">","<","<","<"
0,0.8,0.4,0.2,70,140,280,8,0.011,1.1,0.15,TRUE,TRUE,100,10,"rangetie",389,"1",59.4085406430455,44.7604834402086,46.5830093869011,">",">",">","<","<","<"
0,0.8,0.4,0.2,70,140,280,16,0.011,1.1,0.15,TRUE,TRUE,100,10,"rangetie",390,"1",46.3383798847308,38.2630512609447,55.1551726816983,">",">",">","<","<","<"
0,0.8,0.4,0.2,70,140,280,0.5,0.011,1.1,0.15,TRUE,TRUE,100,10,"rangetie",391,"1",56.1563656334636,56.1332924417585,56.5721734655504,">",">",">",">","<","<"
0,0.8,0.4,0.2,70,140,280,1,0.011,1.1,0.15,TRUE,TRUE,100,10,"rangetie",392,"3",56.236352482862,52.5065286866203,57.2540393783977,">",">",">","=","<",">"
0,0.8,0.4,0.2,70,140,280,2,0.011,1.1,0.15,TRUE,TRUE,100,10,"rangetie",393,"2",53.8294031120836,55.6829346074596,55.0422522942069,">",">",">","<","<","<"
0,0.8,0.4,0.2,70,140,280,4,0.011,1.1,0.15,TRUE,TRUE,100,10,"rangetie",394,"1",55.9691008492951,55.2495230733287,51.3524424654703,">",">",">",">","<","<"
0,0.8,0.4,0.2,70,140,280,8,0.011,1.1,0.15,TRUE,TRUE,100,10,"rangetie",395,"1",50.6991615537624,47.7696514705597,56.3177640233179,">",">",">","<","<","<"
0,0.8,0.4,0.2,70,140,280,16,0.011,1.1,0.15,TRUE,TRUE,100,10,"rangetie",396,"1",51.3257883808179,68.0356576672839,55.3462714342183,">",">",">","<","<","<"
0,0.8,0.4,0.2,70,140,280,0.5,0.011,1.1,0.15,TRUE,TRUE,100,10,"rangetie",397,"3",56.7101464599776,55.4448105853476,56.8499936455547,"=","=","<","<","<","<"
0,0.8,0.4,0.2,70,140,280,1,0.011,1.1,0.15,TRUE,TRUE,100,10,"rangetie",398,"1",56.49755046949,53.7810772491209,56.3385463748216,">",">",">","<","<","<"
0,0.8,0.4,0.2,70,140,280,2,0.011,1.1,0.15,TRUE,TRUE,100,10,"rangetie",399,"1",59.676410269824,55.8661351930423,56.9149322387935,">",">",">","<","<","<"
0,0.8,0.4,0.2,70,140,280,4,0.011,1.1,0.15,TRUE,TRUE,100,10,"rangetie",400,"1",58.609498749868,53.1126694684383,57.8396159241396,">",">",">","<","<","<"
0,0.8,0.4,0.2,70,140,280,8,0.011,1.1,0.15,TRUE,TRUE,100,10,"rangetie",401,"1",70.2929524228398,58.7924083910206,48.5693804016986,">",">",">","<",">","<"
0,0.8,0.4,0.2,70,140,280,16,0.011,1.1,0.15,TRUE,TRUE,100,10,"rangetie",402,"2",50.7819116622315,67.481445936631,56.6744513739232,">","<",">",">","<","<"
0,0.8,0.4,0.2,70,140,280,0.5,0.011,1.1,0.15,TRUE,TRUE,100,10,"rangetie",403,"2",55.2894968707736,57.0535301238917,55.6728883257342,">",">",">","<","<","<"
0,0.8,0.4,0.2,70,140,280,1,0.011,1.1,0.15,TRUE,TRUE,100,10,"rangetie",404,"2",57.3524623916171,57.3593617712642,55.5555440914786,">",">",">","<","<","<"
0,0.8,0.4,0.2,70,140,280,2,0.011,1.1,0.15,TRUE,TRUE,100,10,"rangetie",405,"1",57.4214918559855,54.0950859531543,57.1257915102414,">",">",">","<","<","<"
0,0.8,0.4,0.2,70,140,280,4,0.011,1.1,0.15,TRUE,TRUE,100,10,"rangetie",406,"3",52.6648530741453,57.056016189176,61.0295329277271,">",">",">",">","<","<"
0,0.8,0.4,0.2,70,140,280,8,0.011,1.1,0.15,TRUE,TRUE,100,10,"rangetie",407,"1",60.1053652052812,62.6297769712135,44.0538825883337,">",">","<","<","<","<"
0,0.8,0.4,0.2,70,140,280,16,0.011,1.1,0.15,TRUE,TRUE,100,10,"rangetie",408,"1",55.8430561108975,73.9482198076507,55.8327337766584,">",">",">","<","<","<"
0,0.8,0.4,0.2,70,140,280,0.5,0.011,1.1,0.15,TRUE,TRUE,100,10,"rangetie",409,"2",56.570062981546,56.7023033441379,56.5350994231772,">",">",">","<","<","<"
0,0.8,0.4,0.2,70,140,280,1,0.011,1.1,0.15,TRUE,TRUE,100,10,"rangetie",410,"2",56.1904148610597,56.6236791941195,55.6673388083979,">","=",">","<","<","<"
0,0.8,0.4,0.2,70,140,280,2,0.011,1.1,0.15,TRUE,TRUE,100,10,"rangetie",411,"2",55.3621079056042,58.3998197423634,52.4726601295791,">",">",">",">","<","<"
0,0.8,0.4,0.2,70,140,280,4,0.011,1.1,0.15,TRUE,TRUE,100,10,"rangetie",412,"3",43.8148844553897,52.7054938370935,58.8380066508003,">",">","<","<","<","<"
0,0.8,0.4,0.2,70,140,280,8,0.011,1.1,0.15,TRUE,TRUE,100,10,"rangetie",413,"1",63.7588859017925,34.766417123212,54.5032194239839,">","<",">","<","<","<"
0,0.8,0.4,0.2,70,140,280,16,0.011,1.1,0.15,TRUE,TRUE,100,10,"rangetie",414,"1",53.6075396898178,21.5736997046755,66.7120280437001,"=",">",">","<","<","<"
0,0.8,0.4,0.2,70,140,280,0.5,0.011,1.1,0.15,TRUE,TRUE,100,10,"rangetie",415,"2",56.1817476000147,56.040145643401,55.1183612249086,"<",">",">","<","<","<"
0,0.8,0.4,0.2,70,140,280,1,0.011,1.1,0.15,TRUE,TRUE,100,10,"rangetie",416,"2",55.6243326852384,57.4341795818529,56.0564676977922,">",">",">","<","<","<"
0,0.8,0.4,0.2,70,140,280,2,0.011,1.1,0.15,TRUE,TRUE,100,10,"rangetie",417,"3",56.2758525493673,52.8243006338766,59.6735014599898,">",">",">","=","<","<"
0,0.8,0.4,0.2,70,140,280,4,0.011,1.1,0.15,TRUE,TRUE,100,10,"rangetie",418,"1",59.6322496585327,53.1447591376277,46.6972059452451,">","=",">","<","<","<"
0,0.8,0.4,0.2,70,140,280,8,0.011,1.1,0.15,TRUE,TRUE,100,10,"rangetie",419,"1",53.7018274189239,57.2324003291956,47.73434252707,">",">",">","<","<","<"
0,0.8,0.4,0.2,70,140,280,16,0.011,1.1,0.15,TRUE,TRUE,100,10,"rangetie",420,"1",56.977016593384,72.845263043633,89.081030960113,">",">",">","<","<","<"
0,0.8,0.4,0.2,70,140,280,0.5,0.011,1.1,0.15,TRUE,TRUE,100,10,"rangetie",421,"1",56.2920946667837,55.677665524636,55.8536122255757,">",">",">","<","<","<"
0,0.8,0.4,0.2,70,140,280,1,0.011,1.1,0.15,TRUE,TRUE,100,10,"rangetie",422,"3",56.5164682304664,55.4086857792544,56.7199747255227,">",">",">","<","<","<"
0,0.8,0.4,0.2,70,140,280,2,0.011,1.1,0.15,TRUE,TRUE,100,10,"rangetie",423,"2",55.0842131698546,56.3841707551551,53.6392490247425,">",">",">","<","<","<"
0,0.8,0.4,0.2,70,140,280,4,0.011,1.1,0.15,TRUE,TRUE,100,10,"rangetie",424,"1",59.7442967524102,56.9307635813293,55.7874539686792,">",">",">","<","<","<"
0,0.8,0.4,0.2,70,140,280,8,0.011,1.1,0.15,TRUE,TRUE,100,10,"rangetie",425,"1",80.5959617988467,45.6386573606418,49.4363249392472,"=",">","<","<","<","<"
0,0.8,0.4,0.2,70,140,280,16,0.011,1.1,0.15,TRUE,TRUE,100,10,"rangetie",426,"1",68.1260098928858,73.9454617139829,59.0543460727488,">",">",">","<","<","<"
0,0.8,0.4,0.2,70,140,280,0.5,0.011,1.1,0.15,TRUE,TRUE,100,10,"rangetie",427,"3",55.5732230373845,55.5405966204456,55.5569012167054,">",">",">","<","<","<"
0,0.8,0.4,0.2,70,140,280,1,0.011,1.1,0.15,TRUE,TRUE,100,10,"rangetie",428,"2",55.5675679207577,56.9108340733712,55.8592494524951,">",">",">","<","<",">"
0,0.8,0.4,0.2,70,140,280,2,0.011,1.1,0.15,TRUE,TRUE,100,10,"rangetie",429,"3",57.2564309876686,54.2457311563097,60.7451530824319,">",">",">","<","<","<"
0,0.8,0.4,0.2,70,140,280,4,0.011,1.1,0.15,TRUE,TRUE,100,10,"rangetie",430,"1",52.4628234766273,53.1152661570725,55.9586642214534,">",">",">",">","<","<"
0,0.8,0.4,0.2,70,140,280,8,0.011,1.1,0.15,TRUE,TRUE,100,10,"rangetie",431,"2",53.96482420173,66.5970475568744,55.778467493518,">",">",">","<","<","<"
0,0.8,0.4,0.2,70,140,280,16,0.011,1.1,0.15,TRUE,TRUE,100,10,"rangetie",432,"1",36.2957807532666,53.4064039867583,57.9728891852119,">",">","=","<","=",">"
0,0.8,0.4,0.2,70,140,280,0.5,0.011,1.1,0.15,TRUE,TRUE,100,10,"rangetie",433,"1",56.1603886623034,55.9829551676473,55.5882164539403,">",">",">","<","<","<"
0,0.8,0.4,0.2,70,140,280,1,0.011,1.1,0.15,TRUE,TRUE,100,10,"rangetie",434,"1",56.4314023564919,57.0257133793515,54.9123955528763,">",">",">","=","<",">"
0,0.8,0.4,0.2,70,140,280,2,0.011,1.1,0.15,TRUE,TRUE,100,10,"rangetie",435,"3",55.4455968941551,53.9638876925252,57.1458240294767,">",">",">","<","<","<"
0,0.8,0.4,0.2,70,140,280,4,0.011,1.1,0.15,TRUE,TRUE,100,10,"rangetie",436,"1",58.454952127568,55.104760332646,52.6539291548656,">",">",">","<","<","<"
0,0.8,0.4,0.2,70,140,280,8,0.011,1.1,0.15,TRUE,TRUE,100,10,"rangetie",437,"3",57.0500311929093,38.1705836672649,68.6566519579465,">",">",">","<","<","<"
0,0.8,0.4,0.2,70,140,280,16,0.011,1.1,0.15,TRUE,TRUE,100,10,"rangetie",438,"1",73.018034862219,54.7538919353391,49.9226176986826,">",">",">",">","<","<"
0,0.8,0.4,0.2,70,140,280,0.5,0.011,1.1,0.15,TRUE,TRUE,100,10,"rangetie",439,"1",56.7950541766551,56.7791681985754,55.3893310403121,">",">",">","<","<","<"
0,0.8,0.4,0.2,70,140,280,1,0.011,1.1,0.15,TRUE,TRUE,100,10,"rangetie",440,"3",55.4968699868188,55.0647352923917,56.74764529236,"<",">",">","<","<","<"
0,0.8,0.4,0.2,70,140,280,2,0.011,1.1,0.15,TRUE,TRUE,100,10,"rangetie",441,"1",56.1566033471179,52.7184968999661,53.573715749167,">",">",">","<","<","<"
0,0.8,0.4,0.2,70,140,280,4,0.011,1.1,0.15,TRUE,TRUE,100,10,"rangetie",442,"1",61.1788982197825,62.8069730899815,55.8259616996629,">",">","<","<","=","<"
0,0.8,0.4,0.2,70,140,280,8,0.011,1.1,0.15,TRUE,TRUE,100,10,"rangetie",443,"1",56.5850232054595,49.4859730259622,50.0326756896981,">",">",">",">","<","<"
0,0.8,0.4,0.2,70,140,280,16,0.011,1.1,0.15,TRUE,TRUE,100,10,"rangetie",444,"1",57.6772268402859,59.4831655411443,31.2095275544064,">",">",">","<","<","<"
0,0.8,0.4,0.2,70,140,280,0.5,0.011,1.1,0.15,TRUE,TRUE,100,10,"rangetie",445,"1",56.4154926492352,55.1365485867399,55.7431550977033,">",">",">","<",">","<"
0,0.8,0.4,0.2,70,140,280,1,0.011,1.1,0.15,TRUE,TRUE,100,10,"rangetie",446,"2",54.9735739693553,57.1253546825161,55.7744430009168,">",">",">","<","<","<"
0,0.8,0.4,0.2,70,140,280,2,0.011,1.1,0.15,TRUE,TRUE,100,10,"rangetie",447,"1",58.8841598488424,54.9232570522312,56.8764901509023,">",">",">","<","<","<"
0,0.8,0.4,0.2,70,140,280,4,0.011,1.1,0.15,TRUE,TRUE,100,10,"rangetie",448,"1",58.6194943771905,53.7307663112653,51.97793395566,">",">",">","<","<","="
0,0.8,0.4,0.2,70,140,280,8,0.011,1.1,0.15,TRUE,TRUE,100,10,"rangetie",449,"3",44.509355549681,56.9794587137465,60.0170755711972,">",">",">","<","<","<"
0,0.8,0.4,0.2,70,140,280,16,0.011,1.1,0.15,TRUE,TRUE,100,10,"rangetie",450,"2",49.9009637331668,79.4411886146782,45.3710672874865,">",">",">",">","<","<"
