"attributeA_option1","attributeA_option2","attributeA_option3","attributeB_option1","attributeB_option2","attributeB_option3","ppntid","Aweight","Bweight","toleranceA","toleranceB","calcsd","orderr","value1","value2","value3","rowname","choice","oraclechoice"
2.93739611981437,2.77374957920983,8.13574214931577,2.60427771368995,7.24405892658979,9.06092151300982,0,1,2.92900152504444,3,3,0.5,0.1,10.5653295148515,23.9916092227031,34.6751950792295,1,3,3
2.93739611981437,2.77374957920983,8.13574214931577,2.60427771368995,7.24405892658979,9.06092151300982,1,1,0.0447289785370231,3,3,0.5,0.1,3.05388280177445,3.0977689354582,8.54102791319684,2,3,3
2.93739611981437,2.77374957920983,8.13574214931577,2.60427771368995,7.24405892658979,9.06092151300982,2,1,1.46869805990718,3,3,0.5,0.1,6.76229374537031,13.4130848705456,21.4434999964446,3,3,3
2.93739611981437,2.77374957920983,8.13574214931577,2.60427771368995,7.24405892658979,9.06092151300982,3,1,1.38687478960492,3,3,0.5,0.1,6.54920322606089,12.8203522789097,20.7021057662979,4,3,3
2.93739611981437,2.77374957920983,8.13574214931577,2.60427771368995,7.24405892658979,9.06092151300982,4,1,4.06787107465789,3,3,0.5,0.1,13.5312621017099,32.2416473498017,44.9944026818338,5,3,3
2.93739611981437,2.77374957920983,8.13574214931577,2.60427771368995,7.24405892658979,9.06092151300982,5,1,1.30213885684498,3,3,0.5,0.1,6.32852732482545,12.2065201887971,19.9343201302284,6,3,3
2.93739611981437,2.77374957920983,8.13574214931577,2.60427771368995,7.24405892658979,9.06092151300982,6,1,3.62202946329489,3,3,0.5,0.1,12.3701667294016,29.0119444451624,40.9546668340399,7,3,3
2.93739611981437,2.77374957920983,8.13574214931577,2.60427771368995,7.24405892658979,9.06092151300982,7,1,4.53046075650491,3,3,0.5,0.1,14.735974100727,35.5926742639339,49.1858914817778,8,3,3
2.93739611981437,2.77374957920983,8.13574214931577,2.60427771368995,7.24405892658979,9.06092151300982,8,1,4.74520110525191,3,3,0.5,0.1,15.2952176051988,37.1482660041736,51.1316369274507,9,3,3
2.93739611981437,2.77374957920983,8.13574214931577,2.60427771368995,7.24405892658979,9.06092151300982,9,1,0.365722347050905,3,3,0.5,0.1,3.88983867763742,5.42306381201731,11.4495236314978,10,3,3
9.49040221050382,0.73144469410181,7.54675026983023,2.8600062080659,1.00053521571681,9.5406877505593,0,1,2.92900152504444,3,3,0.5,0.1,17.8673647555654,3.66201386679701,35.4914392411912,11,3,3
9.49040221050382,0.73144469410181,7.54675026983023,2.8600062080659,1.00053521571681,9.5406877505593,1,1,0.0447289785370231,3,3,0.5,0.1,9.61832736680015,0.776197612291143,7.97349548745343,12,1,1
9.49040221050382,0.73144469410181,7.54675026983023,2.8600062080659,1.00053521571681,9.5406877505593,2,1,1.46869805990718,3,3,0.5,0.1,13.6908877796127,2.2009288242939,21.5591398592569,13,3,3
9.49040221050382,0.73144469410181,7.54675026983023,2.8600062080659,1.00053521571681,9.5406877505593,3,1,1.38687478960492,3,3,0.5,0.1,13.456872718584,2.11906176089137,20.7784895865734,14,3,3
9.49040221050382,0.73144469410181,7.54675026983023,2.8600062080659,1.00053521571681,9.5406877505593,4,1,4.06787107465789,3,3,0.5,0.1,21.1245387376371,4.80149295729281,46.3570380026732,15,3,3
9.49040221050382,0.73144469410181,7.54675026983023,2.8600062080659,1.00053521571681,9.5406877505593,5,1,1.30213885684498,3,3,0.5,0.1,13.2145274248443,2.03428047612844,19.9700505108584,16,3,3
9.49040221050382,0.73144469410181,7.54675026983023,2.8600062080659,1.00053521571681,9.5406877505593,6,1,3.62202946329489,3,3,0.5,0.1,19.8494289613248,4.3554127244922,42.1034024024527,17,3,3
9.49040221050382,0.73144469410181,7.54675026983023,2.8600062080659,1.00053521571681,9.5406877505593,7,1,4.53046075650491,3,3,0.5,0.1,22.4475480995068,5.26433022440799,50.7704617138062,18,3,3
9.49040221050382,0.73144469410181,7.54675026983023,2.8600062080659,1.00053521571681,9.5406877505593,8,1,4.74520110525191,3,3,0.5,0.1,23.0617068300454,5.47918550556467,52.8192323286476,19,3,3
9.49040221050382,0.73144469410181,7.54675026983023,2.8600062080659,1.00053521571681,9.5406877505593,9,1,0.365722347050905,3,3,0.5,0.1,10.5363703934978,1.09736278150085,11.0359929864446,20,3,3
4.15607118513435,4.55102417618036,9.71055655973032,5.83987979684025,9.6220462443307,7.6170240319334,0,1,2.92900152504444,3,3,0.5,0.1,21.2610880161557,32.7340122998731,32.0208315655634,21,2,2
4.15607118513435,4.55102417618036,9.71055655973032,5.83987979684025,9.6220462443307,7.6170240319334,1,1,0.0447289785370231,3,3,0.5,0.1,4.41728304322601,4.98140847612527,10.0512582641707,22,3,3
4.15607118513435,4.55102417618036,9.71055655973032,5.83987979684025,9.6220462443307,7.6170240319334,2,1,1.46869805990718,3,3,0.5,0.1,12.7330913128448,18.6829048275661,20.8976649776973,23,3,3
4.15607118513435,4.55102417618036,9.71055655973032,5.83987979684025,9.6220462443307,7.6170240319334,3,1,1.38687478960492,3,3,0.5,0.1,12.2552532496952,17.8955975368553,20.2744151614335,24,2,3
4.15607118513435,4.55102417618036,9.71055655973032,5.83987979684025,9.6220462443307,7.6170240319334,4,1,4.06787107465789,3,3,0.5,0.1,27.9119492901798,43.6922677725138,40.6956282942062,25,2,2
4.15607118513435,4.55102417618036,9.71055655973032,5.83987979684025,9.6220462443307,7.6170240319334,5,1,1.30213885684498,3,3,0.5,0.1,11.760405587904,17.0802644732826,19.6289795252328,26,3,3
4.15607118513435,4.55102417618036,9.71055655973032,5.83987979684025,9.6220462443307,7.6170240319334,6,1,3.62202946329489,3,3,0.5,0.1,25.3082878713903,39.4023591703321,37.2996420260183,27,2,2
4.15607118513435,4.55102417618036,9.71055655973032,5.83987979684025,9.6220462443307,7.6170240319334,7,1,4.53046075650491,3,3,0.5,0.1,30.613417427425,48.1433270833961,44.2191850177594,28,2,2
4.15607118513435,4.55102417618036,9.71055655973032,5.83987979684025,9.6220462443307,7.6170240319334,8,1,4.74520110525191,3,3,0.5,0.1,31.867475251639,50.2095686495634,45.854867414791,29,3,2
4.15607118513435,4.55102417618036,9.71055655973032,5.83987979684025,9.6220462443307,7.6170240319334,9,1,0.365722347050905,3,3,0.5,0.1,6.29184573092993,8.07002151208934,12.4962724662322,30,3,3
7.14508535340428,9.96612856863067,5.06270894315094,4.8994323820807,6.49161368608475,8.3080641226843,0,1,2.92900152504444,3,3,0.5,0.1,21.4955302723708,28.9800749551723,29.3970414286603,31,3,3
7.14508535340428,9.96612856863067,5.06270894315094,4.8994323820807,6.49161368608475,8.3080641226843,1,1,0.0447289785370231,3,3,0.5,0.1,7.36423195926597,10.2564918178662,5.4343201649787,32,2,2
7.14508535340428,9.96612856863067,5.06270894315094,4.8994323820807,6.49161368608475,8.3080641226843,2,1,1.46869805990718,3,3,0.5,0.1,14.3408721876126,19.5003489950503,17.2647466017218,33,2,2
7.14508535340428,9.96612856863067,5.06270894315094,4.8994323820807,6.49161368608475,8.3080641226843,3,1,1.38687478960492,3,3,0.5,0.1,13.939984607486,18.9691839337159,16.5849536253229,34,2,2
7.14508535340428,9.96612856863067,5.06270894315094,4.8994323820807,6.49161368608475,8.3080641226843,4,1,4.06787107465789,3,3,0.5,0.1,27.0753446227126,36.3731761101081,38.8588426742214,35,3,3
7.14508535340428,9.96612856863067,5.06270894315094,4.8994323820807,6.49161368608475,8.3080641226843,5,1,1.30213885684498,3,3,0.5,0.1,13.5248266345961,18.4191109929083,15.8809620624578,36,2,2
7.14508535340428,9.96612856863067,5.06270894315094,4.8994323820807,6.49161368608475,8.3080641226843,6,1,3.62202946329489,3,3,0.5,0.1,24.8909737947217,33.478944603958,35.1547619784567,37,3,3
7.14508535340428,9.96612856863067,5.06270894315094,4.8994323820807,6.49161368608475,8.3080641226843,7,1,4.53046075650491,3,3,0.5,0.1,29.3417714895703,39.3761296198278,42.7020674134985,38,3,3
7.14508535340428,9.96612856863067,5.06270894315094,4.8994323820807,6.49161368608475,8.3080641226843,8,1,4.74520110525191,3,3,0.5,0.1,30.3938773079606,40.7701410067084,44.4861440006162,39,2,3
7.14508535340428,9.96612856863067,5.06270894315094,4.8994323820807,6.49161368608475,8.3080641226843,9,1,0.365722347050905,3,3,0.5,0.1,8.93691726339605,12.3402567620534,8.10115365354846,40,2,2
4.8199900239706,8.41746223624796,5.13701735064387,5.29777535470203,5.67112212534994,2.389488783665,0,1,2.92900152504444,3,3,0.5,0.1,20.3371821172357,25.0281875901112,12.1358336420752,41,2,2
4.8199900239706,8.41746223624796,5.13701735064387,5.29777535470203,5.67112212534994,2.389488783665,1,1,0.0447289785370231,3,3,0.5,0.1,5.05695410410504,8.67112573607357,5.24389674316288,42,2,2
4.8199900239706,8.41746223624796,5.13701735064387,5.29777535470203,5.67112212534994,2.389488783665,2,1,1.46869805990718,3,3,0.5,0.1,12.6008224092456,16.7466282992461,8.64645489138264,43,2,2
4.8199900239706,8.41746223624796,5.13701735064387,5.29777535470203,5.67112212534994,2.389488783665,3,1,1.38687478960492,3,3,0.5,0.1,12.1673411043971,16.2825985406664,8.45093910475258,44,2,2
4.8199900239706,8.41746223624796,5.13701735064387,5.29777535470203,5.67112212534994,2.389488783665,4,1,4.06787107465789,3,3,0.5,0.1,26.3706571493984,31.4868558908113,14.8571496569342,45,2,2
4.8199900239706,8.41746223624796,5.13701735064387,5.29777535470203,5.67112212534994,2.389488783665,5,1,1.30213885684498,3,3,0.5,0.1,11.7184291681638,15.8020507175794,8.24846354384931,46,2,2
4.8199900239706,8.41746223624796,5.13701735064387,5.29777535470203,5.67112212534994,2.389488783665,6,1,3.62202946329489,3,3,0.5,0.1,24.0086884486189,28.958433664209,13.7918161272912,47,2,2
4.8199900239706,8.41746223624796,5.13701735064387,5.29777535470203,5.67112212534994,2.389488783665,7,1,4.53046075650491,3,3,0.5,0.1,28.821353365227,34.1102584704926,15.9625025131468,48,2,2
4.8199900239706,8.41746223624796,5.13701735064387,5.29777535470203,5.67112212534994,2.389488783665,8,1,4.74520110525191,3,3,0.5,0.1,29.958999492479,35.328077213477,16.4756221678781,49,1,2
4.8199900239706,8.41746223624796,5.13701735064387,5.29777535470203,5.67112212534994,2.389488783665,9,1,0.365722347050905,3,3,0.5,0.1,6.75750486084067,10.4915183303433,6.01090679685765,50,2,2
8.77995934104547,6.54522017110139,4.82370894635096,9.71029797103256,4.60025910520926,6.2205648701638,0,1,2.92900152504444,3,3,0.5,0.1,37.2214369068358,20.0193861058589,23.0437529376986,51,1,1
8.77995934104547,6.54522017110139,4.82370894635096,9.71029797103256,4.60025910520926,6.2205648701638,1,1,0.0447289785370231,3,3,0.5,0.1,9.21429105057988,6.75098506188304,5.10194845891668,52,1,1
8.77995934104547,6.54522017110139,4.82370894635096,9.71029797103256,4.60025910520926,6.2205648701638,2,1,1.46869805990718,3,3,0.5,0.1,23.0414551322216,13.3016117939926,13.9598405026873,53,1,1
8.77995934104547,6.54522017110139,4.82370894635096,9.71029797103256,4.60025910520926,6.2205648701638,3,1,1.38687478960492,3,3,0.5,0.1,22.2469267966223,12.9252035497666,13.4508535418831,54,1,1
8.77995934104547,6.54522017110139,4.82370894635096,9.71029797103256,4.60025910520926,6.2205648701638,4,1,4.06787107465789,3,3,0.5,0.1,48.280199583718,25.2584811211137,30.1281648497233,55,1,1
8.77995934104547,6.54522017110139,4.82370894635096,9.71029797103256,4.60025910520926,6.2205648701638,5,1,1.30213885684498,3,3,0.5,0.1,21.4241156406699,12.5353963035493,12.9237481753161,56,1,1
8.77995934104547,6.54522017110139,4.82370894635096,9.71029797103256,4.60025910520926,6.2205648701638,6,1,3.62202946329489,3,3,0.5,0.1,43.950944689498,23.2074941889599,27.3547781844214,57,1,1
8.77995934104547,6.54522017110139,4.82370894635096,9.71029797103256,4.60025910520926,6.2205648701638,7,1,4.53046075650491,3,3,0.5,0.1,52.7720832327777,27.3865135170063,33.0057339739211,58,1,1
8.77995934104547,6.54522017110139,4.82370894635096,9.71029797103256,4.60025910520926,6.2205648701638,8,1,4.74520110525191,3,3,0.5,0.1,54.8572760055145,28.3743747615855,34.3415402435434,59,1,1
8.77995934104547,6.54522017110139,4.82370894635096,9.71029797103256,4.60025910520926,6.2205648701638,9,1,0.365722347050905,3,3,0.5,0.1,12.3312323055751,8.22763772810082,7.09870853064968,60,1,1
3.88418034650385,0.0659272680059075,9.38319087261334,2.42171092424542,5.65594530198723,1.80899103172123,0,1,2.92900152504444,3,3,0.5,0.1,10.9773753368355,16.6321996830944,14.6817283633166,61,3,2
3.88418034650385,0.0659272680059075,9.38319087261334,2.42171092424542,5.65594530198723,1.80899103172123,1,1,0.0447289785370231,3,3,0.5,0.1,3.9925010024573,0.318911924025071,9.46410519364487,62,3,3
3.88418034650385,0.0659272680059075,9.38319087261334,2.42171092424542,5.65594530198723,1.80899103172123,2,1,1.46869805990718,3,3,0.5,0.1,7.44094248259913,8.3728031599757,12.0400524912918,63,3,3
3.88418034650385,0.0659272680059075,9.38319087261334,2.42171092424542,5.65594530198723,1.80899103172123,3,1,1.38687478960492,3,3,0.5,0.1,7.24279017505065,7.91001521871637,11.8920349291289,64,3,3
3.88418034650385,0.0659272680059075,9.38319087261334,2.42171092424542,5.65594530198723,1.80899103172123,4,1,4.06787107465789,3,3,0.5,0.1,13.7353881664248,23.0735835618069,16.7419331648677,65,2,2
3.88418034650385,0.0659272680059075,9.38319087261334,2.42171092424542,5.65594530198723,1.80899103172123,5,1,1.30213885684498,3,3,0.5,0.1,7.03758424100977,7.43075341791328,11.7387483867016,66,3,3
3.88418034650385,0.0659272680059075,9.38319087261334,2.42171092424542,5.65594530198723,1.80899103172123,6,1,3.62202946329489,3,3,0.5,0.1,12.6556886657039,20.551927794588,15.9354096883439,67,2,2
3.88418034650385,0.0659272680059075,9.38319087261334,2.42171092424542,5.65594530198723,1.80899103172123,7,1,4.53046075650491,3,3,0.5,0.1,14.8556466523969,25.6899654995974,17.5787537506957,68,2,2
3.88418034650385,0.0659272680059075,9.38319087261334,2.42171092424542,5.65594530198723,1.80899103172123,8,1,4.74520110525191,3,3,0.5,0.1,15.3756857008338,26.9045251662401,17.9672171157277,69,2,2
3.88418034650385,0.0659272680059075,9.38319087261334,2.42171092424542,5.65594530198723,1.80899103172123,9,1,0.365722347050905,3,3,0.5,0.1,4.7698541495977,2.13443285864022,10.0447793185285,70,3,3
9.04499290045351,0.842913051601499,9.01171715464443,8.91611465718597,7.23374933004379,5.64809889299795,0,1,2.92900152504444,3,3,0.5,0.1,35.1603063288223,22.030575871089,25.5550074258372,71,1,1
9.04499290045351,0.842913051601499,9.01171715464443,8.91611465718597,7.23374933004379,5.64809889299795,1,1,0.0447289785370231,3,3,0.5,0.1,9.44380160158842,1.16647127012723,9.26435084880432,72,1,1
9.04499290045351,0.842913051601499,9.01171715464443,8.91611465718597,7.23374933004379,5.64809889299795,2,1,1.46869805990718,3,3,0.5,0.1,22.1400731993725,11.4671066584917,17.3070690409544,73,1,1
9.04499290045351,0.842913051601499,9.01171715464443,8.91611465718597,7.23374933004379,5.64809889299795,3,1,1.38687478960492,3,3,0.5,0.1,21.4105275397316,10.8752176317607,16.8449231185387,74,1,1
9.04499290045351,0.842913051601499,9.01171715464443,8.91611465718597,7.23374933004379,5.64809889299795,4,1,4.06787107465789,3,3,0.5,0.1,45.3145978127535,30.2688727126125,31.987455268278,75,1,1
9.04499290045351,0.842913051601499,9.01171715464443,8.91611465718597,7.23374933004379,5.64809889299795,5,1,1.30213885684498,3,3,0.5,0.1,20.6550122476604,10.2622591349278,16.3663261905202,76,1,1
9.04499290045351,0.842913051601499,9.01171715464443,8.91611465718597,7.23374933004379,5.64809889299795,6,1,3.62202946329489,3,3,0.5,0.1,41.3394228868965,27.0437662551098,29.4692977566863,77,1,1
9.04499290045351,0.842913051601499,9.01171715464443,8.91611465718597,7.23374933004379,5.64809889299795,7,1,4.53046075650491,3,3,0.5,0.1,49.4391004553328,33.6151305137586,34.6002075382305,78,1,1
9.04499290045351,0.842913051601499,9.01171715464443,8.91611465718597,7.23374933004379,5.64809889299795,8,1,4.74520110525191,3,3,0.5,0.1,51.3537500262851,35.1685083676406,35.8130822642704,79,1,1
9.04499290045351,0.842913051601499,9.01171715464443,8.91611465718597,7.23374933004379,5.64809889299795,9,1,0.365722347050905,3,3,0.5,0.1,12.3058152794545,3.48845683456303,11.0773531381673,80,1,1
3.88609998160973,7.459288504906,8.95420984365046,8.0907674995251,8.18546326132491,4.21199968550354,0,1,2.92900152504444,3,3,0.5,0.1,27.5839703264988,31.4345228805219,21.291163345977,81,2,2
3.88609998160973,7.459288504906,8.95420984365046,8.0907674995251,8.18546326132491,4.21199968550354,1,1,0.0447289785370231,3,3,0.5,0.1,4.24799174744403,7.82541591543739,9.1426082871813,82,3,3
3.88609998160973,7.459288504906,8.95420984365046,8.0907674995251,8.18546326132491,4.21199968550354,2,1,1.46869805990718,3,3,0.5,0.1,15.7689945113223,19.4812625162554,15.1403656100792,83,3,2
3.88609998160973,7.459288504906,8.95420984365046,8.0907674995251,8.18546326132491,4.21199968550354,3,1,1.38687478960492,3,3,0.5,0.1,15.1069814552559,18.8115011432748,14.7957260212992,84,3,2
3.88609998160973,7.459288504906,8.95420984365046,8.0907674995251,8.18546326132491,4.21199968550354,4,1,4.06787107465789,3,3,0.5,0.1,36.79829906471,40.7566977383244,26.0880815307784,85,2,2
3.88609998160973,7.459288504906,8.95420984365046,8.0907674995251,8.18546326132491,4.21199968550354,5,1,1.30213885684498,3,3,0.5,0.1,14.4214027244398,18.1178982787542,14.4388182991634,86,2,2
3.88609998160973,7.459288504906,8.95420984365046,8.0907674995251,8.18546326132491,4.21199968550354,6,1,3.62202946329489,3,3,0.5,0.1,33.1910982455584,37.1072776081427,24.2101968039331,87,2,2
3.88609998160973,7.459288504906,8.95420984365046,8.0907674995251,8.18546326132491,4.21199968550354,7,1,4.53046075650491,3,3,0.5,0.1,40.5410046282135,44.5432085841512,28.0365091252353,88,2,2
3.88609998160973,7.459288504906,8.95420984365046,8.0907674995251,8.18546326132491,4.21199968550354,8,1,4.74520110525191,3,3,0.5,0.1,42.2784188626925,46.3009578195439,28.9409954066226,89,2,2
3.88609998160973,7.459288504906,8.95420984365046,8.0907674995251,8.18546326132491,4.21199968550354,9,1,0.365722347050905,3,3,0.5,0.1,6.84507446097924,10.4528953405367,10.4946322544105,90,3,3
1.76696498412639,1.73786558909342,8.92545744543895,7.43334062164649,5.60983883915469,0.712338301818818,0,1,2.92900152504444,3,3,0.5,0.1,23.5392310011038,18.169092104231,11.0118974178138,91,1,1
1.76696498412639,1.73786558909342,8.92545744543895,7.43334062164649,5.60983883915469,0.712338301818818,1,1,0.0447289785370231,3,3,0.5,0.1,2.0994507172504,1.98878795012613,8.9573196100521,92,3,3
1.76696498412639,1.73786558909342,8.92545744543895,7.43334062164649,5.60983883915469,0.712338301818818,2,1,1.46869805990718,3,3,0.5,0.1,12.6842979337678,9.97702500855188,9.97166732731783,93,1,1
1.76696498412639,1.73786558909342,8.92545744543895,7.43334062164649,5.60983883915469,0.712338301818818,3,1,1.38687478960492,3,3,0.5,0.1,12.0760776948341,9.51800964886357,9.91338147790145,94,1,1
1.76696498412639,1.73786558909342,8.92545744543895,7.43334062164649,5.60983883915469,0.712338301818818,4,1,4.06787107465789,3,3,0.5,0.1,32.0048362870016,24.5579667363832,11.8231578187786,95,1,1
1.76696498412639,1.73786558909342,8.92545744543895,7.43334062164649,5.60983883915469,0.712338301818818,5,1,1.30213885684498,3,3,0.5,0.1,11.4462066437365,9.04265472219486,9.8530208274562,96,3,1
1.76696498412639,1.73786558909342,8.92545744543895,7.43334062164649,5.60983883915469,0.712338301818818,6,1,3.62202946329489,3,3,0.5,0.1,28.6907437264368,22.0568671488477,11.5055677624602,97,1,1
1.76696498412639,1.73786558909342,8.92545744543895,7.43334062164649,5.60983883915469,0.712338301818818,7,1,4.53046075650491,3,3,0.5,0.1,35.4434229602296,27.1530203002008,12.1526781671845,98,1,1
1.76696498412639,1.73786558909342,8.92545744543895,7.43334062164649,5.60983883915469,0.712338301818818,8,1,4.74520110525191,3,3,0.5,0.1,37.0396611176772,28.3576790489353,12.3056459425429,99,1,1
1.76696498412639,1.73786558909342,8.92545744543895,7.43334062164649,5.60983883915469,0.712338301818818,9,1,0.365722347050905,3,3,0.5,0.1,4.48550376270378,3.7895090159264,9.18597548107438,100,3,3
8.53584753349423,9.13710964843631,2.25361202843487,6.28560133045539,0.691449935548007,5.14853976666927,0,1,2.92900152504444,3,3,0.5,0.1,26.9463834162194,11.1623675641483,17.3336928567611,101,1,1
8.53584753349423,9.13710964843631,2.25361202843487,6.28560133045539,0.691449935548007,5.14853976666927,1,1,0.0447289785370231,3,3,0.5,0.1,8.81699606049646,9.16803749776286,2.48390095315523,102,2,2
8.53584753349423,9.13710964843631,2.25361202843487,6.28560133045539,0.691449935548007,5.14853976666927,2,1,1.46869805990718,3,3,0.5,0.1,17.7674980128841,10.1526408272986,9.81526239509702,103,1,1
8.53584753349423,9.13710964843631,2.25361202843487,6.28560133045539,0.691449935548007,5.14853976666927,3,1,1.38687478960492,3,3,0.5,0.1,17.2531895562099,10.0960641323218,9.39399203410687,104,1,1
8.53584753349423,9.13710964843631,2.25361202843487,6.28560133045539,0.691449935548007,5.14853976666927,4,1,4.06787107465789,3,3,0.5,0.1,34.1048633724849,11.9498388408261,23.1972080219947,105,1,1
8.53584753349423,9.13710964843631,2.25361202843487,6.28560133045539,0.691449935548007,5.14853976666927,5,1,1.30213885684498,3,3,0.5,0.1,16.7205732645167,10.0374734770763,8.9577257146265,106,1,1
8.53584753349423,9.13710964843631,2.25361202843487,6.28560133045539,0.691449935548007,5.14853976666927,6,1,3.62202946329489,3,3,0.5,0.1,31.3024807469292,11.6415616873845,20.9017747562564,107,1,1
8.53584753349423,9.13710964843631,2.25361202843487,6.28560133045539,0.691449935548007,5.14853976666927,7,1,4.53046075650491,3,3,0.5,0.1,37.0125176921574,12.2696964465244,25.578869394635,108,1,1
8.53584753349423,9.13710964843631,2.25361202843487,6.28560133045539,0.691449935548007,5.14853976666927,8,1,4.74520110525191,3,3,0.5,0.1,38.362289913944,12.4181786468251,26.6844686196673,109,1,1
8.53584753349423,9.13710964843631,2.25361202843487,6.28560133045539,0.691449935548007,5.14853976666927,9,1,0.365722347050905,3,3,0.5,0.1,10.8346324046947,9.38998834173312,4.13654807578608,110,2,1
8.05417287861928,9.71789465518668,3.42915244866163,6.3136344240047,4.10054257372394,3.45694060437381,0,1,2.92900152504444,3,3,0.5,0.1,26.5468177351021,21.7283901071338,13.5545367508606,111,1,1
8.05417287861928,9.71789465518668,3.42915244866163,6.3136344240047,4.10054257372394,3.45694060437381,1,1,0.0447289785370231,3,3,0.5,0.1,8.3365752972612,9.90130773595693,3.58377787075843,112,2,2
8.05417287861928,9.71789465518668,3.42915244866163,6.3136344240047,4.10054257372394,3.45694060437381,2,1,1.46869805990718,3,3,0.5,0.1,17.3269955081182,15.7403535777818,8.50635440751981,113,1,1
8.05417287861928,9.71789465518668,3.42915244866163,6.3136344240047,4.10054257372394,3.45694060437381,3,1,1.38687478960492,3,3,0.5,0.1,16.8103932920532,15.4048337743861,8.22349622202925,114,1,1
8.05417287861928,9.71789465518668,3.42915244866163,6.3136344240047,4.10054257372394,3.45694060437381,4,1,4.06787107465789,3,3,0.5,0.1,33.7372237279923,26.3983731812415,17.4915411400042,115,1,1
8.05417287861928,9.71789465518668,3.42915244866163,6.3136344240047,4.10054257372394,3.45694060437381,5,1,1.30213885684498,3,3,0.5,0.1,16.2754015900299,15.0573704745797,7.93056913542192,116,1,1
8.05417287861928,9.71789465518668,3.42915244866163,6.3136344240047,4.10054257372394,3.45694060437381,6,1,3.62202946329489,3,3,0.5,0.1,30.9223427828372,24.5701806727099,15.950293170564,117,1,1
8.05417287861928,9.71789465518668,3.42915244866163,6.3136344240047,4.10054257372394,3.45694060437381,7,1,4.53046075650491,3,3,0.5,0.1,36.6578458674911,28.2952418658206,19.0906861943455,118,1,1
8.05417287861928,9.71789465518668,3.42915244866163,6.3136344240047,4.10054257372394,3.45694060437381,8,1,4.74520110525191,3,3,0.5,0.1,38.0136379255629,29.175793808154,19.8330308253264,119,1,1
8.05417287861928,9.71789465518668,3.42915244866163,6.3136344240047,4.10054257372394,3.45694060437381,9,1,0.365722347050905,3,3,0.5,0.1,10.3632100785877,11.2175547094312,4.69343288010879,120,2,2
8.24872852535918,6.89900528639555,3.20645014755428,4.41329659428447,2.61885447893292,1.33204466663301,0,1,2.92900152504444,3,3,0.5,0.1,21.1752809804918,14.5696340490595,7.10801100754968,121,1,1
8.24872852535918,6.89900528639555,3.20645014755428,4.41329659428447,2.61885447893292,1.33204466663301,1,1,0.0447289785370231,3,3,0.5,0.1,8.44613077400245,7.01614397217533,3.26603114485846,122,1,1
8.24872852535918,6.89900528639555,3.20645014755428,4.41329659428447,2.61885447893292,1.33204466663301,2,1,1.46869805990718,3,3,0.5,0.1,14.7305286711798,10.7453117787836,5.16282156514789,123,1,1
8.24872852535918,6.89900528639555,3.20645014755428,4.41329659428447,2.61885447893292,1.33204466663301,3,1,1.38687478960492,3,3,0.5,0.1,14.3694183110216,10.5310285408715,5.05382931433529,124,1,1
8.24872852535918,6.89900528639555,3.20645014755428,4.41329659428447,2.61885447893292,1.33204466663301,4,1,4.06787107465789,3,3,0.5,0.1,26.2014500851352,17.552167669985,8.62503611710301,125,1,1
8.24872852535918,6.89900528639555,3.20645014755428,4.41329659428447,2.61885447893292,1.33204466663301,5,1,1.30213885684498,3,3,0.5,0.1,13.9954535075586,10.3091174638366,4.94095726703023,126,2,1
8.24872852535918,6.89900528639555,3.20645014755428,4.41329659428447,2.61885447893292,1.33204466663301,6,1,3.62202946329489,3,3,0.5,0.1,24.2338188201166,16.3845733691724,8.03115517652386,127,1,1
8.24872852535918,6.89900528639555,3.20645014755428,4.41329659428447,2.61885447893292,1.33204466663301,7,1,4.53046075650491,3,3,0.5,0.1,28.2429955525818,18.7636227301982,9.24122623564679,128,1,1
8.24872852535918,6.89900528639555,3.20645014755428,4.41329659428447,2.61885447893292,1.33204466663301,8,1,4.74520110525191,3,3,0.5,0.1,29.1907084023624,19.3259964543219,9.52726997190615,129,1,1
8.24872852535918,6.89900528639555,3.20645014755428,4.41329659428447,2.61885447893292,1.33204466663301,9,1,0.365722347050905,3,3,0.5,0.1,9.86276971405267,7.85677889301567,3.69360864941194,130,1,1
9.1047868761234,7.09167925873771,5.72026313049719,9.16968236677349,9.01910115499049,0.586219872348011,0,1,2.92900152504444,3,3,0.5,0.1,35.9628005125761,33.508640296235,7.43730203061587,131,1,1
9.1047868761234,7.09167925873771,5.72026313049719,9.16968236677349,9.01910115499049,0.586219872348011,1,1,0.0447289785370231,3,3,0.5,0.1,9.51493740189813,7.49509444072252,5.74648414658542,132,1,1
9.1047868761234,7.09167925873771,5.72026313049719,9.16968236677349,9.01910115499049,0.586219872348011,2,1,1.46869805990718,3,3,0.5,0.1,22.5722815781687,20.3380156271789,6.58124311969375,133,1,1
9.1047868761234,7.09167925873771,5.72026313049719,9.16968236677349,9.01910115499049,0.586219872348011,3,1,1.38687478960492,3,3,0.5,0.1,21.8219881792863,19.6000432754906,6.53327669262206,134,1,1
9.1047868761234,7.09167925873771,5.72026313049719,9.16968236677349,9.01910115499049,0.586219872348011,4,1,4.06787107465789,3,3,0.5,0.1,46.4058725397217,43.7802199665371,8.1049299926113,135,1,1
9.1047868761234,7.09167925873771,5.72026313049719,9.16968236677349,9.01910115499049,0.586219872348011,5,1,1.30213885684498,3,3,0.5,0.1,21.0449865908254,18.8358013264662,6.48360280493623,136,1,1
9.1047868761234,7.09167925873771,5.72026313049719,9.16968236677349,9.01910115499049,0.586219872348011,6,1,3.62202946329489,3,3,0.5,0.1,42.3176465776326,39.7591293745503,7.84356878011065,137,2,1
9.1047868761234,7.09167925873771,5.72026313049719,9.16968236677349,9.01910115499049,0.586219872348011,7,1,4.53046075650491,3,3,0.5,0.1,50.6476729884057,47.9523631003702,8.37610925685317,138,1,1
9.1047868761234,7.09167925873771,5.72026313049719,9.16968236677349,9.01910115499049,0.586219872348011,8,1,4.74520110525191,3,3,0.5,0.1,52.6167737777459,49.8891280277774,8.5019943166836,139,1,1
9.1047868761234,7.09167925873771,5.72026313049719,9.16968236677349,9.01910115499049,0.586219872348011,9,1,0.365722347050905,3,3,0.5,0.1,12.4583446330111,10.3901661014304,5.93465683810018,140,1,1
0.457009491510689,9.88808509195223,2.05824960023165,9.29055972024798,1.94303552154452,1.2680093664676,0,1,2.92900152504444,3,3,0.5,0.1,27.6690730806335,15.5792390977716,5.77225096838587,141,1,1
0.457009491510689,9.88808509195223,2.05824960023165,9.29055972024798,1.94303552154452,1.2680093664676,1,1,0.0447289785370231,3,3,0.5,0.1,0.872566737834592,9.97499508609207,2.11496636396912,142,2,2
0.457009491510689,9.88808509195223,2.05824960023165,9.29055972024798,1.94303552154452,1.2680093664676,2,1,1.46869805990718,3,3,0.5,0.1,14.1020365280907,12.7418175927754,3.92057249670674,143,1,1
0.457009491510689,9.88808509195223,2.05824960023165,9.29055972024798,1.94303552154452,1.2680093664676,3,1,1.38687478960492,3,3,0.5,0.1,13.3418525488415,12.5828320720892,3.81681982356846,144,1,1
0.457009491510689,9.88808509195223,2.05824960023165,9.29055972024798,1.94303552154452,1.2680093664676,4,1,4.06787107465789,3,3,0.5,0.1,38.2498086448891,17.792103087076,7.21634822448045,145,1,1
0.457009491510689,9.88808509195223,2.05824960023165,9.29055972024798,1.94303552154452,1.2680093664676,5,1,1.30213885684498,3,3,0.5,0.1,12.5546083050844,12.4181871447854,3.70937386715248,146,1,1
0.457009491510689,9.88808509195223,2.05824960023165,9.29055972024798,1.94303552154452,1.2680093664676,6,1,3.62202946329489,3,3,0.5,0.1,34.1076905287497,16.925816999215,6.65101688531117,147,1,1
0.457009491510689,9.88808509195223,2.05824960023165,9.29055972024798,1.94303552154452,1.2680093664676,7,1,4.53046075650491,3,3,0.5,0.1,42.5475257100594,18.6909312708047,7.80291627389374,148,1,1
0.457009491510689,9.88808509195223,2.05824960023165,9.29055972024798,1.94303552154452,1.2680093664676,8,1,4.74520110525191,3,3,0.5,0.1,44.5425837444403,19.108179396329,8.07520904746345,149,1,1
0.457009491510689,9.88808509195223,2.05824960023165,9.29055972024798,1.94303552154452,1.2680093664676,9,1,0.365722347050905,3,3,0.5,0.1,3.85477479781638,10.5986966032948,2.52198896181871,150,2,2
5.39368811063468,2.72337059257552,3.53586649522185,0.841048567090183,7.654377091676,4.44485993124545,0,1,2.92900152504444,3,3,0.5,0.1,7.85712064627827,25.1430527673597,16.5548680124487,151,2,2
5.39368811063468,2.72337059257552,3.53586649522185,0.841048567090183,7.654377091676,4.44485993124545,1,1,0.0447289785370231,3,3,0.5,0.1,5.43130735394066,3.06574306122338,3.7346805396866,152,1,1
5.39368811063468,2.72337059257552,3.53586649522185,0.841048567090183,7.654377091676,4.44485993124545,2,1,1.46869805990718,3,3,0.5,0.1,6.62893450940775,13.965339376918,10.0640236528012,153,1,2
5.39368811063468,2.72337059257552,3.53586649522185,0.841048567090183,7.654377091676,4.44485993124545,3,1,1.38687478960492,3,3,0.5,0.1,6.5601171651654,13.3390332111504,9.70033067719121,154,2,2
5.39368811063468,2.72337059257552,3.53586649522185,0.841048567090183,7.654377091676,4.44485993124545,4,1,4.06787107465789,3,3,0.5,0.1,8.81496524908331,33.8603897583283,21.616983640441,155,2,2
5.39368811063468,2.72337059257552,3.53586649522185,0.841048567090183,7.654377091676,4.44485993124545,5,1,1.30213885684498,3,3,0.5,0.1,6.4888501303366,12.6904324285909,9.32369132492984,156,2,2
5.39368811063468,2.72337059257552,3.53586649522185,0.841048567090183,7.654377091676,4.44485993124545,6,1,3.62202946329489,3,3,0.5,0.1,8.43999080069728,30.4477499417955,19.6352801264118,157,2,2
5.39368811063468,2.72337059257552,3.53586649522185,0.841048567090183,7.654377091676,4.44485993124545,7,1,4.53046075650491,3,3,0.5,0.1,9.20402563815145,37.4012256219038,23.6731299818905,158,2,2
5.39368811063468,2.72337059257552,3.53586649522185,0.841048567090183,7.654377091676,4.44485993124545,8,1,4.74520110525191,3,3,0.5,0.1,9.38463270076156,39.0449292280113,24.6276207536577,159,2,2
5.39368811063468,2.72337059257552,3.53586649522185,0.841048567090183,7.654377091676,4.44485993124545,9,1,0.365722347050905,3,3,0.5,0.1,5.70127836657471,5.52274734775595,5.16145110158946,160,1,1
0.361374919302762,7.01289142947644,2.53427358111367,6.29631243413314,2.6640361500904,5.32445900142193,0,1,2.92900152504444,3,3,0.5,0.1,18.803283641035,14.8158573758647,18.1296221163151,161,1,1
0.361374919302762,7.01289142947644,2.53427358111367,6.29631243413314,2.6640361500904,5.32445900142193,1,1,0.0447289785370231,3,3,0.5,0.1,0.643002543031494,7.13205104525569,2.77243119350953,162,2,2
0.361374919302762,7.01289142947644,2.53427358111367,6.29631243413314,2.6640361500904,5.32445900142193,2,1,1.46869805990718,3,3,0.5,0.1,9.60875677588358,10.9255561546368,10.3542961865574,163,3,2
0.361374919302762,7.01289142947644,2.53427358111367,6.29631243413314,2.6640361500904,5.32445900142193,3,1,1.38687478960492,3,3,0.5,0.1,9.09357190167799,10.707576004633,9.91863153847071,164,3,2
0.361374919302762,7.01289142947644,2.53427358111367,6.29631243413314,2.6640361500904,5.32445900142193,4,1,4.06787107465789,3,3,0.5,0.1,25.9739621471218,17.8498470262721,24.1934863411997,165,3,1
0.361374919302762,7.01289142947644,2.53427358111367,6.29631243413314,2.6640361500904,5.32445900142193,5,1,1.30213885684498,3,3,0.5,0.1,8.5600479946237,10.4818364165488,9.46745853854316,166,2,2
0.361374919302762,7.01289142947644,2.53427358111367,6.29631243413314,2.6640361500904,5.32445900142193,6,1,3.62202946329489,3,3,0.5,0.1,23.166804065843,16.6621088563866,21.8196209603696,167,3,1
0.361374919302762,7.01289142947644,2.53427358111367,6.29631243413314,2.6640361500904,5.32445900142193,7,1,4.53046075650491,3,3,0.5,0.1,28.8865713128369,19.0822026613714,26.656526136675,168,3,1
0.361374919302762,7.01289142947644,2.53427358111367,6.29631243413314,2.6640361500904,5.32445900142193,8,1,4.74520110525191,3,3,0.5,0.1,30.2386436407627,19.6542787133164,27.7999023195295,169,1,1
0.361374919302762,7.01289142947644,2.53427358111367,6.29631243413314,2.6640361500904,5.32445900142193,9,1,0.365722347050905,3,3,0.5,0.1,2.66407708047973,7.98718898291596,4.48154722389001,170,2,2
4.68264800496399,5.74396894779056,6.68445498216897,2.12113675428554,9.75632399087772,8.09382772771642,0,1,2.92900152504444,3,3,0.5,0.1,10.8954607930942,34.3202567958991,30.3912887400973,171,2,2
4.68264800496399,5.74396894779056,6.68445498216897,2.12113675428554,9.75632399087772,8.09382772771642,1,1,0.0447289785370231,3,3,0.5,0.1,4.77752428532052,6.18035935417878,7.04648362888436,172,1,3
4.68264800496399,5.74396894779056,6.68445498216897,2.12113675428554,9.75632399087772,8.09382772771642,2,1,1.46869805990718,3,3,0.5,0.1,7.79795744078099,20.0730630650186,18.571844063089,173,2,2
4.68264800496399,5.74396894779056,6.68445498216897,2.12113675428554,9.75632399087772,8.09382772771642,3,1,1.38687478960492,3,3,0.5,0.1,7.62439909478702,19.2747687299565,17.9095806091441,174,3,2
4.68264800496399,5.74396894779056,6.68445498216897,2.12113675428554,9.75632399087772,8.09382772771642,4,1,4.06787107465789,3,3,0.5,0.1,13.3111588531159,45.4314371052728,39.6091026790106,175,2,2
4.68264800496399,5.74396894779056,6.68445498216897,2.12113675428554,9.75632399087772,8.09382772771642,5,1,1.30213885684498,3,3,0.5,0.1,7.44466259340124,18.4480575162813,17.2237425670378,176,2,2
4.68264800496399,5.74396894779056,6.68445498216897,2.12113675428554,9.75632399087772,8.09382772771642,6,1,3.62202946329489,3,3,0.5,0.1,12.3654678246639,41.0816618962005,36.000537482791,177,2,2
4.68264800496399,5.74396894779056,6.68445498216897,2.12113675428554,9.75632399087772,8.09382772771642,7,1,4.53046075650491,3,3,0.5,0.1,14.2923748294348,49.9446119162094,43.3532238724995,178,2,2
4.68264800496399,5.74396894779056,6.68445498216897,2.12113675428554,9.75632399087772,8.09382772771642,8,1,4.74520110525191,3,3,0.5,0.1,14.7478684757902,52.0396883324992,45.0912952614474,179,2,2
4.68264800496399,5.74396894779056,6.68445498216897,2.12113675428554,9.75632399087772,8.09382772771642,9,1,0.365722347050905,3,3,0.5,0.1,5.45839511715724,9.31207465632342,9.64454865537511,180,2,3
2.75334256468341,3.99123691488057,2.90300444234163,4.92993233725429,7.56775138666853,5.10697468882427,0,1,2.92900152504444,3,3,0.5,0.1,17.1931218988671,26.1571922675899,17.8613410942713,181,2,2
2.75334256468341,3.99123691488057,2.90300444234163,4.92993233725429,7.56775138666853,5.10697468882427,1,1,0.0447289785370231,3,3,0.5,0.1,2.97385340238543,4.3297347042284,3.13143420358717,182,2,2
2.75334256468341,3.99123691488057,2.90300444234163,4.92993233725429,7.56775138666853,5.10697468882427,2,1,1.46869805990718,3,3,0.5,0.1,9.99392462388246,15.1059786943405,10.4036082598129,183,2,2
2.75334256468341,3.99123691488057,2.90300444234163,4.92993233725429,7.56775138666853,5.10697468882427,3,1,1.38687478960492,3,3,0.5,0.1,9.59054143767942,14.4867605270488,9.98573888942242,184,2,2
2.75334256468341,3.99123691488057,2.90300444234163,4.92993233725429,7.56775138666853,5.10697468882427,4,1,4.06787107465789,3,3,0.5,0.1,22.8076717194207,34.7758738809116,23.6775190580198,185,2,2
2.75334256468341,3.99123691488057,2.90300444234163,4.92993233725429,7.56775138666853,5.10697468882427,5,1,1.30213885684498,3,3,0.5,0.1,9.17279902263879,13.8455000544041,9.55299462558349,186,2,2
2.75334256468341,3.99123691488057,2.90300444234163,4.92993233725429,7.56775138666853,5.10697468882427,6,1,3.62202946329489,3,3,0.5,0.1,20.6097027422687,31.4018554082848,21.4006172335644,187,2,2
2.75334256468341,3.99123691488057,2.90300444234163,4.92993233725429,7.56775138666853,5.10697468882427,7,1,4.53046075650491,3,3,0.5,0.1,25.0882075508385,38.276637587168,26.0399528545238,188,2,2
2.75334256468341,3.99123691488057,2.90300444234163,4.92993233725429,7.56775138666853,5.10697468882427,8,1,4.74520110525191,3,3,0.5,0.1,26.1468629402396,39.9017391591718,27.1366263802441,189,2,2
2.75334256468341,3.99123691488057,2.90300444234163,4.92993233725429,7.56775138666853,5.10697468882427,9,1,0.365722347050905,3,3,0.5,0.1,4.5563289898662,6.75893271391073,4.770739211868,190,2,2
4.38148951623589,7.90914088021964,9.11315168021247,0.710741439834237,1.42642312915996,3.93072782550007,0,1,2.92900152504444,3,3,0.5,0.1,6.46325227742265,12.0871364008878,20.6262594756368,191,3,3
4.38148951623589,7.90914088021964,9.11315168021247,0.710741439834237,1.42642312915996,3.93072782550007,1,1,0.0447289785370231,3,3,0.5,0.1,4.41328025484361,7.97294332974855,9.28896912075414,192,3,3
4.38148951623589,7.90914088021964,9.11315168021247,0.710741439834237,1.42642312915996,3.93072782550007,2,1,1.46869805990718,3,3,0.5,0.1,5.42535409001607,10.0041257626236,14.8862040115476,193,3,3
4.38148951623589,7.90914088021964,9.11315168021247,0.710741439834237,1.42642312915996,3.93072782550007,3,1,1.38687478960492,3,3,0.5,0.1,5.36719890106949,9.88741115736094,14.5645790061971,194,3,3
4.38148951623589,7.90914088021964,9.11315168021247,0.710741439834237,1.42642312915996,3.93072782550007,4,1,4.06787107465789,3,3,0.5,0.1,7.27269406089828,13.7116462675524,25.1028457039171,195,3,3
4.38148951623589,7.90914088021964,9.11315168021247,0.710741439834237,1.42642312915996,3.93072782550007,5,1,1.30213885684498,3,3,0.5,0.1,5.30697356221399,9.76654186300122,14.2315051174779,196,3,3
4.38148951623589,7.90914088021964,9.11315168021247,0.710741439834237,1.42642312915996,3.93072782550007,6,1,3.62202946329489,3,3,0.5,0.1,6.95581595210013,13.0756874811623,23.3503636763668,197,3,3
4.38148951623589,7.90914088021964,9.11315168021247,0.710741439834237,1.42642312915996,3.93072782550007,7,1,4.53046075650491,3,3,0.5,0.1,7.60147571742669,14.3714948890498,26.9211598381424,198,3,3
4.38148951623589,7.90914088021964,9.11315168021247,0.710741439834237,1.42642312915996,3.93072782550007,8,1,4.74520110525191,3,3,0.5,0.1,7.75410058208564,14.6778054892664,27.7652457022198,199,3,3
4.38148951623589,7.90914088021964,9.11315168021247,0.710741439834237,1.42642312915996,3.93072782550007,9,1,0.365722347050905,3,3,0.5,0.1,4.64142354375841,8.43081569490371,10.5507066861727,200,3,3
8.56437721289694,2.64254226116464,0.946383585687727,7.24333662772551,9.80476663913578,2.00600294396281,0,1,2.92900152504444,3,3,0.5,0.1,29.7801212419152,31.3607186998982,6.82196926779844,201,2,2
8.56437721289694,2.64254226116464,0.946383585687727,7.24333662772551,9.80476663913578,2.00600294396281,1,1,0.0447289785370231,3,3,0.5,0.1,8.88836426145491,3.08109945772706,1.03611004831344,202,1,1
8.56437721289694,2.64254226116464,0.946383585687727,7.24333662772551,9.80476663913578,2.00600294396281,2,1,1.46869805990718,3,3,0.5,0.1,19.202651665292,17.042784001906,3.89259621765401,203,2,1
8.56437721289694,2.64254226116464,0.946383585687727,7.24333662772551,9.80476663913578,2.00600294396281,3,1,1.38687478960492,3,3,0.5,0.1,18.6099781745114,16.2405259309414,3.728458496543,204,1,1
8.56437721289694,2.64254226116464,0.946383585687727,7.24333662772551,9.80476663913578,2.00600294396281,4,1,4.06787107465789,3,3,0.5,0.1,38.0293367648316,42.5270688662757,9.10654493711262,205,2,2
8.56437721289694,2.64254226116464,0.946383585687727,7.24333662772551,9.80476663913578,2.00600294396281,5,1,1.30213885684498,3,3,0.5,0.1,17.9962072890668,15.4097098842807,3.55847796596712,206,1,1
8.56437721289694,2.64254226116464,0.946383585687727,7.24333662772551,9.80476663913578,2.00600294396281,6,1,3.62202946329489,3,3,0.5,0.1,34.7999558910818,38.1556959088453,8.21218535217733,207,2,2
8.56437721289694,2.64254226116464,0.946383585687727,7.24333662772551,9.80476663913578,2.00600294396281,7,1,4.53046075650491,3,3,0.5,0.1,41.380029550962,47.0626527464578,10.0345012007446,208,2,2
8.56437721289694,2.64254226116464,0.946383585687727,7.24333662772551,9.80476663913578,2.00600294396281,8,1,4.74520110525191,3,3,0.5,0.1,42.9354661844917,49.1681317539288,10.4652709725186,209,2,2
8.56437721289694,2.64254226116464,0.946383585687727,7.24333662772551,9.80476663913578,2.00600294396281,9,1,0.365722347050905,3,3,0.5,0.1,11.2134272848685,6.22836452871579,1.68002369054483,210,1,1
5.52263837540522,3.45464471029118,4.08390007447451,1.88031216384843,3.45552658895031,1.83656022651121,0,1,2.92900152504444,3,3,0.5,0.1,11.0300755708769,13.5758873591582,9.46318777876181,211,2,2
5.52263837540522,3.45464471029118,4.08390007447451,1.88031216384843,3.45552658895031,1.83656022651121,1,1,0.0447289785370231,3,3,0.5,0.1,5.6067428178249,3.60920688492245,4.16604753742808,212,1,1
5.52263837540522,3.45464471029118,4.08390007447451,1.88031216384843,3.45552658895031,1.83656022651121,2,1,1.46869805990718,3,3,0.5,0.1,8.28424920246929,8.52976990744018,6.78125251605422,213,2,2
5.52263837540522,3.45464471029118,4.08390007447451,1.88031216384843,3.45552658895031,1.83656022651121,3,1,1.38687478960492,3,3,0.5,0.1,8.13039591203408,8.24702742131583,6.63097915221401,214,2,2
5.52263837540522,3.45464471029118,4.08390007447451,1.88031216384843,3.45552658895031,1.83656022651121,4,1,4.06787107465789,3,3,0.5,0.1,13.1715058380516,17.5112813691934,11.5547902967666,215,2,2
5.52263837540522,3.45464471029118,4.08390007447451,1.88031216384843,3.45552658895031,1.83656022651121,5,1,1.30213885684498,3,3,0.5,0.1,7.97106590695052,7.95422015262435,6.47535650835077,216,2,1
5.52263837540522,3.45464471029118,4.08390007447451,1.88031216384843,3.45552658895031,1.83656022651121,6,1,3.62202946329489,3,3,0.5,0.1,12.333184433056,15.9706638266681,10.7359753260137,217,2,2
5.52263837540522,3.45464471029118,4.08390007447451,1.88031216384843,3.45552658895031,1.83656022651121,7,1,4.53046075650491,3,3,0.5,0.1,14.0413188436994,19.1097723145898,12.4043641076413,218,2,2
5.52263837540522,3.45464471029118,4.08390007447451,1.88031216384843,3.45552658895031,1.83656022651121,8,1,4.74520110525191,3,3,0.5,0.1,14.4450977335174,19.8518132994055,12.7987476911772,219,2,2
5.52263837540522,3.45464471029118,4.08390007447451,1.88031216384843,3.45552658895031,1.83656022651121,9,1,0.365722347050905,3,3,0.5,0.1,6.21031055315624,4.71840800469889,4.75557119101454,220,1,1
8.13114545540884,8.81635409081355,7.00614618835971,2.76427360251546,4.32004463626072,0.128159222658724,0,1,2.92900152504444,3,3,0.5,0.1,16.2277070528167,21.4697714186812,7.38152474697562,221,2,2
8.13114545540884,8.81635409081355,7.00614618835971,2.76427360251546,4.32004463626072,0.128159222658724,1,1,0.0447289785370231,3,3,0.5,0.1,8.25478859004621,9.00958527462783,7.01187861947933,222,2,2
8.13114545540884,8.81635409081355,7.00614618835971,2.76427360251546,4.32004463626072,0.128159222658724,2,1,1.46869805990718,3,3,0.5,0.1,12.1910287324759,15.1611952668021,7.19437339003779,223,2,2
8.13114545540884,8.81635409081355,7.00614618835971,2.76427360251546,4.32004463626072,0.128159222658724,3,1,1.38687478960492,3,3,0.5,0.1,11.9648468263079,14.8077150868115,7.18388698332045,224,2,2
8.13114545540884,8.81635409081355,7.00614618835971,2.76427360251546,4.32004463626072,0.128159222658724,4,1,4.06787107465789,3,3,0.5,0.1,19.3758540855218,26.3897387078895,7.52748138316377,225,2,2
8.13114545540884,8.81635409081355,7.00614618835971,2.76427360251546,4.32004463626072,0.128159222658724,5,1,1.30213885684498,3,3,0.5,0.1,11.7306135241951,14.4416520749934,7.17302729204668,226,2,2
8.13114545540884,8.81635409081355,7.00614618835971,2.76427360251546,4.32004463626072,0.128159222658724,6,1,3.62202946329489,3,3,0.5,0.1,18.1434258883282,24.4636830460989,7.47034266882257,227,2,2
8.13114545540884,8.81635409081355,7.00614618835971,2.76427360251546,4.32004463626072,0.128159222658724,7,1,4.53046075650491,3,3,0.5,0.1,20.6545785318476,28.3881467817423,7.58676651719923,228,2,2
8.13114545540884,8.81635409081355,7.00614618835971,2.76427360251546,4.32004463626072,0.128159222658724,8,1,4.74520110525191,3,3,0.5,0.1,21.2481796092839,29.3158346735355,7.61428747336811,229,2,2
8.13114545540884,8.81635409081355,7.00614618835971,2.76427360251546,4.32004463626072,0.128159222658724,9,1,0.365722347050905,3,3,0.5,0.1,9.14210208521166,10.3962909545515,7.05301688006668,230,2,2
5.63038276741281,6.70700266724452,3.13602324109524,9.47543668560684,1.68803035514429,4.40414110431448,0,1,2.92900152504444,3,3,0.5,0.1,33.3839512700173,11.6512461517835,16.0357592521433,231,1,1
5.63038276741281,6.70700266724452,3.13602324109524,9.47543668560684,1.68803035514429,4.40414110431448,1,1,0.0447289785370231,3,3,0.5,0.1,6.05420937155224,6.78250654076962,3.33301597402415,232,2,2
5.63038276741281,6.70700266724452,3.13602324109524,9.47543668560684,1.68803035514429,4.40414110431448,2,1,1.46869805990718,3,3,0.5,0.1,19.5469382443369,9.18620957490938,9.6043767365594,233,1,1
5.63038276741281,6.70700266724452,3.13602324109524,9.47543668560684,1.68803035514429,4.40414110431448,3,1,1.38687478960492,3,3,0.5,0.1,18.7716270271785,9.04808941088198,9.24401550853175,234,1,1
5.63038276741281,6.70700266724452,3.13602324109524,9.47543668560684,1.68803035514429,4.40414110431448,4,1,4.06787107465789,3,3,0.5,0.1,44.1752375805451,13.5736925220805,21.0515014480479,235,1,1
5.63038276741281,6.70700266724452,3.13602324109524,9.47543668560684,1.68803035514429,4.40414110431448,5,1,1.30213885684498,3,3,0.5,0.1,17.9687170613159,8.90505258421173,8.87082650405127,236,1,1
5.63038276741281,6.70700266724452,3.13602324109524,9.47543668560684,1.68803035514429,4.40414110431448,6,1,3.62202946329489,3,3,0.5,0.1,39.9506936202661,12.8210983485133,19.0879520814304,237,1,1
5.63038276741281,6.70700266724452,3.13602324109524,9.47543668560684,1.68803035514429,4.40414110431448,7,1,4.53046075650491,3,3,0.5,0.1,48.5584768223015,14.3545579470148,23.0888116803022,238,1,1
5.63038276741281,6.70700266724452,3.13602324109524,9.47543668560684,1.68803035514429,4.40414110431448,8,1,4.74520110525191,3,3,0.5,0.1,50.5932354006989,14.717046174174,24.0345584769737,239,1,1
5.63038276741281,6.70700266724452,3.13602324109524,9.47543668560684,1.68803035514429,4.40414110431448,9,1,0.365722347050905,3,3,0.5,0.1,9.09576171140519,7.32435309062107,4.7467160625085,240,2,1
5.71626756573096,9.74653967190534,7.64771067770198,4.43055097246543,3.55862457072362,0.36456988658756,0,1,2.92900152504444,3,3,0.5,0.1,18.6933581208693,20.1697564666154,8.71553643150222,241,2,2
5.71626756573096,9.74653967190534,7.64771067770198,4.43055097246543,3.55862457072362,0.36456988658756,1,1,0.0447289785370231,3,3,0.5,0.1,5.91444158508555,9.90571331395056,7.6640175163344,242,2,2
5.71626756573096,9.74653967190534,7.64771067770198,4.43055097246543,3.55862457072362,0.36456988658756,2,1,1.46869805990718,3,3,0.5,0.1,12.2234091833108,14.9730846748652,8.18315376283371,243,2,2
5.71626756573096,9.74653967190534,7.64771067770198,4.43055097246543,3.55862457072362,0.36456988658756,3,1,1.38687478960492,3,3,0.5,0.1,11.8608870135028,14.6819063747106,8.15332346245939,244,2,2
5.71626756573096,9.74653967190534,7.64771067770198,4.43055097246543,3.55862457072362,0.36456988658756,4,1,4.06787107465789,3,3,0.5,0.1,23.7391777114204,24.2225656287188,9.13073397404282,245,2,2
5.71626756573096,9.74653967190534,7.64771067770198,4.43055097246543,3.55862457072362,0.36456988658756,5,1,1.30213885684498,3,3,0.5,0.1,11.4854601442105,14.3803630023678,8.12243129306321,246,2,2
5.71626756573096,9.74653967190534,7.64771067770198,4.43055097246543,3.55862457072362,0.36456988658756,6,1,3.62202946329489,3,3,0.5,0.1,21.7638537266306,22.6359827158714,8.9681935483522,247,2,2
5.71626756573096,9.74653967190534,7.64771067770198,4.43055097246543,3.55862457072362,0.36456988658756,7,1,4.53046075650491,3,3,0.5,0.1,25.7887048761802,25.8687486367028,9.29938024189037,248,1,2
5.71626756573096,9.74653967190534,7.64771067770198,4.43055097246543,3.55862457072362,0.36456988658756,8,1,4.74520110525191,3,3,0.5,0.1,26.7401229371488,26.6329289180797,9.37766810647883,249,1,1
5.71626756573096,9.74653967190534,7.64771067770198,4.43055097246543,3.55862457072362,0.36456988658756,9,1,0.365722347050905,3,3,0.5,0.1,7.33661906610969,11.0480082021834,7.78104203228886,250,2,2
5.93880393542349,9.61553275352344,2.52730440115556,8.47206252859905,2.12781420908868,2.77890844736248,0,1,2.92900152504444,3,3,0.5,0.1,30.753488001962,15.8479038169554,10.6667314814392,251,1,1
5.93880393542349,9.61553275352344,2.52730440115556,8.47206252859905,2.12781420908868,2.77890844736248,1,1,0.0447289785370231,3,3,0.5,0.1,6.31775063842952,9.71070770961254,2.65160213745399,252,2,2
5.93880393542349,9.61553275352344,2.52730440115556,8.47206252859905,2.12781420908868,2.77890844736248,2,1,1.46869805990718,3,3,0.5,0.1,18.3817057345893,12.7406493542549,6.60868184645652,253,1,1
5.93880393542349,9.61553275352344,2.52730440115556,8.47206252859905,2.12781420908868,2.77890844736248,3,1,1.38687478960492,3,3,0.5,0.1,17.688493872294,12.5665446370717,6.38130246942273,254,1,1
5.93880393542349,9.61553275352344,2.52730440115556,8.47206252859905,2.12781420908868,2.77890844736248,4,1,4.06787107465789,3,3,0.5,0.1,40.4020620382045,18.2712066269213,13.8315456933039,255,1,1
5.93880393542349,9.61553275352344,2.52730440115556,8.47206252859905,2.12781420908868,2.77890844736248,5,1,1.30213885684498,3,3,0.5,0.1,16.9706057515326,12.3862423153247,6.14582907008099,256,1,1
5.93880393542349,9.61553275352344,2.52730440115556,8.47206252859905,2.12781420908868,2.77890844736248,6,1,3.62202946329489,3,3,0.5,0.1,36.6248640288859,17.3225385112602,12.5925926733015,257,1,1
5.93880393542349,9.61553275352344,2.52730440115556,8.47206252859905,2.12781420908868,2.77890844736248,7,1,4.53046075650491,3,3,0.5,0.1,44.3211507478972,19.2555115249332,15.1170400678513,258,1,1
5.93880393542349,9.61553275352344,2.52730440115556,8.47206252859905,2.12781420908868,2.77890844736248,8,1,4.74520110525191,3,3,0.5,0.1,46.140444409895,19.7124390902618,15.7137838369739,259,1,1
5.93880393542349,9.61553275352344,2.52730440115556,8.47206252859905,2.12781420908868,2.77890844736248,9,1,0.365722347050905,3,3,0.5,0.1,9.03722652774477,10.3937219601596,3.54361332076456,260,2,2
4.79385086800903,7.7999979769811,9.00940360734239,9.43460653303191,4.1521517559886,3.3411023998633,0,1,2.92900152504444,3,3,0.5,0.1,32.4278277914537,19.9616568024877,18.7954976318716,261,1,1
4.79385086800903,7.7999979769811,9.00940360734239,9.43460653303191,4.1521517559886,3.3411023998633,1,1,0.0447289785370231,3,3,0.5,0.1,5.21585118113027,7.98571948375718,9.15884770487587,262,3,3
4.79385086800903,7.7999979769811,9.00940360734239,9.43460653303191,4.1521517559886,3.3411023998633,2,1,1.46869805990718,3,3,0.5,0.1,18.6504391790606,13.8982552054418,13.9164742199729,263,1,1
4.79385086800903,7.7999979769811,9.00940360734239,9.43460653303191,4.1521517559886,3.3411023998633,3,1,1.38687478960492,3,3,0.5,0.1,17.8784688185128,13.5585125699755,13.6430942952013,264,1,1
4.79385086800903,7.7999979769811,9.00940360734239,9.43460653303191,4.1521517559886,3.3411023998633,4,1,4.06787107465789,3,3,0.5,0.1,43.1726138845079,24.6904160027571,22.6005774172164,265,1,1
4.79385086800903,7.7999979769811,9.00940360734239,9.43460653303191,4.1521517559886,3.3411023998633,5,1,1.30213885684498,3,3,0.5,0.1,17.0790186337133,13.206676117971,13.3599828669024,266,3,1
4.79385086800903,7.7999979769811,9.00940360734239,9.43460653303191,4.1521517559886,3.3411023998633,6,1,3.62202946329489,3,3,0.5,0.1,38.9662737052451,22.8392139732434,21.1109749395326,267,1,1
4.79385086800903,7.7999979769811,9.00940360734239,9.43460653303191,4.1521517559886,3.3411023998633,7,1,4.53046075650491,3,3,0.5,0.1,47.5369655189749,26.6111585625404,24.1461369133875,268,1,1
4.79385086800903,7.7999979769811,9.00940360734239,9.43460653303191,4.1521517559886,3.3411023998633,8,1,4.74520110525191,3,3,0.5,0.1,49.5629562161689,27.5027930786718,24.8636064079335,269,1,1
4.79385086800903,7.7999979769811,9.00940360734239,9.43460653303191,4.1521517559886,3.3411023998633,9,1,0.365722347050905,3,3,0.5,0.1,8.24429731277126,9.31853266249279,10.2313194187578,270,3,3
2.82731729093939,0.722215918358415,0.706824765074998,1.58950168872252,1.50863158982247,7.52092257607728,0,1,2.92900152504444,3,3,0.5,0.1,7.48297016126837,5.14100014567865,22.7356184601465,271,3,3
2.82731729093939,0.722215918358415,0.706824765074998,1.58950168872252,1.50863158982247,7.52092257607728,1,1,0.0447289785370231,3,3,0.5,0.1,2.89841407785882,0.78969546835986,1.04322794955897,272,1,1
2.82731729093939,0.722215918358415,0.706824765074998,1.58950168872252,1.50863158982247,7.52092257607728,2,1,1.46869805990718,3,3,0.5,0.1,5.16181533738535,2.93794020744537,11.7527891612718,273,3,3
2.82731729093939,0.722215918358415,0.706824765074998,1.58950168872252,1.50863158982247,7.52092257607728,3,1,1.38687478960492,3,3,0.5,0.1,5.0317571110631,2.81449903708479,11.1374026804071,274,3,3
2.82731729093939,0.722215918358415,0.706824765074998,1.58950168872252,1.50863158982247,7.52092257607728,4,1,4.06787107465789,3,3,0.5,0.1,9.2932052336136,6.85913472491239,31.3009681670413,275,3,3
2.82731729093939,0.722215918358415,0.706824765074998,1.58950168872252,1.50863158982247,7.52092257607728,5,1,1.30213885684498,3,3,0.5,0.1,4.89706920284569,2.68666373213007,10.5001102907078,276,1,3
2.82731729093939,0.722215918358415,0.706824765074998,1.58950168872252,1.50863158982247,7.52092257607728,6,1,3.62202946329489,3,3,0.5,0.1,8.58453923944935,6.18652398595282,27.9478279267866,277,3,3
2.82731729093939,0.722215918358415,0.706824765074998,1.58950168872252,1.50863158982247,7.52092257607728,7,1,4.53046075650491,3,3,0.5,0.1,10.0284923140951,7.55701213207273,34.7800693487049,278,3,3
2.82731729093939,0.722215918358415,0.706824765074998,1.58950168872252,1.50863158982247,7.52092257607728,8,1,4.74520110525191,3,3,0.5,0.1,10.3698224610653,7.88097620580195,36.3951148855909,279,3,3
2.82731729093939,0.722215918358415,0.706824765074998,1.58950168872252,1.50863158982247,7.52092257607728,9,1,0.365722347050905,3,3,0.5,0.1,3.40863357918037,1.27395620422343,3.45739422158612,280,3,3
0.956870620138943,6.11492298077792,2.00944477925077,5.03317515831441,1.29100444726646,0.0292278453707695,0,1,2.92900152504444,3,3,0.5,0.1,15.6990483346576,9.89627697566053,2.09505318291552,281,1,1
0.956870620138943,6.11492298077792,2.00944477925077,5.03317515831441,1.29100444726646,0.0292278453707695,1,1,0.0447289785370231,3,3,0.5,0.1,1.18199940376827,6.1726682909909,2.01075211091904,282,2,2
0.956870620138943,6.11492298077792,2.00944477925077,5.03317515831441,1.29100444726646,0.0292278453707695,2,1,1.46869805990718,3,3,0.5,0.1,8.34908521032834,8.01101870780971,2.05237165904209,283,2,1
0.956870620138943,6.11492298077792,2.00944477925077,5.03317515831441,1.29100444726646,0.0292278453707695,3,1,1.38687478960492,3,3,0.5,0.1,7.93725435887093,7.9053845019596,2.04998014114996,284,1,1
0.956870620138943,6.11492298077792,2.00944477925077,5.03317515831441,1.29100444726646,0.0292278453707695,4,1,4.06787107465789,3,3,0.5,0.1,21.4311782603328,11.3665626290678,2.1283398860091,285,1,1
0.956870620138943,6.11492298077792,2.00944477925077,5.03317515831441,1.29100444726646,0.0292278453707695,5,1,1.30213885684498,3,3,0.5,0.1,7.510763567087,7.79599003592325,2.04750349240991,286,1,2
0.956870620138943,6.11492298077792,2.00944477925077,5.03317515831441,1.29100444726646,0.0292278453707695,6,1,3.62202946329489,3,3,0.5,0.1,19.1871793374777,10.7909791260218,2.11530889633232,287,1,1
0.956870620138943,6.11492298077792,2.00944477925077,5.03317515831441,1.29100444726646,0.0292278453707695,7,1,4.53046075650491,3,3,0.5,0.1,23.7594731554977,11.9637679655919,2.14186038570024,288,1,1
0.956870620138943,6.11492298077792,2.00944477925077,5.03317515831441,1.29100444726646,0.0292278453707695,8,1,4.74520110525191,3,3,0.5,0.1,24.8402989442989,12.2409987108319,2.14813678340828,289,1,1
0.956870620138943,6.11492298077792,2.00944477925077,5.03317515831441,1.29100444726646,0.0292278453707695,9,1,0.365722347050905,3,3,0.5,0.1,2.797615252156,6.58707215728537,2.02013405545901,290,2,2
6.43842284800485,2.41036388324574,4.20035355724394,7.154276734218,1.00684681907296,6.06836844468489,0,1,2.92900152504444,3,3,0.5,0.1,27.3933103131193,5.35941975179659,21.9746139862576,291,1,1
6.43842284800485,2.41036388324574,4.20035355724394,7.154276734218,1.00684681907296,6.06836844468489,1,1,0.0447289785370231,3,3,0.5,0.1,6.75842633849761,2.45539911300612,4.471785479161,292,1,1
6.43842284800485,2.41036388324574,4.20035355724394,7.154276734218,1.00684681907296,6.06836844468489,2,1,1.46869805990718,3,3,0.5,0.1,16.9458952075899,3.88911785304191,13.1129545187546,293,1,1
6.43842284800485,2.41036388324574,4.20035355724394,7.154276734218,1.00684681907296,6.06836844468489,3,1,1.38687478960492,3,3,0.5,0.1,16.3605088885488,3.80673435361193,12.6164207672114,294,1,1
6.43842284800485,2.41036388324574,4.20035355724394,7.154276734218,1.00684681907296,6.06836844468489,4,1,4.06787107465789,3,3,0.5,0.1,35.5410982352281,6.50608693516394,28.8856940237443,295,1,1
6.43842284800485,2.41036388324574,4.20035355724394,7.154276734218,1.00684681907296,6.06836844468489,5,1,1.30213885684498,3,3,0.5,0.1,15.7542845762521,3.7214182492514,12.1022119067201,296,1,1
6.43842284800485,2.41036388324574,4.20035355724394,7.154276734218,1.00684681907296,6.06836844468489,6,1,3.62202946329489,3,3,0.5,0.1,32.3514239679076,6.05719272695275,26.1801628580216,297,1,1
6.43842284800485,2.41036388324574,4.20035355724394,7.154276734218,1.00684681907296,6.06836844468489,7,1,4.53046075650491,3,3,0.5,0.1,38.8505928335556,6.97184388486759,31.6928586519016,298,1,1
6.43842284800485,2.41036388324574,4.20035355724394,7.154276734218,1.00684681907296,6.06836844468489,8,1,4.74520110525191,3,3,0.5,0.1,40.3869047144941,7.18805452193012,32.9959822080385,299,1,1
6.43842284800485,2.41036388324574,4.20035355724394,7.154276734218,1.00684681907296,6.06836844468489,9,1,0.365722347050905,3,3,0.5,0.1,9.05490172669474,2.77859026503784,6.41969150760375,300,1,1
2.12431624298915,8.9474075101316,5.63198033720255,2.47724784072489,7.30655817780644,2.66332316910848,0,1,2.92900152504444,3,3,0.5,0.1,9.38017894638539,30.3483275557526,13.4328579612075,301,2,2
2.12431624298915,8.9474075101316,5.63198033720255,2.47724784072489,7.30655817780644,2.66332316910848,1,1,0.0447289785370231,3,3,0.5,0.1,2.23512100848782,9.27422239404621,5.75110806207076,302,2,2
2.12431624298915,8.9474075101316,5.63198033720255,2.47724784072489,7.30655817780644,2.66332316910848,2,1,1.46869805990718,3,3,0.5,0.1,5.76264534057105,19.6785353304749,9.54359790857803,303,2,2
2.12431624298915,8.9474075101316,5.63198033720255,2.47724784072489,7.30655817780644,2.66332316910848,3,1,1.38687478960492,3,3,0.5,0.1,5.55994882089371,19.080688845713,9.32567609700977,304,2,2
2.12431624298915,8.9474075101316,5.63198033720255,2.47724784072489,7.30655817780644,2.66332316910848,4,1,4.06787107465789,3,3,0.5,0.1,12.2014410790326,38.6695441769354,16.4660356192851,305,2,2
2.12431624298915,8.9474075101316,5.63198033720255,2.47724784072489,7.30655817780644,2.66332316910848,5,1,1.30213885684498,3,3,0.5,0.1,5.35003691443234,18.4615608232518,9.0999969240342,306,2,2
2.12431624298915,8.9474075101316,5.63198033720255,2.47724784072489,7.30655817780644,2.66332316910848,6,1,3.62202946329489,3,3,0.5,0.1,11.0969809099783,35.4119765054248,15.2786153259894,307,2,2
2.12431624298915,8.9474075101316,5.63198033720255,2.47724784072489,7.30655817780644,2.66332316910848,7,1,4.53046075650491,3,3,0.5,0.1,13.3473903695298,42.0494825998037,17.6980614367388,308,2,2
2.12431624298915,8.9474075101316,5.63198033720255,2.47724784072489,7.30655817780644,2.66332316910848,8,1,4.74520110525191,3,3,0.5,0.1,13.8793554347798,43.6184954510461,18.2699843828991,309,2,2
2.12431624298915,8.9474075101316,5.63198033720255,2.47724784072489,7.30655817780644,2.66332316910848,9,1,0.365722347050905,3,3,0.5,0.1,3.03030113752584,11.619579115783,6.60601713756396,310,2,2
7.54257221473381,9.57943279761821,4.8123628180474,9.09494666615501,9.90105426637456,2.32417264487594,0,1,2.92900152504444,3,3,0.5,0.1,34.1816848700997,38.5796358433771,11.6198680393556,311,2,2
7.54257221473381,9.57943279761821,4.8123628180474,9.09494666615501,9.90105426637456,2.32417264487594,1,1,0.0447289785370231,3,3,0.5,0.1,7.94937988895963,10.0222968413928,4.9163206863964,312,2,2
7.54257221473381,9.57943279761821,4.8123628180474,9.09494666615501,9.90105426637456,2.32417264487594,2,1,1.46869805990718,3,3,0.5,0.1,20.900302738275,24.1210919896783,8.22587067246605,313,2,2
7.54257221473381,9.57943279761821,4.8123628180474,9.09494666615501,9.90105426637456,2.32417264487594,3,1,1.38687478960492,3,3,0.5,0.1,20.1561244588255,23.3109553501633,8.03569926591523,314,1,2
7.54257221473381,9.57943279761821,4.8123628180474,9.09494666615501,9.90105426637456,2.32417264487594,4,1,4.06787107465789,3,3,0.5,0.1,44.539642683542,49.8556450564213,14.2667974926494,315,2,2
7.54257221473381,9.57943279761821,4.8123628180474,9.09494666615501,9.90105426637456,2.32417264487594,5,1,1.30213885684498,3,3,0.5,0.1,19.3854556696669,22.4719802815953,7.83875832895653,316,2,2
7.54257221473381,9.57943279761821,4.8123628180474,9.09494666615501,9.90105426637456,2.32417264487594,6,1,3.62202946329489,3,3,0.5,0.1,40.4847370066429,45.4413430681085,13.2305846155721,317,2,2
7.54257221473381,9.57943279761821,4.8123628180474,9.09494666615501,9.90105426637456,2.32417264487594,7,1,4.53046075650491,3,3,0.5,0.1,48.7468711682542,54.4357705994536,15.3419357770001,318,2,2
7.54257221473381,9.57943279761821,4.8123628180474,9.09494666615501,9.90105426637456,2.32417264487594,8,1,4.74520110525191,3,3,0.5,0.1,50.6999231871797,56.5619264455779,15.841029421309,319,2,2
7.54257221473381,9.57943279761821,4.8123628180474,9.09494666615501,9.90105426637456,2.32417264487594,9,1,0.365722347050905,3,3,0.5,0.1,10.8687974557828,13.2004696021951,5.66236469268294,320,1,2
2.81778582138941,7.03925271052867,8.33597430493683,4.65678904671222,3.90684430953115,0.938881819602102,0,1,2.92900152504444,3,3,0.5,0.1,16.4575280410197,18.4824056512566,11.0859605863879,321,2,2
2.81778582138941,7.03925271052867,8.33597430493683,4.65678904671222,3.90684430953115,0.938881819602102,1,1,0.0447289785370231,3,3,0.5,0.1,3.02607923871124,7.21400186579718,8.37796952969461,322,3,3
2.81778582138941,7.03925271052867,8.33597430493683,4.65678904671222,3.90684430953115,0.938881819602102,2,1,1.46869805990718,3,3,0.5,0.1,9.65720285969266,12.7772273682965,9.71490821186856,323,3,2
2.81778582138941,7.03925271052867,8.33597430493683,4.65678904671222,3.90684430953115,0.938881819602102,3,1,1.38687478960492,3,3,0.5,0.1,9.2761691507829,12.4575565903289,9.63808583096137,324,2,2
2.81778582138941,7.03925271052867,8.33597430493683,4.65678904671222,3.90684430953115,0.938881819602102,4,1,4.06787107465789,3,3,0.5,0.1,21.7610032852937,22.9317916704622,12.1552245014184,325,1,2
2.81778582138941,7.03925271052867,8.33597430493683,4.65678904671222,3.90684430953115,0.938881819602102,5,1,1.30213885684498,3,3,0.5,0.1,8.88157178724347,12.1265064936129,9.55852880422604,326,2,2
2.81778582138941,7.03925271052867,8.33597430493683,4.65678904671222,3.90684430953115,0.938881819602102,6,1,3.62202946329489,3,3,0.5,0.1,19.68481295293,21.1899579081565,11.7366319180876,327,2,2
2.81778582138941,7.03925271052867,8.33597430493683,4.65678904671222,3.90684430953115,0.938881819602102,7,1,4.53046075650491,3,3,0.5,0.1,23.915185848841,24.7390575366341,12.5895415436401,328,1,2
2.81778582138941,7.03925271052867,8.33597430493683,4.65678904671222,3.90684430953115,0.938881819602102,8,1,4.74520110525191,3,3,0.5,0.1,24.9151863527732,25.578014646163,12.7911573530136,329,2,2
2.81778582138941,7.03925271052867,8.33597430493683,4.65678904671222,3.90684430953115,0.938881819602102,9,1,0.365722347050905,3,3,0.5,0.1,4.52087764127395,8.46807298097288,8.67934436760513,330,3,3
7.5326554174535,7.92965770931914,4.54177575884387,3.60822065500543,3.60742370365188,0.611685337498784,0,1,2.92900152504444,3,3,0.5,0.1,18.1011392186612,18.495807238797,6.33340304522513,331,2,2
7.5326554174535,7.92965770931914,4.54177575884387,3.60822065500543,3.60742370365188,0.611685337498784,1,1,0.0447289785370231,3,3,0.5,0.1,7.69404744168808,8.09101408673374,4.56913581917626,332,1,2
7.5326554174535,7.92965770931914,4.54177575884387,3.60822065500543,3.60742370365188,0.611685337498784,2,1,1.46869805990718,3,3,0.5,0.1,12.832042093177,13.2278739041358,5.440156827302,333,1,2
7.5326554174535,7.92965770931914,4.54177575884387,3.60822065500543,3.60742370365188,0.611685337498784,3,1,1.38687478960492,3,3,0.5,0.1,12.5368056792123,12.9327026993371,5.39010673259191,334,2,2
7.5326554174535,7.92965770931914,4.54177575884387,3.60822065500543,3.60742370365188,0.611685337498784,4,1,4.06787107465789,3,3,0.5,0.1,22.2104318509332,22.6041922474398,7.03003285004752,335,2,2
7.5326554174535,7.92965770931914,4.54177575884387,3.60822065500543,3.60742370365188,0.611685337498784,5,1,1.30213885684498,3,3,0.5,0.1,12.2310597364067,12.6270242869479,5.33827500496337,336,2,2
7.5326554174535,7.92965770931914,4.54177575884387,3.60822065500543,3.60742370365188,0.611685337498784,6,1,3.62202946329489,3,3,0.5,0.1,20.6017369399523,20.9958526505346,6.75731807352995,337,1,2
7.5326554174535,7.92965770931914,4.54177575884387,3.60822065500543,3.60742370365188,0.611685337498784,7,1,4.53046075650491,3,3,0.5,0.1,23.879557495766,24.2729492307996,7.31299217571157,338,1,2
7.5326554174535,7.92965770931914,4.54177575884387,3.60822065500543,3.60742370365188,0.611685337498784,8,1,4.74520110525191,3,3,0.5,0.1,24.654388057578,25.047608655,7.44434569840949,339,1,2
7.5326554174535,7.92965770931914,4.54177575884387,3.60822065500543,3.60742370365188,0.611685337498784,9,1,0.365722347050905,3,3,0.5,0.1,8.85226234407964,9.24897317302578,4.76548275613055,340,1,2
4.57881778711453,4.87117363605648,5.17899634083733,0.369176401291043,0.421581247355789,9.01331109460443,0,1,2.92900152504444,3,3,0.5,0.1,5.66013602950641,6.10598575249173,31.5789982826337,341,3,3
4.57881778711453,4.87117363605648,5.17899634083733,0.369176401291043,0.421581247355789,9.01331109460443,1,1,0.0447289785370231,3,3,0.5,0.1,4.59533067044425,4.89003053462107,5.5821525393354,342,1,3
4.57881778711453,4.87117363605648,5.17899634083733,0.369176401291043,0.421581247355789,9.01331109460443,2,1,1.46869805990718,3,3,0.5,0.1,5.1210264514542,5.49034919614118,18.4168288588227,343,3,3
4.57881778711453,4.87117363605648,5.17899634083733,0.369176401291043,0.421581247355789,9.01331109460443,3,1,1.38687478960492,3,3,0.5,0.1,5.09081923098215,5.45585403978442,17.6793302688105,344,3,3
4.57881778711453,4.87117363605648,5.17899634083733,0.369176401291043,0.421581247355789,9.01331109460443,4,1,4.06787107465789,3,3,0.5,0.1,6.08057979137266,6.58611179779329,41.8439838294717,345,3,3
4.57881778711453,4.87117363605648,5.17899634083733,0.369176401291043,0.421581247355789,9.01331109460443,5,1,1.30213885684498,3,3,0.5,0.1,5.05953672426579,5.42013095955563,16.9155789459537,346,3,3
4.57881778711453,4.87117363605648,5.17899634083733,0.369176401291043,0.421581247355789,9.01331109460443,6,1,3.62202946329489,3,3,0.5,0.1,5.91598558974387,6.39815333515176,37.8254746873373,347,3,3
4.57881778711453,4.87117363605648,5.17899634083733,0.369176401291043,0.421581247355789,9.01331109460443,7,1,4.53046075650491,3,3,0.5,0.1,6.25135698539131,6.78113093288027,46.013448541113,348,3,3
4.57881778711453,4.87117363605648,5.17899634083733,0.369176401291043,0.421581247355789,9.01331109460443,8,1,4.74520110525191,3,3,0.5,0.1,6.33063405455371,6.87166143696265,47.9489701089336,349,3,3
4.57881778711453,4.87117363605648,5.17899634083733,0.369176401291043,0.421581247355789,9.01331109460443,9,1,0.365722347050905,3,3,0.5,0.1,4.7138338470705,5.02535531931209,8.47536562905603,350,2,3
