"","attributeA_option1","attributeA_option2","attributeB_option1","attributeB_option2","trialid","ppntid","calcsd","Bweight","toleranceA","toleranceB","orderr","value1","value2","oraclechoice","rowname","choice"
"1",5,5,0,5,1,"0",0.5,0,1,1,0.1,5,5,1,1,1
"2",5,5,1.11111111111111,5,2,"0",0.5,0,1,1,0.1,5,5,1,2,1
"3",5,5,2.22222222222222,5,3,"0",0.5,0,1,1,0.1,5,5,2,3,2
"4",5,5,3.33333333333333,5,4,"0",0.5,0,1,1,0.1,5,5,2,4,1
"5",5,5,4.44444444444444,5,5,"0",0.5,0,1,1,0.1,5,5,2,5,2
"6",5,5,5.55555555555556,5,6,"0",0.5,0,1,1,0.1,5,5,1,6,1
"7",5,5,6.66666666666667,5,7,"0",0.5,0,1,1,0.1,5,5,1,7,1
"8",5,5,7.77777777777778,5,8,"0",0.5,0,1,1,0.1,5,5,1,8,1
"9",5,5,8.88888888888889,5,9,"0",0.5,0,1,1,0.1,5,5,1,9,1
"10",5,5,10,5,10,"0",0.5,0,1,1,0.1,5,5,1,10,2
"1.1",5,5,0,5,1,"0",0.5,0,1,1,0.1,5,5,2,11,2
"2.1",5,5,1.11111111111111,5,2,"0",0.5,0,1,1,0.1,5,5,2,12,1
"3.1",5,5,2.22222222222222,5,3,"0",0.5,0,1,1,0.1,5,5,1,13,2
"4.1",5,5,3.33333333333333,5,4,"0",0.5,0,1,1,0.1,5,5,1,14,2
"5.1",5,5,4.44444444444444,5,5,"0",0.5,0,1,1,0.1,5,5,2,15,2
"6.1",5,5,5.55555555555556,5,6,"0",0.5,0,1,1,0.1,5,5,1,16,2
"7.1",5,5,6.66666666666667,5,7,"0",0.5,0,1,1,0.1,5,5,2,17,1
"8.1",5,5,7.77777777777778,5,8,"0",0.5,0,1,1,0.1,5,5,1,18,1
"9.1",5,5,8.88888888888889,5,9,"0",0.5,0,1,1,0.1,5,5,1,19,1
"10.1",5,5,10,5,10,"0",0.5,0,1,1,0.1,5,5,1,20,1
"1.2",5,5,0,5,1,"0",0.5,0,1,1,0.1,5,5,1,21,2
"2.2",5,5,1.11111111111111,5,2,"0",0.5,0,1,1,0.1,5,5,2,22,2
"3.2",5,5,2.22222222222222,5,3,"0",0.5,0,1,1,0.1,5,5,1,23,1
"4.2",5,5,3.33333333333333,5,4,"0",0.5,0,1,1,0.1,5,5,1,24,1
"5.2",5,5,4.44444444444444,5,5,"0",0.5,0,1,1,0.1,5,5,2,25,1
"6.2",5,5,5.55555555555556,5,6,"0",0.5,0,1,1,0.1,5,5,1,26,1
"7.2",5,5,6.66666666666667,5,7,"0",0.5,0,1,1,0.1,5,5,1,27,1
"8.2",5,5,7.77777777777778,5,8,"0",0.5,0,1,1,0.1,5,5,1,28,2
"9.2",5,5,8.88888888888889,5,9,"0",0.5,0,1,1,0.1,5,5,2,29,2
"10.2",5,5,10,5,10,"0",0.5,0,1,1,0.1,5,5,1,30,2
"1.3",5,5,0,5,1,"0",0.5,0,1,1,0.1,5,5,1,31,2
"2.3",5,5,1.11111111111111,5,2,"0",0.5,0,1,1,0.1,5,5,1,32,2
"3.3",5,5,2.22222222222222,5,3,"0",0.5,0,1,1,0.1,5,5,2,33,2
"4.3",5,5,3.33333333333333,5,4,"0",0.5,0,1,1,0.1,5,5,1,34,1
"5.3",5,5,4.44444444444444,5,5,"0",0.5,0,1,1,0.1,5,5,2,35,2
"6.3",5,5,5.55555555555556,5,6,"0",0.5,0,1,1,0.1,5,5,1,36,1
"7.3",5,5,6.66666666666667,5,7,"0",0.5,0,1,1,0.1,5,5,1,37,1
"8.3",5,5,7.77777777777778,5,8,"0",0.5,0,1,1,0.1,5,5,2,38,2
"9.3",5,5,8.88888888888889,5,9,"0",0.5,0,1,1,0.1,5,5,2,39,2
"10.3",5,5,10,5,10,"0",0.5,0,1,1,0.1,5,5,1,40,2
"1.4",5,5,0,5,1,"0",0.5,0,1,1,0.1,5,5,1,41,2
"2.4",5,5,1.11111111111111,5,2,"0",0.5,0,1,1,0.1,5,5,1,42,1
"3.4",5,5,2.22222222222222,5,3,"0",0.5,0,1,1,0.1,5,5,2,43,1
"4.4",5,5,3.33333333333333,5,4,"0",0.5,0,1,1,0.1,5,5,1,44,2
"5.4",5,5,4.44444444444444,5,5,"0",0.5,0,1,1,0.1,5,5,2,45,1
"6.4",5,5,5.55555555555556,5,6,"0",0.5,0,1,1,0.1,5,5,1,46,2
"7.4",5,5,6.66666666666667,5,7,"0",0.5,0,1,1,0.1,5,5,2,47,1
"8.4",5,5,7.77777777777778,5,8,"0",0.5,0,1,1,0.1,5,5,2,48,1
"9.4",5,5,8.88888888888889,5,9,"0",0.5,0,1,1,0.1,5,5,2,49,2
"10.4",5,5,10,5,10,"0",0.5,0,1,1,0.1,5,5,2,50,1
"1.5",5,5,0,5,1,"0",0.5,0,1,1,0.1,5,5,1,51,2
"2.5",5,5,1.11111111111111,5,2,"0",0.5,0,1,1,0.1,5,5,2,52,2
"3.5",5,5,2.22222222222222,5,3,"0",0.5,0,1,1,0.1,5,5,2,53,1
"4.5",5,5,3.33333333333333,5,4,"0",0.5,0,1,1,0.1,5,5,1,54,2
"5.5",5,5,4.44444444444444,5,5,"0",0.5,0,1,1,0.1,5,5,1,55,2
"6.5",5,5,5.55555555555556,5,6,"0",0.5,0,1,1,0.1,5,5,1,56,1
"7.5",5,5,6.66666666666667,5,7,"0",0.5,0,1,1,0.1,5,5,1,57,2
"8.5",5,5,7.77777777777778,5,8,"0",0.5,0,1,1,0.1,5,5,1,58,2
"9.5",5,5,8.88888888888889,5,9,"0",0.5,0,1,1,0.1,5,5,1,59,2
"10.5",5,5,10,5,10,"0",0.5,0,1,1,0.1,5,5,2,60,1
"1.6",5,5,0,5,1,"0",0.5,0,1,1,0.1,5,5,1,61,1
"2.6",5,5,1.11111111111111,5,2,"0",0.5,0,1,1,0.1,5,5,2,62,2
"3.6",5,5,2.22222222222222,5,3,"0",0.5,0,1,1,0.1,5,5,1,63,1
"4.6",5,5,3.33333333333333,5,4,"0",0.5,0,1,1,0.1,5,5,2,64,2
"5.6",5,5,4.44444444444444,5,5,"0",0.5,0,1,1,0.1,5,5,1,65,2
"6.6",5,5,5.55555555555556,5,6,"0",0.5,0,1,1,0.1,5,5,1,66,2
"7.6",5,5,6.66666666666667,5,7,"0",0.5,0,1,1,0.1,5,5,2,67,1
"8.6",5,5,7.77777777777778,5,8,"0",0.5,0,1,1,0.1,5,5,1,68,1
"9.6",5,5,8.88888888888889,5,9,"0",0.5,0,1,1,0.1,5,5,2,69,1
"10.6",5,5,10,5,10,"0",0.5,0,1,1,0.1,5,5,1,70,1
"1.7",5,5,0,5,1,"0",0.5,0,1,1,0.1,5,5,2,71,1
"2.7",5,5,1.11111111111111,5,2,"0",0.5,0,1,1,0.1,5,5,2,72,1
"3.7",5,5,2.22222222222222,5,3,"0",0.5,0,1,1,0.1,5,5,2,73,2
"4.7",5,5,3.33333333333333,5,4,"0",0.5,0,1,1,0.1,5,5,1,74,1
"5.7",5,5,4.44444444444444,5,5,"0",0.5,0,1,1,0.1,5,5,1,75,1
"6.7",5,5,5.55555555555556,5,6,"0",0.5,0,1,1,0.1,5,5,1,76,2
"7.7",5,5,6.66666666666667,5,7,"0",0.5,0,1,1,0.1,5,5,1,77,1
"8.7",5,5,7.77777777777778,5,8,"0",0.5,0,1,1,0.1,5,5,2,78,2
"9.7",5,5,8.88888888888889,5,9,"0",0.5,0,1,1,0.1,5,5,1,79,2
"10.7",5,5,10,5,10,"0",0.5,0,1,1,0.1,5,5,1,80,2
"1.8",5,5,0,5,1,"0",0.5,0,1,1,0.1,5,5,1,81,2
"2.8",5,5,1.11111111111111,5,2,"0",0.5,0,1,1,0.1,5,5,1,82,2
"3.8",5,5,2.22222222222222,5,3,"0",0.5,0,1,1,0.1,5,5,2,83,2
"4.8",5,5,3.33333333333333,5,4,"0",0.5,0,1,1,0.1,5,5,2,84,2
"5.8",5,5,4.44444444444444,5,5,"0",0.5,0,1,1,0.1,5,5,1,85,1
"6.8",5,5,5.55555555555556,5,6,"0",0.5,0,1,1,0.1,5,5,1,86,2
"7.8",5,5,6.66666666666667,5,7,"0",0.5,0,1,1,0.1,5,5,2,87,2
"8.8",5,5,7.77777777777778,5,8,"0",0.5,0,1,1,0.1,5,5,2,88,1
"9.8",5,5,8.88888888888889,5,9,"0",0.5,0,1,1,0.1,5,5,2,89,1
"10.8",5,5,10,5,10,"0",0.5,0,1,1,0.1,5,5,2,90,2
"1.9",5,5,0,5,1,"0",0.5,0,1,1,0.1,5,5,1,91,1
"2.9",5,5,1.11111111111111,5,2,"0",0.5,0,1,1,0.1,5,5,1,92,1
"3.9",5,5,2.22222222222222,5,3,"0",0.5,0,1,1,0.1,5,5,2,93,1
"4.9",5,5,3.33333333333333,5,4,"0",0.5,0,1,1,0.1,5,5,1,94,1
"5.9",5,5,4.44444444444444,5,5,"0",0.5,0,1,1,0.1,5,5,2,95,2
"6.9",5,5,5.55555555555556,5,6,"0",0.5,0,1,1,0.1,5,5,2,96,1
"7.9",5,5,6.66666666666667,5,7,"0",0.5,0,1,1,0.1,5,5,2,97,1
"8.9",5,5,7.77777777777778,5,8,"0",0.5,0,1,1,0.1,5,5,1,98,1
"9.9",5,5,8.88888888888889,5,9,"0",0.5,0,1,1,0.1,5,5,1,99,2
"10.9",5,5,10,5,10,"0",0.5,0,1,1,0.1,5,5,2,100,1
"11",5,5,0,5,1,"1",0.5,0.111111111111111,1,1,0.1,4.44444444444444,5,2,101,2
"21",5,5,1.11111111111111,5,2,"1",0.5,0.111111111111111,1,1,0.1,4.5679012345679,5,2,102,2
"31",5,5,2.22222222222222,5,3,"1",0.5,0.111111111111111,1,1,0.1,4.69135802469136,5,2,103,2
"41",5,5,3.33333333333333,5,4,"1",0.5,0.111111111111111,1,1,0.1,4.81481481481481,5,2,104,1
"51",5,5,4.44444444444444,5,5,"1",0.5,0.111111111111111,1,1,0.1,4.93827160493827,5,2,105,1
"61",5,5,5.55555555555556,5,6,"1",0.5,0.111111111111111,1,1,0.1,5.06172839506173,5,1,106,1
"71",5,5,6.66666666666667,5,7,"1",0.5,0.111111111111111,1,1,0.1,5.18518518518519,5,1,107,1
"81",5,5,7.77777777777778,5,8,"1",0.5,0.111111111111111,1,1,0.1,5.30864197530864,5,1,108,1
"91",5,5,8.88888888888889,5,9,"1",0.5,0.111111111111111,1,1,0.1,5.4320987654321,5,1,109,2
"101",5,5,10,5,10,"1",0.5,0.111111111111111,1,1,0.1,5.55555555555556,5,1,110,2
"1.11",5,5,0,5,1,"1",0.5,0.111111111111111,1,1,0.1,4.44444444444444,5,2,111,1
"2.11",5,5,1.11111111111111,5,2,"1",0.5,0.111111111111111,1,1,0.1,4.5679012345679,5,2,112,2
"3.11",5,5,2.22222222222222,5,3,"1",0.5,0.111111111111111,1,1,0.1,4.69135802469136,5,2,113,1
"4.11",5,5,3.33333333333333,5,4,"1",0.5,0.111111111111111,1,1,0.1,4.81481481481481,5,2,114,2
"5.11",5,5,4.44444444444444,5,5,"1",0.5,0.111111111111111,1,1,0.1,4.93827160493827,5,2,115,1
"6.11",5,5,5.55555555555556,5,6,"1",0.5,0.111111111111111,1,1,0.1,5.06172839506173,5,1,116,2
"7.11",5,5,6.66666666666667,5,7,"1",0.5,0.111111111111111,1,1,0.1,5.18518518518519,5,1,117,2
"8.11",5,5,7.77777777777778,5,8,"1",0.5,0.111111111111111,1,1,0.1,5.30864197530864,5,1,118,1
"9.11",5,5,8.88888888888889,5,9,"1",0.5,0.111111111111111,1,1,0.1,5.4320987654321,5,1,119,1
"10.11",5,5,10,5,10,"1",0.5,0.111111111111111,1,1,0.1,5.55555555555556,5,1,120,1
"1.21",5,5,0,5,1,"1",0.5,0.111111111111111,1,1,0.1,4.44444444444444,5,2,121,1
"2.21",5,5,1.11111111111111,5,2,"1",0.5,0.111111111111111,1,1,0.1,4.5679012345679,5,2,122,2
"3.21",5,5,2.22222222222222,5,3,"1",0.5,0.111111111111111,1,1,0.1,4.69135802469136,5,2,123,2
"4.21",5,5,3.33333333333333,5,4,"1",0.5,0.111111111111111,1,1,0.1,4.81481481481481,5,2,124,2
"5.21",5,5,4.44444444444444,5,5,"1",0.5,0.111111111111111,1,1,0.1,4.93827160493827,5,2,125,2
"6.21",5,5,5.55555555555556,5,6,"1",0.5,0.111111111111111,1,1,0.1,5.06172839506173,5,1,126,1
"7.21",5,5,6.66666666666667,5,7,"1",0.5,0.111111111111111,1,1,0.1,5.18518518518519,5,1,127,1
"8.21",5,5,7.77777777777778,5,8,"1",0.5,0.111111111111111,1,1,0.1,5.30864197530864,5,1,128,1
"9.21",5,5,8.88888888888889,5,9,"1",0.5,0.111111111111111,1,1,0.1,5.4320987654321,5,1,129,1
"10.21",5,5,10,5,10,"1",0.5,0.111111111111111,1,1,0.1,5.55555555555556,5,1,130,1
"1.31",5,5,0,5,1,"1",0.5,0.111111111111111,1,1,0.1,4.44444444444444,5,2,131,1
"2.31",5,5,1.11111111111111,5,2,"1",0.5,0.111111111111111,1,1,0.1,4.5679012345679,5,2,132,2
"3.31",5,5,2.22222222222222,5,3,"1",0.5,0.111111111111111,1,1,0.1,4.69135802469136,5,2,133,1
"4.31",5,5,3.33333333333333,5,4,"1",0.5,0.111111111111111,1,1,0.1,4.81481481481481,5,2,134,1
"5.31",5,5,4.44444444444444,5,5,"1",0.5,0.111111111111111,1,1,0.1,4.93827160493827,5,2,135,1
"6.31",5,5,5.55555555555556,5,6,"1",0.5,0.111111111111111,1,1,0.1,5.06172839506173,5,1,136,1
"7.31",5,5,6.66666666666667,5,7,"1",0.5,0.111111111111111,1,1,0.1,5.18518518518519,5,1,137,2
"8.31",5,5,7.77777777777778,5,8,"1",0.5,0.111111111111111,1,1,0.1,5.30864197530864,5,1,138,2
"9.31",5,5,8.88888888888889,5,9,"1",0.5,0.111111111111111,1,1,0.1,5.4320987654321,5,1,139,1
"10.31",5,5,10,5,10,"1",0.5,0.111111111111111,1,1,0.1,5.55555555555556,5,1,140,2
"1.41",5,5,0,5,1,"1",0.5,0.111111111111111,1,1,0.1,4.44444444444444,5,2,141,2
"2.41",5,5,1.11111111111111,5,2,"1",0.5,0.111111111111111,1,1,0.1,4.5679012345679,5,2,142,2
"3.41",5,5,2.22222222222222,5,3,"1",0.5,0.111111111111111,1,1,0.1,4.69135802469136,5,2,143,1
"4.41",5,5,3.33333333333333,5,4,"1",0.5,0.111111111111111,1,1,0.1,4.81481481481481,5,2,144,2
"5.41",5,5,4.44444444444444,5,5,"1",0.5,0.111111111111111,1,1,0.1,4.93827160493827,5,2,145,1
"6.41",5,5,5.55555555555556,5,6,"1",0.5,0.111111111111111,1,1,0.1,5.06172839506173,5,1,146,1
"7.41",5,5,6.66666666666667,5,7,"1",0.5,0.111111111111111,1,1,0.1,5.18518518518519,5,1,147,2
"8.41",5,5,7.77777777777778,5,8,"1",0.5,0.111111111111111,1,1,0.1,5.30864197530864,5,1,148,1
"9.41",5,5,8.88888888888889,5,9,"1",0.5,0.111111111111111,1,1,0.1,5.4320987654321,5,1,149,1
"10.41",5,5,10,5,10,"1",0.5,0.111111111111111,1,1,0.1,5.55555555555556,5,1,150,2
"1.51",5,5,0,5,1,"1",0.5,0.111111111111111,1,1,0.1,4.44444444444444,5,2,151,1
"2.51",5,5,1.11111111111111,5,2,"1",0.5,0.111111111111111,1,1,0.1,4.5679012345679,5,2,152,2
"3.51",5,5,2.22222222222222,5,3,"1",0.5,0.111111111111111,1,1,0.1,4.69135802469136,5,2,153,2
"4.51",5,5,3.33333333333333,5,4,"1",0.5,0.111111111111111,1,1,0.1,4.81481481481481,5,2,154,1
"5.51",5,5,4.44444444444444,5,5,"1",0.5,0.111111111111111,1,1,0.1,4.93827160493827,5,2,155,1
"6.51",5,5,5.55555555555556,5,6,"1",0.5,0.111111111111111,1,1,0.1,5.06172839506173,5,1,156,2
"7.51",5,5,6.66666666666667,5,7,"1",0.5,0.111111111111111,1,1,0.1,5.18518518518519,5,1,157,1
"8.51",5,5,7.77777777777778,5,8,"1",0.5,0.111111111111111,1,1,0.1,5.30864197530864,5,1,158,2
"9.51",5,5,8.88888888888889,5,9,"1",0.5,0.111111111111111,1,1,0.1,5.4320987654321,5,1,159,1
"10.51",5,5,10,5,10,"1",0.5,0.111111111111111,1,1,0.1,5.55555555555556,5,1,160,1
"1.61",5,5,0,5,1,"1",0.5,0.111111111111111,1,1,0.1,4.44444444444444,5,2,161,2
"2.61",5,5,1.11111111111111,5,2,"1",0.5,0.111111111111111,1,1,0.1,4.5679012345679,5,2,162,1
"3.61",5,5,2.22222222222222,5,3,"1",0.5,0.111111111111111,1,1,0.1,4.69135802469136,5,2,163,1
"4.61",5,5,3.33333333333333,5,4,"1",0.5,0.111111111111111,1,1,0.1,4.81481481481481,5,2,164,1
"5.61",5,5,4.44444444444444,5,5,"1",0.5,0.111111111111111,1,1,0.1,4.93827160493827,5,2,165,2
"6.61",5,5,5.55555555555556,5,6,"1",0.5,0.111111111111111,1,1,0.1,5.06172839506173,5,1,166,1
"7.61",5,5,6.66666666666667,5,7,"1",0.5,0.111111111111111,1,1,0.1,5.18518518518519,5,1,167,1
"8.61",5,5,7.77777777777778,5,8,"1",0.5,0.111111111111111,1,1,0.1,5.30864197530864,5,1,168,2
"9.61",5,5,8.88888888888889,5,9,"1",0.5,0.111111111111111,1,1,0.1,5.4320987654321,5,1,169,1
"10.61",5,5,10,5,10,"1",0.5,0.111111111111111,1,1,0.1,5.55555555555556,5,1,170,2
"1.71",5,5,0,5,1,"1",0.5,0.111111111111111,1,1,0.1,4.44444444444444,5,2,171,1
"2.71",5,5,1.11111111111111,5,2,"1",0.5,0.111111111111111,1,1,0.1,4.5679012345679,5,2,172,2
"3.71",5,5,2.22222222222222,5,3,"1",0.5,0.111111111111111,1,1,0.1,4.69135802469136,5,2,173,2
"4.71",5,5,3.33333333333333,5,4,"1",0.5,0.111111111111111,1,1,0.1,4.81481481481481,5,2,174,1
"5.71",5,5,4.44444444444444,5,5,"1",0.5,0.111111111111111,1,1,0.1,4.93827160493827,5,2,175,1
"6.71",5,5,5.55555555555556,5,6,"1",0.5,0.111111111111111,1,1,0.1,5.06172839506173,5,1,176,1
"7.71",5,5,6.66666666666667,5,7,"1",0.5,0.111111111111111,1,1,0.1,5.18518518518519,5,1,177,2
"8.71",5,5,7.77777777777778,5,8,"1",0.5,0.111111111111111,1,1,0.1,5.30864197530864,5,1,178,1
"9.71",5,5,8.88888888888889,5,9,"1",0.5,0.111111111111111,1,1,0.1,5.4320987654321,5,1,179,1
"10.71",5,5,10,5,10,"1",0.5,0.111111111111111,1,1,0.1,5.55555555555556,5,1,180,1
"1.81",5,5,0,5,1,"1",0.5,0.111111111111111,1,1,0.1,4.44444444444444,5,2,181,2
"2.81",5,5,1.11111111111111,5,2,"1",0.5,0.111111111111111,1,1,0.1,4.5679012345679,5,2,182,2
"3.81",5,5,2.22222222222222,5,3,"1",0.5,0.111111111111111,1,1,0.1,4.69135802469136,5,2,183,2
"4.81",5,5,3.33333333333333,5,4,"1",0.5,0.111111111111111,1,1,0.1,4.81481481481481,5,2,184,2
"5.81",5,5,4.44444444444444,5,5,"1",0.5,0.111111111111111,1,1,0.1,4.93827160493827,5,2,185,1
"6.81",5,5,5.55555555555556,5,6,"1",0.5,0.111111111111111,1,1,0.1,5.06172839506173,5,1,186,2
"7.81",5,5,6.66666666666667,5,7,"1",0.5,0.111111111111111,1,1,0.1,5.18518518518519,5,1,187,2
"8.81",5,5,7.77777777777778,5,8,"1",0.5,0.111111111111111,1,1,0.1,5.30864197530864,5,1,188,1
"9.81",5,5,8.88888888888889,5,9,"1",0.5,0.111111111111111,1,1,0.1,5.4320987654321,5,1,189,1
"10.81",5,5,10,5,10,"1",0.5,0.111111111111111,1,1,0.1,5.55555555555556,5,1,190,1
"1.91",5,5,0,5,1,"1",0.5,0.111111111111111,1,1,0.1,4.44444444444444,5,2,191,1
"2.91",5,5,1.11111111111111,5,2,"1",0.5,0.111111111111111,1,1,0.1,4.5679012345679,5,2,192,2
"3.91",5,5,2.22222222222222,5,3,"1",0.5,0.111111111111111,1,1,0.1,4.69135802469136,5,2,193,2
"4.91",5,5,3.33333333333333,5,4,"1",0.5,0.111111111111111,1,1,0.1,4.81481481481481,5,2,194,2
"5.91",5,5,4.44444444444444,5,5,"1",0.5,0.111111111111111,1,1,0.1,4.93827160493827,5,2,195,1
"6.91",5,5,5.55555555555556,5,6,"1",0.5,0.111111111111111,1,1,0.1,5.06172839506173,5,1,196,1
"7.91",5,5,6.66666666666667,5,7,"1",0.5,0.111111111111111,1,1,0.1,5.18518518518519,5,1,197,1
"8.91",5,5,7.77777777777778,5,8,"1",0.5,0.111111111111111,1,1,0.1,5.30864197530864,5,1,198,1
"9.91",5,5,8.88888888888889,5,9,"1",0.5,0.111111111111111,1,1,0.1,5.4320987654321,5,1,199,1
"10.91",5,5,10,5,10,"1",0.5,0.111111111111111,1,1,0.1,5.55555555555556,5,1,200,1
"12",5,5,0,5,1,"2",0.5,0.222222222222222,1,1,0.1,3.88888888888889,5,2,201,2
"22",5,5,1.11111111111111,5,2,"2",0.5,0.222222222222222,1,1,0.1,4.1358024691358,5,2,202,1
"32",5,5,2.22222222222222,5,3,"2",0.5,0.222222222222222,1,1,0.1,4.38271604938272,5,2,203,1
"42",5,5,3.33333333333333,5,4,"2",0.5,0.222222222222222,1,1,0.1,4.62962962962963,5,2,204,2
"52",5,5,4.44444444444444,5,5,"2",0.5,0.222222222222222,1,1,0.1,4.87654320987654,5,2,205,2
"62",5,5,5.55555555555556,5,6,"2",0.5,0.222222222222222,1,1,0.1,5.12345679012346,5,1,206,1
"72",5,5,6.66666666666667,5,7,"2",0.5,0.222222222222222,1,1,0.1,5.37037037037037,5,1,207,1
"82",5,5,7.77777777777778,5,8,"2",0.5,0.222222222222222,1,1,0.1,5.61728395061728,5,1,208,1
"92",5,5,8.88888888888889,5,9,"2",0.5,0.222222222222222,1,1,0.1,5.8641975308642,5,1,209,2
"102",5,5,10,5,10,"2",0.5,0.222222222222222,1,1,0.1,6.11111111111111,5,1,210,1
"1.12",5,5,0,5,1,"2",0.5,0.222222222222222,1,1,0.1,3.88888888888889,5,2,211,2
"2.12",5,5,1.11111111111111,5,2,"2",0.5,0.222222222222222,1,1,0.1,4.1358024691358,5,2,212,2
"3.12",5,5,2.22222222222222,5,3,"2",0.5,0.222222222222222,1,1,0.1,4.38271604938272,5,2,213,2
"4.12",5,5,3.33333333333333,5,4,"2",0.5,0.222222222222222,1,1,0.1,4.62962962962963,5,2,214,2
"5.12",5,5,4.44444444444444,5,5,"2",0.5,0.222222222222222,1,1,0.1,4.87654320987654,5,2,215,2
"6.12",5,5,5.55555555555556,5,6,"2",0.5,0.222222222222222,1,1,0.1,5.12345679012346,5,1,216,2
"7.12",5,5,6.66666666666667,5,7,"2",0.5,0.222222222222222,1,1,0.1,5.37037037037037,5,1,217,2
"8.12",5,5,7.77777777777778,5,8,"2",0.5,0.222222222222222,1,1,0.1,5.61728395061728,5,1,218,1
"9.12",5,5,8.88888888888889,5,9,"2",0.5,0.222222222222222,1,1,0.1,5.8641975308642,5,1,219,1
"10.12",5,5,10,5,10,"2",0.5,0.222222222222222,1,1,0.1,6.11111111111111,5,1,220,1
"1.22",5,5,0,5,1,"2",0.5,0.222222222222222,1,1,0.1,3.88888888888889,5,2,221,2
"2.22",5,5,1.11111111111111,5,2,"2",0.5,0.222222222222222,1,1,0.1,4.1358024691358,5,2,222,1
"3.22",5,5,2.22222222222222,5,3,"2",0.5,0.222222222222222,1,1,0.1,4.38271604938272,5,2,223,2
"4.22",5,5,3.33333333333333,5,4,"2",0.5,0.222222222222222,1,1,0.1,4.62962962962963,5,2,224,1
"5.22",5,5,4.44444444444444,5,5,"2",0.5,0.222222222222222,1,1,0.1,4.87654320987654,5,2,225,1
"6.22",5,5,5.55555555555556,5,6,"2",0.5,0.222222222222222,1,1,0.1,5.12345679012346,5,1,226,1
"7.22",5,5,6.66666666666667,5,7,"2",0.5,0.222222222222222,1,1,0.1,5.37037037037037,5,1,227,2
"8.22",5,5,7.77777777777778,5,8,"2",0.5,0.222222222222222,1,1,0.1,5.61728395061728,5,1,228,2
"9.22",5,5,8.88888888888889,5,9,"2",0.5,0.222222222222222,1,1,0.1,5.8641975308642,5,1,229,2
"10.22",5,5,10,5,10,"2",0.5,0.222222222222222,1,1,0.1,6.11111111111111,5,1,230,1
"1.32",5,5,0,5,1,"2",0.5,0.222222222222222,1,1,0.1,3.88888888888889,5,2,231,1
"2.32",5,5,1.11111111111111,5,2,"2",0.5,0.222222222222222,1,1,0.1,4.1358024691358,5,2,232,2
"3.32",5,5,2.22222222222222,5,3,"2",0.5,0.222222222222222,1,1,0.1,4.38271604938272,5,2,233,1
"4.32",5,5,3.33333333333333,5,4,"2",0.5,0.222222222222222,1,1,0.1,4.62962962962963,5,2,234,2
"5.32",5,5,4.44444444444444,5,5,"2",0.5,0.222222222222222,1,1,0.1,4.87654320987654,5,2,235,1
"6.32",5,5,5.55555555555556,5,6,"2",0.5,0.222222222222222,1,1,0.1,5.12345679012346,5,1,236,2
"7.32",5,5,6.66666666666667,5,7,"2",0.5,0.222222222222222,1,1,0.1,5.37037037037037,5,1,237,1
"8.32",5,5,7.77777777777778,5,8,"2",0.5,0.222222222222222,1,1,0.1,5.61728395061728,5,1,238,2
"9.32",5,5,8.88888888888889,5,9,"2",0.5,0.222222222222222,1,1,0.1,5.8641975308642,5,1,239,1
"10.32",5,5,10,5,10,"2",0.5,0.222222222222222,1,1,0.1,6.11111111111111,5,1,240,1
"1.42",5,5,0,5,1,"2",0.5,0.222222222222222,1,1,0.1,3.88888888888889,5,2,241,2
"2.42",5,5,1.11111111111111,5,2,"2",0.5,0.222222222222222,1,1,0.1,4.1358024691358,5,2,242,2
"3.42",5,5,2.22222222222222,5,3,"2",0.5,0.222222222222222,1,1,0.1,4.38271604938272,5,2,243,2
"4.42",5,5,3.33333333333333,5,4,"2",0.5,0.222222222222222,1,1,0.1,4.62962962962963,5,2,244,2
"5.42",5,5,4.44444444444444,5,5,"2",0.5,0.222222222222222,1,1,0.1,4.87654320987654,5,2,245,2
"6.42",5,5,5.55555555555556,5,6,"2",0.5,0.222222222222222,1,1,0.1,5.12345679012346,5,1,246,2
"7.42",5,5,6.66666666666667,5,7,"2",0.5,0.222222222222222,1,1,0.1,5.37037037037037,5,1,247,2
"8.42",5,5,7.77777777777778,5,8,"2",0.5,0.222222222222222,1,1,0.1,5.61728395061728,5,1,248,1
"9.42",5,5,8.88888888888889,5,9,"2",0.5,0.222222222222222,1,1,0.1,5.8641975308642,5,1,249,2
"10.42",5,5,10,5,10,"2",0.5,0.222222222222222,1,1,0.1,6.11111111111111,5,1,250,2
"1.52",5,5,0,5,1,"2",0.5,0.222222222222222,1,1,0.1,3.88888888888889,5,2,251,1
"2.52",5,5,1.11111111111111,5,2,"2",0.5,0.222222222222222,1,1,0.1,4.1358024691358,5,2,252,1
"3.52",5,5,2.22222222222222,5,3,"2",0.5,0.222222222222222,1,1,0.1,4.38271604938272,5,2,253,2
"4.52",5,5,3.33333333333333,5,4,"2",0.5,0.222222222222222,1,1,0.1,4.62962962962963,5,2,254,1
"5.52",5,5,4.44444444444444,5,5,"2",0.5,0.222222222222222,1,1,0.1,4.87654320987654,5,2,255,1
"6.52",5,5,5.55555555555556,5,6,"2",0.5,0.222222222222222,1,1,0.1,5.12345679012346,5,1,256,2
"7.52",5,5,6.66666666666667,5,7,"2",0.5,0.222222222222222,1,1,0.1,5.37037037037037,5,1,257,2
"8.52",5,5,7.77777777777778,5,8,"2",0.5,0.222222222222222,1,1,0.1,5.61728395061728,5,1,258,1
"9.52",5,5,8.88888888888889,5,9,"2",0.5,0.222222222222222,1,1,0.1,5.8641975308642,5,1,259,2
"10.52",5,5,10,5,10,"2",0.5,0.222222222222222,1,1,0.1,6.11111111111111,5,1,260,2
"1.62",5,5,0,5,1,"2",0.5,0.222222222222222,1,1,0.1,3.88888888888889,5,2,261,2
"2.62",5,5,1.11111111111111,5,2,"2",0.5,0.222222222222222,1,1,0.1,4.1358024691358,5,2,262,1
"3.62",5,5,2.22222222222222,5,3,"2",0.5,0.222222222222222,1,1,0.1,4.38271604938272,5,2,263,1
"4.62",5,5,3.33333333333333,5,4,"2",0.5,0.222222222222222,1,1,0.1,4.62962962962963,5,2,264,1
"5.62",5,5,4.44444444444444,5,5,"2",0.5,0.222222222222222,1,1,0.1,4.87654320987654,5,2,265,2
"6.62",5,5,5.55555555555556,5,6,"2",0.5,0.222222222222222,1,1,0.1,5.12345679012346,5,1,266,1
"7.62",5,5,6.66666666666667,5,7,"2",0.5,0.222222222222222,1,1,0.1,5.37037037037037,5,1,267,1
"8.62",5,5,7.77777777777778,5,8,"2",0.5,0.222222222222222,1,1,0.1,5.61728395061728,5,1,268,2
"9.62",5,5,8.88888888888889,5,9,"2",0.5,0.222222222222222,1,1,0.1,5.8641975308642,5,1,269,2
"10.62",5,5,10,5,10,"2",0.5,0.222222222222222,1,1,0.1,6.11111111111111,5,1,270,1
"1.72",5,5,0,5,1,"2",0.5,0.222222222222222,1,1,0.1,3.88888888888889,5,2,271,2
"2.72",5,5,1.11111111111111,5,2,"2",0.5,0.222222222222222,1,1,0.1,4.1358024691358,5,2,272,2
"3.72",5,5,2.22222222222222,5,3,"2",0.5,0.222222222222222,1,1,0.1,4.38271604938272,5,2,273,1
"4.72",5,5,3.33333333333333,5,4,"2",0.5,0.222222222222222,1,1,0.1,4.62962962962963,5,2,274,2
"5.72",5,5,4.44444444444444,5,5,"2",0.5,0.222222222222222,1,1,0.1,4.87654320987654,5,2,275,2
"6.72",5,5,5.55555555555556,5,6,"2",0.5,0.222222222222222,1,1,0.1,5.12345679012346,5,1,276,2
"7.72",5,5,6.66666666666667,5,7,"2",0.5,0.222222222222222,1,1,0.1,5.37037037037037,5,1,277,1
"8.72",5,5,7.77777777777778,5,8,"2",0.5,0.222222222222222,1,1,0.1,5.61728395061728,5,1,278,1
"9.72",5,5,8.88888888888889,5,9,"2",0.5,0.222222222222222,1,1,0.1,5.8641975308642,5,1,279,1
"10.72",5,5,10,5,10,"2",0.5,0.222222222222222,1,1,0.1,6.11111111111111,5,1,280,1
"1.82",5,5,0,5,1,"2",0.5,0.222222222222222,1,1,0.1,3.88888888888889,5,2,281,2
"2.82",5,5,1.11111111111111,5,2,"2",0.5,0.222222222222222,1,1,0.1,4.1358024691358,5,2,282,1
"3.82",5,5,2.22222222222222,5,3,"2",0.5,0.222222222222222,1,1,0.1,4.38271604938272,5,2,283,2
"4.82",5,5,3.33333333333333,5,4,"2",0.5,0.222222222222222,1,1,0.1,4.62962962962963,5,2,284,1
"5.82",5,5,4.44444444444444,5,5,"2",0.5,0.222222222222222,1,1,0.1,4.87654320987654,5,2,285,1
"6.82",5,5,5.55555555555556,5,6,"2",0.5,0.222222222222222,1,1,0.1,5.12345679012346,5,1,286,2
"7.82",5,5,6.66666666666667,5,7,"2",0.5,0.222222222222222,1,1,0.1,5.37037037037037,5,1,287,1
"8.82",5,5,7.77777777777778,5,8,"2",0.5,0.222222222222222,1,1,0.1,5.61728395061728,5,1,288,1
"9.82",5,5,8.88888888888889,5,9,"2",0.5,0.222222222222222,1,1,0.1,5.8641975308642,5,1,289,1
"10.82",5,5,10,5,10,"2",0.5,0.222222222222222,1,1,0.1,6.11111111111111,5,1,290,1
"1.92",5,5,0,5,1,"2",0.5,0.222222222222222,1,1,0.1,3.88888888888889,5,2,291,1
"2.92",5,5,1.11111111111111,5,2,"2",0.5,0.222222222222222,1,1,0.1,4.1358024691358,5,2,292,1
"3.92",5,5,2.22222222222222,5,3,"2",0.5,0.222222222222222,1,1,0.1,4.38271604938272,5,2,293,2
"4.92",5,5,3.33333333333333,5,4,"2",0.5,0.222222222222222,1,1,0.1,4.62962962962963,5,2,294,2
"5.92",5,5,4.44444444444444,5,5,"2",0.5,0.222222222222222,1,1,0.1,4.87654320987654,5,2,295,1
"6.92",5,5,5.55555555555556,5,6,"2",0.5,0.222222222222222,1,1,0.1,5.12345679012346,5,1,296,2
"7.92",5,5,6.66666666666667,5,7,"2",0.5,0.222222222222222,1,1,0.1,5.37037037037037,5,1,297,2
"8.92",5,5,7.77777777777778,5,8,"2",0.5,0.222222222222222,1,1,0.1,5.61728395061728,5,1,298,1
"9.92",5,5,8.88888888888889,5,9,"2",0.5,0.222222222222222,1,1,0.1,5.8641975308642,5,1,299,2
"10.92",5,5,10,5,10,"2",0.5,0.222222222222222,1,1,0.1,6.11111111111111,5,1,300,2
"13",5,5,0,5,1,"3",0.5,0.333333333333333,1,1,0.1,3.33333333333333,5,2,301,2
"23",5,5,1.11111111111111,5,2,"3",0.5,0.333333333333333,1,1,0.1,3.7037037037037,5,2,302,2
"33",5,5,2.22222222222222,5,3,"3",0.5,0.333333333333333,1,1,0.1,4.07407407407407,5,2,303,2
"43",5,5,3.33333333333333,5,4,"3",0.5,0.333333333333333,1,1,0.1,4.44444444444444,5,2,304,2
"53",5,5,4.44444444444444,5,5,"3",0.5,0.333333333333333,1,1,0.1,4.81481481481481,5,2,305,2
"63",5,5,5.55555555555556,5,6,"3",0.5,0.333333333333333,1,1,0.1,5.18518518518519,5,1,306,1
"73",5,5,6.66666666666667,5,7,"3",0.5,0.333333333333333,1,1,0.1,5.55555555555556,5,1,307,1
"83",5,5,7.77777777777778,5,8,"3",0.5,0.333333333333333,1,1,0.1,5.92592592592593,5,1,308,2
"93",5,5,8.88888888888889,5,9,"3",0.5,0.333333333333333,1,1,0.1,6.2962962962963,5,1,309,1
"103",5,5,10,5,10,"3",0.5,0.333333333333333,1,1,0.1,6.66666666666667,5,1,310,1
"1.13",5,5,0,5,1,"3",0.5,0.333333333333333,1,1,0.1,3.33333333333333,5,2,311,2
"2.13",5,5,1.11111111111111,5,2,"3",0.5,0.333333333333333,1,1,0.1,3.7037037037037,5,2,312,1
"3.13",5,5,2.22222222222222,5,3,"3",0.5,0.333333333333333,1,1,0.1,4.07407407407407,5,2,313,2
"4.13",5,5,3.33333333333333,5,4,"3",0.5,0.333333333333333,1,1,0.1,4.44444444444444,5,2,314,2
"5.13",5,5,4.44444444444444,5,5,"3",0.5,0.333333333333333,1,1,0.1,4.81481481481481,5,2,315,1
"6.13",5,5,5.55555555555556,5,6,"3",0.5,0.333333333333333,1,1,0.1,5.18518518518519,5,1,316,2
"7.13",5,5,6.66666666666667,5,7,"3",0.5,0.333333333333333,1,1,0.1,5.55555555555556,5,1,317,2
"8.13",5,5,7.77777777777778,5,8,"3",0.5,0.333333333333333,1,1,0.1,5.92592592592593,5,1,318,1
"9.13",5,5,8.88888888888889,5,9,"3",0.5,0.333333333333333,1,1,0.1,6.2962962962963,5,1,319,2
"10.13",5,5,10,5,10,"3",0.5,0.333333333333333,1,1,0.1,6.66666666666667,5,1,320,1
"1.23",5,5,0,5,1,"3",0.5,0.333333333333333,1,1,0.1,3.33333333333333,5,2,321,2
"2.23",5,5,1.11111111111111,5,2,"3",0.5,0.333333333333333,1,1,0.1,3.7037037037037,5,2,322,2
"3.23",5,5,2.22222222222222,5,3,"3",0.5,0.333333333333333,1,1,0.1,4.07407407407407,5,2,323,1
"4.23",5,5,3.33333333333333,5,4,"3",0.5,0.333333333333333,1,1,0.1,4.44444444444444,5,2,324,1
"5.23",5,5,4.44444444444444,5,5,"3",0.5,0.333333333333333,1,1,0.1,4.81481481481481,5,2,325,1
"6.23",5,5,5.55555555555556,5,6,"3",0.5,0.333333333333333,1,1,0.1,5.18518518518519,5,1,326,1
"7.23",5,5,6.66666666666667,5,7,"3",0.5,0.333333333333333,1,1,0.1,5.55555555555556,5,1,327,1
"8.23",5,5,7.77777777777778,5,8,"3",0.5,0.333333333333333,1,1,0.1,5.92592592592593,5,1,328,2
"9.23",5,5,8.88888888888889,5,9,"3",0.5,0.333333333333333,1,1,0.1,6.2962962962963,5,1,329,1
"10.23",5,5,10,5,10,"3",0.5,0.333333333333333,1,1,0.1,6.66666666666667,5,1,330,1
"1.33",5,5,0,5,1,"3",0.5,0.333333333333333,1,1,0.1,3.33333333333333,5,2,331,1
"2.33",5,5,1.11111111111111,5,2,"3",0.5,0.333333333333333,1,1,0.1,3.7037037037037,5,2,332,2
"3.33",5,5,2.22222222222222,5,3,"3",0.5,0.333333333333333,1,1,0.1,4.07407407407407,5,2,333,2
"4.33",5,5,3.33333333333333,5,4,"3",0.5,0.333333333333333,1,1,0.1,4.44444444444444,5,2,334,1
"5.33",5,5,4.44444444444444,5,5,"3",0.5,0.333333333333333,1,1,0.1,4.81481481481481,5,2,335,2
"6.33",5,5,5.55555555555556,5,6,"3",0.5,0.333333333333333,1,1,0.1,5.18518518518519,5,1,336,1
"7.33",5,5,6.66666666666667,5,7,"3",0.5,0.333333333333333,1,1,0.1,5.55555555555556,5,1,337,2
"8.33",5,5,7.77777777777778,5,8,"3",0.5,0.333333333333333,1,1,0.1,5.92592592592593,5,1,338,2
"9.33",5,5,8.88888888888889,5,9,"3",0.5,0.333333333333333,1,1,0.1,6.2962962962963,5,1,339,1
"10.33",5,5,10,5,10,"3",0.5,0.333333333333333,1,1,0.1,6.66666666666667,5,1,340,2
"1.43",5,5,0,5,1,"3",0.5,0.333333333333333,1,1,0.1,3.33333333333333,5,2,341,2
"2.43",5,5,1.11111111111111,5,2,"3",0.5,0.333333333333333,1,1,0.1,3.7037037037037,5,2,342,2
"3.43",5,5,2.22222222222222,5,3,"3",0.5,0.333333333333333,1,1,0.1,4.07407407407407,5,2,343,2
"4.43",5,5,3.33333333333333,5,4,"3",0.5,0.333333333333333,1,1,0.1,4.44444444444444,5,2,344,1
"5.43",5,5,4.44444444444444,5,5,"3",0.5,0.333333333333333,1,1,0.1,4.81481481481481,5,2,345,1
"6.43",5,5,5.55555555555556,5,6,"3",0.5,0.333333333333333,1,1,0.1,5.18518518518519,5,1,346,2
"7.43",5,5,6.66666666666667,5,7,"3",0.5,0.333333333333333,1,1,0.1,5.55555555555556,5,1,347,1
"8.43",5,5,7.77777777777778,5,8,"3",0.5,0.333333333333333,1,1,0.1,5.92592592592593,5,1,348,2
"9.43",5,5,8.88888888888889,5,9,"3",0.5,0.333333333333333,1,1,0.1,6.2962962962963,5,1,349,1
"10.43",5,5,10,5,10,"3",0.5,0.333333333333333,1,1,0.1,6.66666666666667,5,1,350,1
"1.53",5,5,0,5,1,"3",0.5,0.333333333333333,1,1,0.1,3.33333333333333,5,2,351,2
"2.53",5,5,1.11111111111111,5,2,"3",0.5,0.333333333333333,1,1,0.1,3.7037037037037,5,2,352,2
"3.53",5,5,2.22222222222222,5,3,"3",0.5,0.333333333333333,1,1,0.1,4.07407407407407,5,2,353,2
"4.53",5,5,3.33333333333333,5,4,"3",0.5,0.333333333333333,1,1,0.1,4.44444444444444,5,2,354,1
"5.53",5,5,4.44444444444444,5,5,"3",0.5,0.333333333333333,1,1,0.1,4.81481481481481,5,2,355,1
"6.53",5,5,5.55555555555556,5,6,"3",0.5,0.333333333333333,1,1,0.1,5.18518518518519,5,1,356,1
"7.53",5,5,6.66666666666667,5,7,"3",0.5,0.333333333333333,1,1,0.1,5.55555555555556,5,1,357,1
"8.53",5,5,7.77777777777778,5,8,"3",0.5,0.333333333333333,1,1,0.1,5.92592592592593,5,1,358,2
"9.53",5,5,8.88888888888889,5,9,"3",0.5,0.333333333333333,1,1,0.1,6.2962962962963,5,1,359,2
"10.53",5,5,10,5,10,"3",0.5,0.333333333333333,1,1,0.1,6.66666666666667,5,1,360,1
"1.63",5,5,0,5,1,"3",0.5,0.333333333333333,1,1,0.1,3.33333333333333,5,2,361,2
"2.63",5,5,1.11111111111111,5,2,"3",0.5,0.333333333333333,1,1,0.1,3.7037037037037,5,2,362,2
"3.63",5,5,2.22222222222222,5,3,"3",0.5,0.333333333333333,1,1,0.1,4.07407407407407,5,2,363,2
"4.63",5,5,3.33333333333333,5,4,"3",0.5,0.333333333333333,1,1,0.1,4.44444444444444,5,2,364,1
"5.63",5,5,4.44444444444444,5,5,"3",0.5,0.333333333333333,1,1,0.1,4.81481481481481,5,2,365,1
"6.63",5,5,5.55555555555556,5,6,"3",0.5,0.333333333333333,1,1,0.1,5.18518518518519,5,1,366,1
"7.63",5,5,6.66666666666667,5,7,"3",0.5,0.333333333333333,1,1,0.1,5.55555555555556,5,1,367,1
"8.63",5,5,7.77777777777778,5,8,"3",0.5,0.333333333333333,1,1,0.1,5.92592592592593,5,1,368,2
"9.63",5,5,8.88888888888889,5,9,"3",0.5,0.333333333333333,1,1,0.1,6.2962962962963,5,1,369,1
"10.63",5,5,10,5,10,"3",0.5,0.333333333333333,1,1,0.1,6.66666666666667,5,1,370,1
"1.73",5,5,0,5,1,"3",0.5,0.333333333333333,1,1,0.1,3.33333333333333,5,2,371,2
"2.73",5,5,1.11111111111111,5,2,"3",0.5,0.333333333333333,1,1,0.1,3.7037037037037,5,2,372,1
"3.73",5,5,2.22222222222222,5,3,"3",0.5,0.333333333333333,1,1,0.1,4.07407407407407,5,2,373,2
"4.73",5,5,3.33333333333333,5,4,"3",0.5,0.333333333333333,1,1,0.1,4.44444444444444,5,2,374,1
"5.73",5,5,4.44444444444444,5,5,"3",0.5,0.333333333333333,1,1,0.1,4.81481481481481,5,2,375,1
"6.73",5,5,5.55555555555556,5,6,"3",0.5,0.333333333333333,1,1,0.1,5.18518518518519,5,1,376,1
"7.73",5,5,6.66666666666667,5,7,"3",0.5,0.333333333333333,1,1,0.1,5.55555555555556,5,1,377,1
"8.73",5,5,7.77777777777778,5,8,"3",0.5,0.333333333333333,1,1,0.1,5.92592592592593,5,1,378,1
"9.73",5,5,8.88888888888889,5,9,"3",0.5,0.333333333333333,1,1,0.1,6.2962962962963,5,1,379,1
"10.73",5,5,10,5,10,"3",0.5,0.333333333333333,1,1,0.1,6.66666666666667,5,1,380,1
"1.83",5,5,0,5,1,"3",0.5,0.333333333333333,1,1,0.1,3.33333333333333,5,2,381,2
"2.83",5,5,1.11111111111111,5,2,"3",0.5,0.333333333333333,1,1,0.1,3.7037037037037,5,2,382,2
"3.83",5,5,2.22222222222222,5,3,"3",0.5,0.333333333333333,1,1,0.1,4.07407407407407,5,2,383,1
"4.83",5,5,3.33333333333333,5,4,"3",0.5,0.333333333333333,1,1,0.1,4.44444444444444,5,2,384,1
"5.83",5,5,4.44444444444444,5,5,"3",0.5,0.333333333333333,1,1,0.1,4.81481481481481,5,2,385,2
"6.83",5,5,5.55555555555556,5,6,"3",0.5,0.333333333333333,1,1,0.1,5.18518518518519,5,1,386,2
"7.83",5,5,6.66666666666667,5,7,"3",0.5,0.333333333333333,1,1,0.1,5.55555555555556,5,1,387,2
"8.83",5,5,7.77777777777778,5,8,"3",0.5,0.333333333333333,1,1,0.1,5.92592592592593,5,1,388,1
"9.83",5,5,8.88888888888889,5,9,"3",0.5,0.333333333333333,1,1,0.1,6.2962962962963,5,1,389,1
"10.83",5,5,10,5,10,"3",0.5,0.333333333333333,1,1,0.1,6.66666666666667,5,1,390,1
"1.93",5,5,0,5,1,"3",0.5,0.333333333333333,1,1,0.1,3.33333333333333,5,2,391,1
"2.93",5,5,1.11111111111111,5,2,"3",0.5,0.333333333333333,1,1,0.1,3.7037037037037,5,2,392,2
"3.93",5,5,2.22222222222222,5,3,"3",0.5,0.333333333333333,1,1,0.1,4.07407407407407,5,2,393,2
"4.93",5,5,3.33333333333333,5,4,"3",0.5,0.333333333333333,1,1,0.1,4.44444444444444,5,2,394,2
"5.93",5,5,4.44444444444444,5,5,"3",0.5,0.333333333333333,1,1,0.1,4.81481481481481,5,2,395,1
"6.93",5,5,5.55555555555556,5,6,"3",0.5,0.333333333333333,1,1,0.1,5.18518518518519,5,1,396,1
"7.93",5,5,6.66666666666667,5,7,"3",0.5,0.333333333333333,1,1,0.1,5.55555555555556,5,1,397,1
"8.93",5,5,7.77777777777778,5,8,"3",0.5,0.333333333333333,1,1,0.1,5.92592592592593,5,1,398,1
"9.93",5,5,8.88888888888889,5,9,"3",0.5,0.333333333333333,1,1,0.1,6.2962962962963,5,1,399,1
"10.93",5,5,10,5,10,"3",0.5,0.333333333333333,1,1,0.1,6.66666666666667,5,1,400,2
"14",5,5,0,5,1,"4",0.5,0.444444444444444,1,1,0.1,2.77777777777778,5,2,401,2
"24",5,5,1.11111111111111,5,2,"4",0.5,0.444444444444444,1,1,0.1,3.2716049382716,5,2,402,1
"34",5,5,2.22222222222222,5,3,"4",0.5,0.444444444444444,1,1,0.1,3.76543209876543,5,2,403,1
"44",5,5,3.33333333333333,5,4,"4",0.5,0.444444444444444,1,1,0.1,4.25925925925926,5,2,404,2
"54",5,5,4.44444444444444,5,5,"4",0.5,0.444444444444444,1,1,0.1,4.75308641975309,5,2,405,1
"64",5,5,5.55555555555556,5,6,"4",0.5,0.444444444444444,1,1,0.1,5.24691358024691,5,1,406,1
"74",5,5,6.66666666666667,5,7,"4",0.5,0.444444444444444,1,1,0.1,5.74074074074074,5,1,407,1
"84",5,5,7.77777777777778,5,8,"4",0.5,0.444444444444444,1,1,0.1,6.23456790123457,5,1,408,1
"94",5,5,8.88888888888889,5,9,"4",0.5,0.444444444444444,1,1,0.1,6.72839506172839,5,1,409,1
"104",5,5,10,5,10,"4",0.5,0.444444444444444,1,1,0.1,7.22222222222222,5,1,410,2
"1.14",5,5,0,5,1,"4",0.5,0.444444444444444,1,1,0.1,2.77777777777778,5,2,411,1
"2.14",5,5,1.11111111111111,5,2,"4",0.5,0.444444444444444,1,1,0.1,3.2716049382716,5,2,412,2
"3.14",5,5,2.22222222222222,5,3,"4",0.5,0.444444444444444,1,1,0.1,3.76543209876543,5,2,413,1
"4.14",5,5,3.33333333333333,5,4,"4",0.5,0.444444444444444,1,1,0.1,4.25925925925926,5,2,414,1
"5.14",5,5,4.44444444444444,5,5,"4",0.5,0.444444444444444,1,1,0.1,4.75308641975309,5,2,415,2
"6.14",5,5,5.55555555555556,5,6,"4",0.5,0.444444444444444,1,1,0.1,5.24691358024691,5,1,416,1
"7.14",5,5,6.66666666666667,5,7,"4",0.5,0.444444444444444,1,1,0.1,5.74074074074074,5,1,417,1
"8.14",5,5,7.77777777777778,5,8,"4",0.5,0.444444444444444,1,1,0.1,6.23456790123457,5,1,418,1
"9.14",5,5,8.88888888888889,5,9,"4",0.5,0.444444444444444,1,1,0.1,6.72839506172839,5,1,419,2
"10.14",5,5,10,5,10,"4",0.5,0.444444444444444,1,1,0.1,7.22222222222222,5,1,420,1
"1.24",5,5,0,5,1,"4",0.5,0.444444444444444,1,1,0.1,2.77777777777778,5,2,421,2
"2.24",5,5,1.11111111111111,5,2,"4",0.5,0.444444444444444,1,1,0.1,3.2716049382716,5,2,422,1
"3.24",5,5,2.22222222222222,5,3,"4",0.5,0.444444444444444,1,1,0.1,3.76543209876543,5,2,423,1
"4.24",5,5,3.33333333333333,5,4,"4",0.5,0.444444444444444,1,1,0.1,4.25925925925926,5,2,424,1
"5.24",5,5,4.44444444444444,5,5,"4",0.5,0.444444444444444,1,1,0.1,4.75308641975309,5,2,425,1
"6.24",5,5,5.55555555555556,5,6,"4",0.5,0.444444444444444,1,1,0.1,5.24691358024691,5,1,426,1
"7.24",5,5,6.66666666666667,5,7,"4",0.5,0.444444444444444,1,1,0.1,5.74074074074074,5,1,427,1
"8.24",5,5,7.77777777777778,5,8,"4",0.5,0.444444444444444,1,1,0.1,6.23456790123457,5,1,428,2
"9.24",5,5,8.88888888888889,5,9,"4",0.5,0.444444444444444,1,1,0.1,6.72839506172839,5,1,429,1
"10.24",5,5,10,5,10,"4",0.5,0.444444444444444,1,1,0.1,7.22222222222222,5,1,430,1
"1.34",5,5,0,5,1,"4",0.5,0.444444444444444,1,1,0.1,2.77777777777778,5,2,431,2
"2.34",5,5,1.11111111111111,5,2,"4",0.5,0.444444444444444,1,1,0.1,3.2716049382716,5,2,432,2
"3.34",5,5,2.22222222222222,5,3,"4",0.5,0.444444444444444,1,1,0.1,3.76543209876543,5,2,433,2
"4.34",5,5,3.33333333333333,5,4,"4",0.5,0.444444444444444,1,1,0.1,4.25925925925926,5,2,434,2
"5.34",5,5,4.44444444444444,5,5,"4",0.5,0.444444444444444,1,1,0.1,4.75308641975309,5,2,435,2
"6.34",5,5,5.55555555555556,5,6,"4",0.5,0.444444444444444,1,1,0.1,5.24691358024691,5,1,436,2
"7.34",5,5,6.66666666666667,5,7,"4",0.5,0.444444444444444,1,1,0.1,5.74074074074074,5,1,437,1
"8.34",5,5,7.77777777777778,5,8,"4",0.5,0.444444444444444,1,1,0.1,6.23456790123457,5,1,438,1
"9.34",5,5,8.88888888888889,5,9,"4",0.5,0.444444444444444,1,1,0.1,6.72839506172839,5,1,439,1
"10.34",5,5,10,5,10,"4",0.5,0.444444444444444,1,1,0.1,7.22222222222222,5,1,440,1
"1.44",5,5,0,5,1,"4",0.5,0.444444444444444,1,1,0.1,2.77777777777778,5,2,441,2
"2.44",5,5,1.11111111111111,5,2,"4",0.5,0.444444444444444,1,1,0.1,3.2716049382716,5,2,442,2
"3.44",5,5,2.22222222222222,5,3,"4",0.5,0.444444444444444,1,1,0.1,3.76543209876543,5,2,443,2
"4.44",5,5,3.33333333333333,5,4,"4",0.5,0.444444444444444,1,1,0.1,4.25925925925926,5,2,444,1
"5.44",5,5,4.44444444444444,5,5,"4",0.5,0.444444444444444,1,1,0.1,4.75308641975309,5,2,445,2
"6.44",5,5,5.55555555555556,5,6,"4",0.5,0.444444444444444,1,1,0.1,5.24691358024691,5,1,446,1
"7.44",5,5,6.66666666666667,5,7,"4",0.5,0.444444444444444,1,1,0.1,5.74074074074074,5,1,447,2
"8.44",5,5,7.77777777777778,5,8,"4",0.5,0.444444444444444,1,1,0.1,6.23456790123457,5,1,448,2
"9.44",5,5,8.88888888888889,5,9,"4",0.5,0.444444444444444,1,1,0.1,6.72839506172839,5,1,449,1
"10.44",5,5,10,5,10,"4",0.5,0.444444444444444,1,1,0.1,7.22222222222222,5,1,450,1
"1.54",5,5,0,5,1,"4",0.5,0.444444444444444,1,1,0.1,2.77777777777778,5,2,451,2
"2.54",5,5,1.11111111111111,5,2,"4",0.5,0.444444444444444,1,1,0.1,3.2716049382716,5,2,452,2
"3.54",5,5,2.22222222222222,5,3,"4",0.5,0.444444444444444,1,1,0.1,3.76543209876543,5,2,453,2
"4.54",5,5,3.33333333333333,5,4,"4",0.5,0.444444444444444,1,1,0.1,4.25925925925926,5,2,454,1
"5.54",5,5,4.44444444444444,5,5,"4",0.5,0.444444444444444,1,1,0.1,4.75308641975309,5,2,455,1
"6.54",5,5,5.55555555555556,5,6,"4",0.5,0.444444444444444,1,1,0.1,5.24691358024691,5,1,456,2
"7.54",5,5,6.66666666666667,5,7,"4",0.5,0.444444444444444,1,1,0.1,5.74074074074074,5,1,457,1
"8.54",5,5,7.77777777777778,5,8,"4",0.5,0.444444444444444,1,1,0.1,6.23456790123457,5,1,458,1
"9.54",5,5,8.88888888888889,5,9,"4",0.5,0.444444444444444,1,1,0.1,6.72839506172839,5,1,459,1
"10.54",5,5,10,5,10,"4",0.5,0.444444444444444,1,1,0.1,7.22222222222222,5,1,460,2
"1.64",5,5,0,5,1,"4",0.5,0.444444444444444,1,1,0.1,2.77777777777778,5,2,461,2
"2.64",5,5,1.11111111111111,5,2,"4",0.5,0.444444444444444,1,1,0.1,3.2716049382716,5,2,462,1
"3.64",5,5,2.22222222222222,5,3,"4",0.5,0.444444444444444,1,1,0.1,3.76543209876543,5,2,463,1
"4.64",5,5,3.33333333333333,5,4,"4",0.5,0.444444444444444,1,1,0.1,4.25925925925926,5,2,464,2
"5.64",5,5,4.44444444444444,5,5,"4",0.5,0.444444444444444,1,1,0.1,4.75308641975309,5,2,465,2
"6.64",5,5,5.55555555555556,5,6,"4",0.5,0.444444444444444,1,1,0.1,5.24691358024691,5,1,466,1
"7.64",5,5,6.66666666666667,5,7,"4",0.5,0.444444444444444,1,1,0.1,5.74074074074074,5,1,467,1
"8.64",5,5,7.77777777777778,5,8,"4",0.5,0.444444444444444,1,1,0.1,6.23456790123457,5,1,468,1
"9.64",5,5,8.88888888888889,5,9,"4",0.5,0.444444444444444,1,1,0.1,6.72839506172839,5,1,469,1
"10.64",5,5,10,5,10,"4",0.5,0.444444444444444,1,1,0.1,7.22222222222222,5,1,470,1
"1.74",5,5,0,5,1,"4",0.5,0.444444444444444,1,1,0.1,2.77777777777778,5,2,471,1
"2.74",5,5,1.11111111111111,5,2,"4",0.5,0.444444444444444,1,1,0.1,3.2716049382716,5,2,472,1
"3.74",5,5,2.22222222222222,5,3,"4",0.5,0.444444444444444,1,1,0.1,3.76543209876543,5,2,473,1
"4.74",5,5,3.33333333333333,5,4,"4",0.5,0.444444444444444,1,1,0.1,4.25925925925926,5,2,474,1
"5.74",5,5,4.44444444444444,5,5,"4",0.5,0.444444444444444,1,1,0.1,4.75308641975309,5,2,475,2
"6.74",5,5,5.55555555555556,5,6,"4",0.5,0.444444444444444,1,1,0.1,5.24691358024691,5,1,476,1
"7.74",5,5,6.66666666666667,5,7,"4",0.5,0.444444444444444,1,1,0.1,5.74074074074074,5,1,477,2
"8.74",5,5,7.77777777777778,5,8,"4",0.5,0.444444444444444,1,1,0.1,6.23456790123457,5,1,478,2
"9.74",5,5,8.88888888888889,5,9,"4",0.5,0.444444444444444,1,1,0.1,6.72839506172839,5,1,479,1
"10.74",5,5,10,5,10,"4",0.5,0.444444444444444,1,1,0.1,7.22222222222222,5,1,480,1
"1.84",5,5,0,5,1,"4",0.5,0.444444444444444,1,1,0.1,2.77777777777778,5,2,481,1
"2.84",5,5,1.11111111111111,5,2,"4",0.5,0.444444444444444,1,1,0.1,3.2716049382716,5,2,482,1
"3.84",5,5,2.22222222222222,5,3,"4",0.5,0.444444444444444,1,1,0.1,3.76543209876543,5,2,483,2
"4.84",5,5,3.33333333333333,5,4,"4",0.5,0.444444444444444,1,1,0.1,4.25925925925926,5,2,484,1
"5.84",5,5,4.44444444444444,5,5,"4",0.5,0.444444444444444,1,1,0.1,4.75308641975309,5,2,485,1
"6.84",5,5,5.55555555555556,5,6,"4",0.5,0.444444444444444,1,1,0.1,5.24691358024691,5,1,486,2
"7.84",5,5,6.66666666666667,5,7,"4",0.5,0.444444444444444,1,1,0.1,5.74074074074074,5,1,487,2
"8.84",5,5,7.77777777777778,5,8,"4",0.5,0.444444444444444,1,1,0.1,6.23456790123457,5,1,488,2
"9.84",5,5,8.88888888888889,5,9,"4",0.5,0.444444444444444,1,1,0.1,6.72839506172839,5,1,489,2
"10.84",5,5,10,5,10,"4",0.5,0.444444444444444,1,1,0.1,7.22222222222222,5,1,490,2
"1.94",5,5,0,5,1,"4",0.5,0.444444444444444,1,1,0.1,2.77777777777778,5,2,491,2
"2.94",5,5,1.11111111111111,5,2,"4",0.5,0.444444444444444,1,1,0.1,3.2716049382716,5,2,492,2
"3.94",5,5,2.22222222222222,5,3,"4",0.5,0.444444444444444,1,1,0.1,3.76543209876543,5,2,493,2
"4.94",5,5,3.33333333333333,5,4,"4",0.5,0.444444444444444,1,1,0.1,4.25925925925926,5,2,494,2
"5.94",5,5,4.44444444444444,5,5,"4",0.5,0.444444444444444,1,1,0.1,4.75308641975309,5,2,495,2
"6.94",5,5,5.55555555555556,5,6,"4",0.5,0.444444444444444,1,1,0.1,5.24691358024691,5,1,496,1
"7.94",5,5,6.66666666666667,5,7,"4",0.5,0.444444444444444,1,1,0.1,5.74074074074074,5,1,497,2
"8.94",5,5,7.77777777777778,5,8,"4",0.5,0.444444444444444,1,1,0.1,6.23456790123457,5,1,498,2
"9.94",5,5,8.88888888888889,5,9,"4",0.5,0.444444444444444,1,1,0.1,6.72839506172839,5,1,499,1
"10.94",5,5,10,5,10,"4",0.5,0.444444444444444,1,1,0.1,7.22222222222222,5,1,500,1
"15",5,5,0,5,1,"5",0.5,0.555555555555556,1,1,0.1,2.22222222222222,5,2,501,2
"25",5,5,1.11111111111111,5,2,"5",0.5,0.555555555555556,1,1,0.1,2.83950617283951,5,2,502,2
"35",5,5,2.22222222222222,5,3,"5",0.5,0.555555555555556,1,1,0.1,3.45679012345679,5,2,503,2
"45",5,5,3.33333333333333,5,4,"5",0.5,0.555555555555556,1,1,0.1,4.07407407407407,5,2,504,1
"55",5,5,4.44444444444444,5,5,"5",0.5,0.555555555555556,1,1,0.1,4.69135802469136,5,2,505,2
"65",5,5,5.55555555555556,5,6,"5",0.5,0.555555555555556,1,1,0.1,5.30864197530864,5,1,506,2
"75",5,5,6.66666666666667,5,7,"5",0.5,0.555555555555556,1,1,0.1,5.92592592592593,5,1,507,1
"85",5,5,7.77777777777778,5,8,"5",0.5,0.555555555555556,1,1,0.1,6.54320987654321,5,1,508,1
"95",5,5,8.88888888888889,5,9,"5",0.5,0.555555555555556,1,1,0.1,7.16049382716049,5,1,509,2
"105",5,5,10,5,10,"5",0.5,0.555555555555556,1,1,0.1,7.77777777777778,5,1,510,1
"1.15",5,5,0,5,1,"5",0.5,0.555555555555556,1,1,0.1,2.22222222222222,5,2,511,2
"2.15",5,5,1.11111111111111,5,2,"5",0.5,0.555555555555556,1,1,0.1,2.83950617283951,5,2,512,2
"3.15",5,5,2.22222222222222,5,3,"5",0.5,0.555555555555556,1,1,0.1,3.45679012345679,5,2,513,1
"4.15",5,5,3.33333333333333,5,4,"5",0.5,0.555555555555556,1,1,0.1,4.07407407407407,5,2,514,2
"5.15",5,5,4.44444444444444,5,5,"5",0.5,0.555555555555556,1,1,0.1,4.69135802469136,5,2,515,1
"6.15",5,5,5.55555555555556,5,6,"5",0.5,0.555555555555556,1,1,0.1,5.30864197530864,5,1,516,1
"7.15",5,5,6.66666666666667,5,7,"5",0.5,0.555555555555556,1,1,0.1,5.92592592592593,5,1,517,1
"8.15",5,5,7.77777777777778,5,8,"5",0.5,0.555555555555556,1,1,0.1,6.54320987654321,5,1,518,1
"9.15",5,5,8.88888888888889,5,9,"5",0.5,0.555555555555556,1,1,0.1,7.16049382716049,5,1,519,1
"10.15",5,5,10,5,10,"5",0.5,0.555555555555556,1,1,0.1,7.77777777777778,5,1,520,1
"1.25",5,5,0,5,1,"5",0.5,0.555555555555556,1,1,0.1,2.22222222222222,5,2,521,2
"2.25",5,5,1.11111111111111,5,2,"5",0.5,0.555555555555556,1,1,0.1,2.83950617283951,5,2,522,2
"3.25",5,5,2.22222222222222,5,3,"5",0.5,0.555555555555556,1,1,0.1,3.45679012345679,5,2,523,2
"4.25",5,5,3.33333333333333,5,4,"5",0.5,0.555555555555556,1,1,0.1,4.07407407407407,5,2,524,2
"5.25",5,5,4.44444444444444,5,5,"5",0.5,0.555555555555556,1,1,0.1,4.69135802469136,5,2,525,2
"6.25",5,5,5.55555555555556,5,6,"5",0.5,0.555555555555556,1,1,0.1,5.30864197530864,5,1,526,1
"7.25",5,5,6.66666666666667,5,7,"5",0.5,0.555555555555556,1,1,0.1,5.92592592592593,5,1,527,2
"8.25",5,5,7.77777777777778,5,8,"5",0.5,0.555555555555556,1,1,0.1,6.54320987654321,5,1,528,2
"9.25",5,5,8.88888888888889,5,9,"5",0.5,0.555555555555556,1,1,0.1,7.16049382716049,5,1,529,1
"10.25",5,5,10,5,10,"5",0.5,0.555555555555556,1,1,0.1,7.77777777777778,5,1,530,1
"1.35",5,5,0,5,1,"5",0.5,0.555555555555556,1,1,0.1,2.22222222222222,5,2,531,2
"2.35",5,5,1.11111111111111,5,2,"5",0.5,0.555555555555556,1,1,0.1,2.83950617283951,5,2,532,2
"3.35",5,5,2.22222222222222,5,3,"5",0.5,0.555555555555556,1,1,0.1,3.45679012345679,5,2,533,2
"4.35",5,5,3.33333333333333,5,4,"5",0.5,0.555555555555556,1,1,0.1,4.07407407407407,5,2,534,2
"5.35",5,5,4.44444444444444,5,5,"5",0.5,0.555555555555556,1,1,0.1,4.69135802469136,5,2,535,2
"6.35",5,5,5.55555555555556,5,6,"5",0.5,0.555555555555556,1,1,0.1,5.30864197530864,5,1,536,2
"7.35",5,5,6.66666666666667,5,7,"5",0.5,0.555555555555556,1,1,0.1,5.92592592592593,5,1,537,1
"8.35",5,5,7.77777777777778,5,8,"5",0.5,0.555555555555556,1,1,0.1,6.54320987654321,5,1,538,1
"9.35",5,5,8.88888888888889,5,9,"5",0.5,0.555555555555556,1,1,0.1,7.16049382716049,5,1,539,1
"10.35",5,5,10,5,10,"5",0.5,0.555555555555556,1,1,0.1,7.77777777777778,5,1,540,1
"1.45",5,5,0,5,1,"5",0.5,0.555555555555556,1,1,0.1,2.22222222222222,5,2,541,2
"2.45",5,5,1.11111111111111,5,2,"5",0.5,0.555555555555556,1,1,0.1,2.83950617283951,5,2,542,2
"3.45",5,5,2.22222222222222,5,3,"5",0.5,0.555555555555556,1,1,0.1,3.45679012345679,5,2,543,2
"4.45",5,5,3.33333333333333,5,4,"5",0.5,0.555555555555556,1,1,0.1,4.07407407407407,5,2,544,2
"5.45",5,5,4.44444444444444,5,5,"5",0.5,0.555555555555556,1,1,0.1,4.69135802469136,5,2,545,1
"6.45",5,5,5.55555555555556,5,6,"5",0.5,0.555555555555556,1,1,0.1,5.30864197530864,5,1,546,1
"7.45",5,5,6.66666666666667,5,7,"5",0.5,0.555555555555556,1,1,0.1,5.92592592592593,5,1,547,1
"8.45",5,5,7.77777777777778,5,8,"5",0.5,0.555555555555556,1,1,0.1,6.54320987654321,5,1,548,2
"9.45",5,5,8.88888888888889,5,9,"5",0.5,0.555555555555556,1,1,0.1,7.16049382716049,5,1,549,1
"10.45",5,5,10,5,10,"5",0.5,0.555555555555556,1,1,0.1,7.77777777777778,5,1,550,2
"1.55",5,5,0,5,1,"5",0.5,0.555555555555556,1,1,0.1,2.22222222222222,5,2,551,2
"2.55",5,5,1.11111111111111,5,2,"5",0.5,0.555555555555556,1,1,0.1,2.83950617283951,5,2,552,2
"3.55",5,5,2.22222222222222,5,3,"5",0.5,0.555555555555556,1,1,0.1,3.45679012345679,5,2,553,2
"4.55",5,5,3.33333333333333,5,4,"5",0.5,0.555555555555556,1,1,0.1,4.07407407407407,5,2,554,2
"5.55",5,5,4.44444444444444,5,5,"5",0.5,0.555555555555556,1,1,0.1,4.69135802469136,5,2,555,1
"6.55",5,5,5.55555555555556,5,6,"5",0.5,0.555555555555556,1,1,0.1,5.30864197530864,5,1,556,1
"7.55",5,5,6.66666666666667,5,7,"5",0.5,0.555555555555556,1,1,0.1,5.92592592592593,5,1,557,1
"8.55",5,5,7.77777777777778,5,8,"5",0.5,0.555555555555556,1,1,0.1,6.54320987654321,5,1,558,2
"9.55",5,5,8.88888888888889,5,9,"5",0.5,0.555555555555556,1,1,0.1,7.16049382716049,5,1,559,1
"10.55",5,5,10,5,10,"5",0.5,0.555555555555556,1,1,0.1,7.77777777777778,5,1,560,1
"1.65",5,5,0,5,1,"5",0.5,0.555555555555556,1,1,0.1,2.22222222222222,5,2,561,2
"2.65",5,5,1.11111111111111,5,2,"5",0.5,0.555555555555556,1,1,0.1,2.83950617283951,5,2,562,2
"3.65",5,5,2.22222222222222,5,3,"5",0.5,0.555555555555556,1,1,0.1,3.45679012345679,5,2,563,1
"4.65",5,5,3.33333333333333,5,4,"5",0.5,0.555555555555556,1,1,0.1,4.07407407407407,5,2,564,2
"5.65",5,5,4.44444444444444,5,5,"5",0.5,0.555555555555556,1,1,0.1,4.69135802469136,5,2,565,1
"6.65",5,5,5.55555555555556,5,6,"5",0.5,0.555555555555556,1,1,0.1,5.30864197530864,5,1,566,1
"7.65",5,5,6.66666666666667,5,7,"5",0.5,0.555555555555556,1,1,0.1,5.92592592592593,5,1,567,1
"8.65",5,5,7.77777777777778,5,8,"5",0.5,0.555555555555556,1,1,0.1,6.54320987654321,5,1,568,1
"9.65",5,5,8.88888888888889,5,9,"5",0.5,0.555555555555556,1,1,0.1,7.16049382716049,5,1,569,1
"10.65",5,5,10,5,10,"5",0.5,0.555555555555556,1,1,0.1,7.77777777777778,5,1,570,1
"1.75",5,5,0,5,1,"5",0.5,0.555555555555556,1,1,0.1,2.22222222222222,5,2,571,2
"2.75",5,5,1.11111111111111,5,2,"5",0.5,0.555555555555556,1,1,0.1,2.83950617283951,5,2,572,2
"3.75",5,5,2.22222222222222,5,3,"5",0.5,0.555555555555556,1,1,0.1,3.45679012345679,5,2,573,2
"4.75",5,5,3.33333333333333,5,4,"5",0.5,0.555555555555556,1,1,0.1,4.07407407407407,5,2,574,1
"5.75",5,5,4.44444444444444,5,5,"5",0.5,0.555555555555556,1,1,0.1,4.69135802469136,5,2,575,1
"6.75",5,5,5.55555555555556,5,6,"5",0.5,0.555555555555556,1,1,0.1,5.30864197530864,5,1,576,1
"7.75",5,5,6.66666666666667,5,7,"5",0.5,0.555555555555556,1,1,0.1,5.92592592592593,5,1,577,1
"8.75",5,5,7.77777777777778,5,8,"5",0.5,0.555555555555556,1,1,0.1,6.54320987654321,5,1,578,1
"9.75",5,5,8.88888888888889,5,9,"5",0.5,0.555555555555556,1,1,0.1,7.16049382716049,5,1,579,1
"10.75",5,5,10,5,10,"5",0.5,0.555555555555556,1,1,0.1,7.77777777777778,5,1,580,1
"1.85",5,5,0,5,1,"5",0.5,0.555555555555556,1,1,0.1,2.22222222222222,5,2,581,2
"2.85",5,5,1.11111111111111,5,2,"5",0.5,0.555555555555556,1,1,0.1,2.83950617283951,5,2,582,2
"3.85",5,5,2.22222222222222,5,3,"5",0.5,0.555555555555556,1,1,0.1,3.45679012345679,5,2,583,2
"4.85",5,5,3.33333333333333,5,4,"5",0.5,0.555555555555556,1,1,0.1,4.07407407407407,5,2,584,1
"5.85",5,5,4.44444444444444,5,5,"5",0.5,0.555555555555556,1,1,0.1,4.69135802469136,5,2,585,2
"6.85",5,5,5.55555555555556,5,6,"5",0.5,0.555555555555556,1,1,0.1,5.30864197530864,5,1,586,1
"7.85",5,5,6.66666666666667,5,7,"5",0.5,0.555555555555556,1,1,0.1,5.92592592592593,5,1,587,1
"8.85",5,5,7.77777777777778,5,8,"5",0.5,0.555555555555556,1,1,0.1,6.54320987654321,5,1,588,1
"9.85",5,5,8.88888888888889,5,9,"5",0.5,0.555555555555556,1,1,0.1,7.16049382716049,5,1,589,1
"10.85",5,5,10,5,10,"5",0.5,0.555555555555556,1,1,0.1,7.77777777777778,5,1,590,1
"1.95",5,5,0,5,1,"5",0.5,0.555555555555556,1,1,0.1,2.22222222222222,5,2,591,2
"2.95",5,5,1.11111111111111,5,2,"5",0.5,0.555555555555556,1,1,0.1,2.83950617283951,5,2,592,2
"3.95",5,5,2.22222222222222,5,3,"5",0.5,0.555555555555556,1,1,0.1,3.45679012345679,5,2,593,2
"4.95",5,5,3.33333333333333,5,4,"5",0.5,0.555555555555556,1,1,0.1,4.07407407407407,5,2,594,2
"5.95",5,5,4.44444444444444,5,5,"5",0.5,0.555555555555556,1,1,0.1,4.69135802469136,5,2,595,2
"6.95",5,5,5.55555555555556,5,6,"5",0.5,0.555555555555556,1,1,0.1,5.30864197530864,5,1,596,1
"7.95",5,5,6.66666666666667,5,7,"5",0.5,0.555555555555556,1,1,0.1,5.92592592592593,5,1,597,2
"8.95",5,5,7.77777777777778,5,8,"5",0.5,0.555555555555556,1,1,0.1,6.54320987654321,5,1,598,2
"9.95",5,5,8.88888888888889,5,9,"5",0.5,0.555555555555556,1,1,0.1,7.16049382716049,5,1,599,1
"10.95",5,5,10,5,10,"5",0.5,0.555555555555556,1,1,0.1,7.77777777777778,5,1,600,1
"16",5,5,0,5,1,"6",0.5,0.666666666666667,1,1,0.1,1.66666666666667,5,2,601,2
"26",5,5,1.11111111111111,5,2,"6",0.5,0.666666666666667,1,1,0.1,2.40740740740741,5,2,602,2
"36",5,5,2.22222222222222,5,3,"6",0.5,0.666666666666667,1,1,0.1,3.14814814814815,5,2,603,2
"46",5,5,3.33333333333333,5,4,"6",0.5,0.666666666666667,1,1,0.1,3.88888888888889,5,2,604,1
"56",5,5,4.44444444444444,5,5,"6",0.5,0.666666666666667,1,1,0.1,4.62962962962963,5,2,605,2
"66",5,5,5.55555555555556,5,6,"6",0.5,0.666666666666667,1,1,0.1,5.37037037037037,5,1,606,1
"76",5,5,6.66666666666667,5,7,"6",0.5,0.666666666666667,1,1,0.1,6.11111111111111,5,1,607,2
"86",5,5,7.77777777777778,5,8,"6",0.5,0.666666666666667,1,1,0.1,6.85185185185185,5,1,608,1
"96",5,5,8.88888888888889,5,9,"6",0.5,0.666666666666667,1,1,0.1,7.59259259259259,5,1,609,1
"106",5,5,10,5,10,"6",0.5,0.666666666666667,1,1,0.1,8.33333333333333,5,1,610,1
"1.16",5,5,0,5,1,"6",0.5,0.666666666666667,1,1,0.1,1.66666666666667,5,2,611,2
"2.16",5,5,1.11111111111111,5,2,"6",0.5,0.666666666666667,1,1,0.1,2.40740740740741,5,2,612,2
"3.16",5,5,2.22222222222222,5,3,"6",0.5,0.666666666666667,1,1,0.1,3.14814814814815,5,2,613,2
"4.16",5,5,3.33333333333333,5,4,"6",0.5,0.666666666666667,1,1,0.1,3.88888888888889,5,2,614,2
"5.16",5,5,4.44444444444444,5,5,"6",0.5,0.666666666666667,1,1,0.1,4.62962962962963,5,2,615,2
"6.16",5,5,5.55555555555556,5,6,"6",0.5,0.666666666666667,1,1,0.1,5.37037037037037,5,1,616,1
"7.16",5,5,6.66666666666667,5,7,"6",0.5,0.666666666666667,1,1,0.1,6.11111111111111,5,1,617,2
"8.16",5,5,7.77777777777778,5,8,"6",0.5,0.666666666666667,1,1,0.1,6.85185185185185,5,1,618,1
"9.16",5,5,8.88888888888889,5,9,"6",0.5,0.666666666666667,1,1,0.1,7.59259259259259,5,1,619,1
"10.16",5,5,10,5,10,"6",0.5,0.666666666666667,1,1,0.1,8.33333333333333,5,1,620,1
"1.26",5,5,0,5,1,"6",0.5,0.666666666666667,1,1,0.1,1.66666666666667,5,2,621,2
"2.26",5,5,1.11111111111111,5,2,"6",0.5,0.666666666666667,1,1,0.1,2.40740740740741,5,2,622,2
"3.26",5,5,2.22222222222222,5,3,"6",0.5,0.666666666666667,1,1,0.1,3.14814814814815,5,2,623,2
"4.26",5,5,3.33333333333333,5,4,"6",0.5,0.666666666666667,1,1,0.1,3.88888888888889,5,2,624,2
"5.26",5,5,4.44444444444444,5,5,"6",0.5,0.666666666666667,1,1,0.1,4.62962962962963,5,2,625,2
"6.26",5,5,5.55555555555556,5,6,"6",0.5,0.666666666666667,1,1,0.1,5.37037037037037,5,1,626,1
"7.26",5,5,6.66666666666667,5,7,"6",0.5,0.666666666666667,1,1,0.1,6.11111111111111,5,1,627,1
"8.26",5,5,7.77777777777778,5,8,"6",0.5,0.666666666666667,1,1,0.1,6.85185185185185,5,1,628,1
"9.26",5,5,8.88888888888889,5,9,"6",0.5,0.666666666666667,1,1,0.1,7.59259259259259,5,1,629,1
"10.26",5,5,10,5,10,"6",0.5,0.666666666666667,1,1,0.1,8.33333333333333,5,1,630,1
"1.36",5,5,0,5,1,"6",0.5,0.666666666666667,1,1,0.1,1.66666666666667,5,2,631,2
"2.36",5,5,1.11111111111111,5,2,"6",0.5,0.666666666666667,1,1,0.1,2.40740740740741,5,2,632,2
"3.36",5,5,2.22222222222222,5,3,"6",0.5,0.666666666666667,1,1,0.1,3.14814814814815,5,2,633,1
"4.36",5,5,3.33333333333333,5,4,"6",0.5,0.666666666666667,1,1,0.1,3.88888888888889,5,2,634,2
"5.36",5,5,4.44444444444444,5,5,"6",0.5,0.666666666666667,1,1,0.1,4.62962962962963,5,2,635,1
"6.36",5,5,5.55555555555556,5,6,"6",0.5,0.666666666666667,1,1,0.1,5.37037037037037,5,1,636,1
"7.36",5,5,6.66666666666667,5,7,"6",0.5,0.666666666666667,1,1,0.1,6.11111111111111,5,1,637,2
"8.36",5,5,7.77777777777778,5,8,"6",0.5,0.666666666666667,1,1,0.1,6.85185185185185,5,1,638,1
"9.36",5,5,8.88888888888889,5,9,"6",0.5,0.666666666666667,1,1,0.1,7.59259259259259,5,1,639,1
"10.36",5,5,10,5,10,"6",0.5,0.666666666666667,1,1,0.1,8.33333333333333,5,1,640,1
"1.46",5,5,0,5,1,"6",0.5,0.666666666666667,1,1,0.1,1.66666666666667,5,2,641,2
"2.46",5,5,1.11111111111111,5,2,"6",0.5,0.666666666666667,1,1,0.1,2.40740740740741,5,2,642,2
"3.46",5,5,2.22222222222222,5,3,"6",0.5,0.666666666666667,1,1,0.1,3.14814814814815,5,2,643,2
"4.46",5,5,3.33333333333333,5,4,"6",0.5,0.666666666666667,1,1,0.1,3.88888888888889,5,2,644,2
"5.46",5,5,4.44444444444444,5,5,"6",0.5,0.666666666666667,1,1,0.1,4.62962962962963,5,2,645,1
"6.46",5,5,5.55555555555556,5,6,"6",0.5,0.666666666666667,1,1,0.1,5.37037037037037,5,1,646,1
"7.46",5,5,6.66666666666667,5,7,"6",0.5,0.666666666666667,1,1,0.1,6.11111111111111,5,1,647,2
"8.46",5,5,7.77777777777778,5,8,"6",0.5,0.666666666666667,1,1,0.1,6.85185185185185,5,1,648,1
"9.46",5,5,8.88888888888889,5,9,"6",0.5,0.666666666666667,1,1,0.1,7.59259259259259,5,1,649,1
"10.46",5,5,10,5,10,"6",0.5,0.666666666666667,1,1,0.1,8.33333333333333,5,1,650,1
"1.56",5,5,0,5,1,"6",0.5,0.666666666666667,1,1,0.1,1.66666666666667,5,2,651,2
"2.56",5,5,1.11111111111111,5,2,"6",0.5,0.666666666666667,1,1,0.1,2.40740740740741,5,2,652,1
"3.56",5,5,2.22222222222222,5,3,"6",0.5,0.666666666666667,1,1,0.1,3.14814814814815,5,2,653,2
"4.56",5,5,3.33333333333333,5,4,"6",0.5,0.666666666666667,1,1,0.1,3.88888888888889,5,2,654,2
"5.56",5,5,4.44444444444444,5,5,"6",0.5,0.666666666666667,1,1,0.1,4.62962962962963,5,2,655,1
"6.56",5,5,5.55555555555556,5,6,"6",0.5,0.666666666666667,1,1,0.1,5.37037037037037,5,1,656,2
"7.56",5,5,6.66666666666667,5,7,"6",0.5,0.666666666666667,1,1,0.1,6.11111111111111,5,1,657,1
"8.56",5,5,7.77777777777778,5,8,"6",0.5,0.666666666666667,1,1,0.1,6.85185185185185,5,1,658,1
"9.56",5,5,8.88888888888889,5,9,"6",0.5,0.666666666666667,1,1,0.1,7.59259259259259,5,1,659,1
"10.56",5,5,10,5,10,"6",0.5,0.666666666666667,1,1,0.1,8.33333333333333,5,1,660,1
"1.66",5,5,0,5,1,"6",0.5,0.666666666666667,1,1,0.1,1.66666666666667,5,2,661,2
"2.66",5,5,1.11111111111111,5,2,"6",0.5,0.666666666666667,1,1,0.1,2.40740740740741,5,2,662,2
"3.66",5,5,2.22222222222222,5,3,"6",0.5,0.666666666666667,1,1,0.1,3.14814814814815,5,2,663,1
"4.66",5,5,3.33333333333333,5,4,"6",0.5,0.666666666666667,1,1,0.1,3.88888888888889,5,2,664,1
"5.66",5,5,4.44444444444444,5,5,"6",0.5,0.666666666666667,1,1,0.1,4.62962962962963,5,2,665,1
"6.66",5,5,5.55555555555556,5,6,"6",0.5,0.666666666666667,1,1,0.1,5.37037037037037,5,1,666,2
"7.66",5,5,6.66666666666667,5,7,"6",0.5,0.666666666666667,1,1,0.1,6.11111111111111,5,1,667,1
"8.66",5,5,7.77777777777778,5,8,"6",0.5,0.666666666666667,1,1,0.1,6.85185185185185,5,1,668,1
"9.66",5,5,8.88888888888889,5,9,"6",0.5,0.666666666666667,1,1,0.1,7.59259259259259,5,1,669,1
"10.66",5,5,10,5,10,"6",0.5,0.666666666666667,1,1,0.1,8.33333333333333,5,1,670,2
"1.76",5,5,0,5,1,"6",0.5,0.666666666666667,1,1,0.1,1.66666666666667,5,2,671,2
"2.76",5,5,1.11111111111111,5,2,"6",0.5,0.666666666666667,1,1,0.1,2.40740740740741,5,2,672,1
"3.76",5,5,2.22222222222222,5,3,"6",0.5,0.666666666666667,1,1,0.1,3.14814814814815,5,2,673,1
"4.76",5,5,3.33333333333333,5,4,"6",0.5,0.666666666666667,1,1,0.1,3.88888888888889,5,2,674,2
"5.76",5,5,4.44444444444444,5,5,"6",0.5,0.666666666666667,1,1,0.1,4.62962962962963,5,2,675,2
"6.76",5,5,5.55555555555556,5,6,"6",0.5,0.666666666666667,1,1,0.1,5.37037037037037,5,1,676,1
"7.76",5,5,6.66666666666667,5,7,"6",0.5,0.666666666666667,1,1,0.1,6.11111111111111,5,1,677,2
"8.76",5,5,7.77777777777778,5,8,"6",0.5,0.666666666666667,1,1,0.1,6.85185185185185,5,1,678,2
"9.76",5,5,8.88888888888889,5,9,"6",0.5,0.666666666666667,1,1,0.1,7.59259259259259,5,1,679,1
"10.76",5,5,10,5,10,"6",0.5,0.666666666666667,1,1,0.1,8.33333333333333,5,1,680,2
"1.86",5,5,0,5,1,"6",0.5,0.666666666666667,1,1,0.1,1.66666666666667,5,2,681,2
"2.86",5,5,1.11111111111111,5,2,"6",0.5,0.666666666666667,1,1,0.1,2.40740740740741,5,2,682,2
"3.86",5,5,2.22222222222222,5,3,"6",0.5,0.666666666666667,1,1,0.1,3.14814814814815,5,2,683,2
"4.86",5,5,3.33333333333333,5,4,"6",0.5,0.666666666666667,1,1,0.1,3.88888888888889,5,2,684,1
"5.86",5,5,4.44444444444444,5,5,"6",0.5,0.666666666666667,1,1,0.1,4.62962962962963,5,2,685,2
"6.86",5,5,5.55555555555556,5,6,"6",0.5,0.666666666666667,1,1,0.1,5.37037037037037,5,1,686,2
"7.86",5,5,6.66666666666667,5,7,"6",0.5,0.666666666666667,1,1,0.1,6.11111111111111,5,1,687,2
"8.86",5,5,7.77777777777778,5,8,"6",0.5,0.666666666666667,1,1,0.1,6.85185185185185,5,1,688,1
"9.86",5,5,8.88888888888889,5,9,"6",0.5,0.666666666666667,1,1,0.1,7.59259259259259,5,1,689,2
"10.86",5,5,10,5,10,"6",0.5,0.666666666666667,1,1,0.1,8.33333333333333,5,1,690,1
"1.96",5,5,0,5,1,"6",0.5,0.666666666666667,1,1,0.1,1.66666666666667,5,2,691,2
"2.96",5,5,1.11111111111111,5,2,"6",0.5,0.666666666666667,1,1,0.1,2.40740740740741,5,2,692,1
"3.96",5,5,2.22222222222222,5,3,"6",0.5,0.666666666666667,1,1,0.1,3.14814814814815,5,2,693,1
"4.96",5,5,3.33333333333333,5,4,"6",0.5,0.666666666666667,1,1,0.1,3.88888888888889,5,2,694,2
"5.96",5,5,4.44444444444444,5,5,"6",0.5,0.666666666666667,1,1,0.1,4.62962962962963,5,2,695,2
"6.96",5,5,5.55555555555556,5,6,"6",0.5,0.666666666666667,1,1,0.1,5.37037037037037,5,1,696,1
"7.96",5,5,6.66666666666667,5,7,"6",0.5,0.666666666666667,1,1,0.1,6.11111111111111,5,1,697,1
"8.96",5,5,7.77777777777778,5,8,"6",0.5,0.666666666666667,1,1,0.1,6.85185185185185,5,1,698,1
"9.96",5,5,8.88888888888889,5,9,"6",0.5,0.666666666666667,1,1,0.1,7.59259259259259,5,1,699,1
"10.96",5,5,10,5,10,"6",0.5,0.666666666666667,1,1,0.1,8.33333333333333,5,1,700,1
"17",5,5,0,5,1,"7",0.5,0.777777777777778,1,1,0.1,1.11111111111111,5,2,701,2
"27",5,5,1.11111111111111,5,2,"7",0.5,0.777777777777778,1,1,0.1,1.97530864197531,5,2,702,2
"37",5,5,2.22222222222222,5,3,"7",0.5,0.777777777777778,1,1,0.1,2.83950617283951,5,2,703,1
"47",5,5,3.33333333333333,5,4,"7",0.5,0.777777777777778,1,1,0.1,3.7037037037037,5,2,704,2
"57",5,5,4.44444444444444,5,5,"7",0.5,0.777777777777778,1,1,0.1,4.5679012345679,5,2,705,2
"67",5,5,5.55555555555556,5,6,"7",0.5,0.777777777777778,1,1,0.1,5.4320987654321,5,1,706,1
"77",5,5,6.66666666666667,5,7,"7",0.5,0.777777777777778,1,1,0.1,6.2962962962963,5,1,707,2
"87",5,5,7.77777777777778,5,8,"7",0.5,0.777777777777778,1,1,0.1,7.16049382716049,5,1,708,1
"97",5,5,8.88888888888889,5,9,"7",0.5,0.777777777777778,1,1,0.1,8.02469135802469,5,1,709,1
"107",5,5,10,5,10,"7",0.5,0.777777777777778,1,1,0.1,8.88888888888889,5,1,710,1
"1.17",5,5,0,5,1,"7",0.5,0.777777777777778,1,1,0.1,1.11111111111111,5,2,711,2
"2.17",5,5,1.11111111111111,5,2,"7",0.5,0.777777777777778,1,1,0.1,1.97530864197531,5,2,712,2
"3.17",5,5,2.22222222222222,5,3,"7",0.5,0.777777777777778,1,1,0.1,2.83950617283951,5,2,713,1
"4.17",5,5,3.33333333333333,5,4,"7",0.5,0.777777777777778,1,1,0.1,3.7037037037037,5,2,714,1
"5.17",5,5,4.44444444444444,5,5,"7",0.5,0.777777777777778,1,1,0.1,4.5679012345679,5,2,715,1
"6.17",5,5,5.55555555555556,5,6,"7",0.5,0.777777777777778,1,1,0.1,5.4320987654321,5,1,716,2
"7.17",5,5,6.66666666666667,5,7,"7",0.5,0.777777777777778,1,1,0.1,6.2962962962963,5,1,717,2
"8.17",5,5,7.77777777777778,5,8,"7",0.5,0.777777777777778,1,1,0.1,7.16049382716049,5,1,718,1
"9.17",5,5,8.88888888888889,5,9,"7",0.5,0.777777777777778,1,1,0.1,8.02469135802469,5,1,719,1
"10.17",5,5,10,5,10,"7",0.5,0.777777777777778,1,1,0.1,8.88888888888889,5,1,720,1
"1.27",5,5,0,5,1,"7",0.5,0.777777777777778,1,1,0.1,1.11111111111111,5,2,721,2
"2.27",5,5,1.11111111111111,5,2,"7",0.5,0.777777777777778,1,1,0.1,1.97530864197531,5,2,722,2
"3.27",5,5,2.22222222222222,5,3,"7",0.5,0.777777777777778,1,1,0.1,2.83950617283951,5,2,723,2
"4.27",5,5,3.33333333333333,5,4,"7",0.5,0.777777777777778,1,1,0.1,3.7037037037037,5,2,724,2
"5.27",5,5,4.44444444444444,5,5,"7",0.5,0.777777777777778,1,1,0.1,4.5679012345679,5,2,725,1
"6.27",5,5,5.55555555555556,5,6,"7",0.5,0.777777777777778,1,1,0.1,5.4320987654321,5,1,726,1
"7.27",5,5,6.66666666666667,5,7,"7",0.5,0.777777777777778,1,1,0.1,6.2962962962963,5,1,727,1
"8.27",5,5,7.77777777777778,5,8,"7",0.5,0.777777777777778,1,1,0.1,7.16049382716049,5,1,728,1
"9.27",5,5,8.88888888888889,5,9,"7",0.5,0.777777777777778,1,1,0.1,8.02469135802469,5,1,729,1
"10.27",5,5,10,5,10,"7",0.5,0.777777777777778,1,1,0.1,8.88888888888889,5,1,730,1
"1.37",5,5,0,5,1,"7",0.5,0.777777777777778,1,1,0.1,1.11111111111111,5,2,731,2
"2.37",5,5,1.11111111111111,5,2,"7",0.5,0.777777777777778,1,1,0.1,1.97530864197531,5,2,732,2
"3.37",5,5,2.22222222222222,5,3,"7",0.5,0.777777777777778,1,1,0.1,2.83950617283951,5,2,733,2
"4.37",5,5,3.33333333333333,5,4,"7",0.5,0.777777777777778,1,1,0.1,3.7037037037037,5,2,734,2
"5.37",5,5,4.44444444444444,5,5,"7",0.5,0.777777777777778,1,1,0.1,4.5679012345679,5,2,735,1
"6.37",5,5,5.55555555555556,5,6,"7",0.5,0.777777777777778,1,1,0.1,5.4320987654321,5,1,736,1
"7.37",5,5,6.66666666666667,5,7,"7",0.5,0.777777777777778,1,1,0.1,6.2962962962963,5,1,737,1
"8.37",5,5,7.77777777777778,5,8,"7",0.5,0.777777777777778,1,1,0.1,7.16049382716049,5,1,738,1
"9.37",5,5,8.88888888888889,5,9,"7",0.5,0.777777777777778,1,1,0.1,8.02469135802469,5,1,739,1
"10.37",5,5,10,5,10,"7",0.5,0.777777777777778,1,1,0.1,8.88888888888889,5,1,740,2
"1.47",5,5,0,5,1,"7",0.5,0.777777777777778,1,1,0.1,1.11111111111111,5,2,741,2
"2.47",5,5,1.11111111111111,5,2,"7",0.5,0.777777777777778,1,1,0.1,1.97530864197531,5,2,742,2
"3.47",5,5,2.22222222222222,5,3,"7",0.5,0.777777777777778,1,1,0.1,2.83950617283951,5,2,743,2
"4.47",5,5,3.33333333333333,5,4,"7",0.5,0.777777777777778,1,1,0.1,3.7037037037037,5,2,744,2
"5.47",5,5,4.44444444444444,5,5,"7",0.5,0.777777777777778,1,1,0.1,4.5679012345679,5,2,745,2
"6.47",5,5,5.55555555555556,5,6,"7",0.5,0.777777777777778,1,1,0.1,5.4320987654321,5,1,746,1
"7.47",5,5,6.66666666666667,5,7,"7",0.5,0.777777777777778,1,1,0.1,6.2962962962963,5,1,747,2
"8.47",5,5,7.77777777777778,5,8,"7",0.5,0.777777777777778,1,1,0.1,7.16049382716049,5,1,748,1
"9.47",5,5,8.88888888888889,5,9,"7",0.5,0.777777777777778,1,1,0.1,8.02469135802469,5,1,749,1
"10.47",5,5,10,5,10,"7",0.5,0.777777777777778,1,1,0.1,8.88888888888889,5,1,750,1
"1.57",5,5,0,5,1,"7",0.5,0.777777777777778,1,1,0.1,1.11111111111111,5,2,751,2
"2.57",5,5,1.11111111111111,5,2,"7",0.5,0.777777777777778,1,1,0.1,1.97530864197531,5,2,752,1
"3.57",5,5,2.22222222222222,5,3,"7",0.5,0.777777777777778,1,1,0.1,2.83950617283951,5,2,753,2
"4.57",5,5,3.33333333333333,5,4,"7",0.5,0.777777777777778,1,1,0.1,3.7037037037037,5,2,754,1
"5.57",5,5,4.44444444444444,5,5,"7",0.5,0.777777777777778,1,1,0.1,4.5679012345679,5,2,755,2
"6.57",5,5,5.55555555555556,5,6,"7",0.5,0.777777777777778,1,1,0.1,5.4320987654321,5,1,756,1
"7.57",5,5,6.66666666666667,5,7,"7",0.5,0.777777777777778,1,1,0.1,6.2962962962963,5,1,757,1
"8.57",5,5,7.77777777777778,5,8,"7",0.5,0.777777777777778,1,1,0.1,7.16049382716049,5,1,758,2
"9.57",5,5,8.88888888888889,5,9,"7",0.5,0.777777777777778,1,1,0.1,8.02469135802469,5,1,759,1
"10.57",5,5,10,5,10,"7",0.5,0.777777777777778,1,1,0.1,8.88888888888889,5,1,760,1
"1.67",5,5,0,5,1,"7",0.5,0.777777777777778,1,1,0.1,1.11111111111111,5,2,761,2
"2.67",5,5,1.11111111111111,5,2,"7",0.5,0.777777777777778,1,1,0.1,1.97530864197531,5,2,762,2
"3.67",5,5,2.22222222222222,5,3,"7",0.5,0.777777777777778,1,1,0.1,2.83950617283951,5,2,763,2
"4.67",5,5,3.33333333333333,5,4,"7",0.5,0.777777777777778,1,1,0.1,3.7037037037037,5,2,764,2
"5.67",5,5,4.44444444444444,5,5,"7",0.5,0.777777777777778,1,1,0.1,4.5679012345679,5,2,765,2
"6.67",5,5,5.55555555555556,5,6,"7",0.5,0.777777777777778,1,1,0.1,5.4320987654321,5,1,766,2
"7.67",5,5,6.66666666666667,5,7,"7",0.5,0.777777777777778,1,1,0.1,6.2962962962963,5,1,767,1
"8.67",5,5,7.77777777777778,5,8,"7",0.5,0.777777777777778,1,1,0.1,7.16049382716049,5,1,768,1
"9.67",5,5,8.88888888888889,5,9,"7",0.5,0.777777777777778,1,1,0.1,8.02469135802469,5,1,769,1
"10.67",5,5,10,5,10,"7",0.5,0.777777777777778,1,1,0.1,8.88888888888889,5,1,770,1
"1.77",5,5,0,5,1,"7",0.5,0.777777777777778,1,1,0.1,1.11111111111111,5,2,771,2
"2.77",5,5,1.11111111111111,5,2,"7",0.5,0.777777777777778,1,1,0.1,1.97530864197531,5,2,772,2
"3.77",5,5,2.22222222222222,5,3,"7",0.5,0.777777777777778,1,1,0.1,2.83950617283951,5,2,773,1
"4.77",5,5,3.33333333333333,5,4,"7",0.5,0.777777777777778,1,1,0.1,3.7037037037037,5,2,774,2
"5.77",5,5,4.44444444444444,5,5,"7",0.5,0.777777777777778,1,1,0.1,4.5679012345679,5,2,775,2
"6.77",5,5,5.55555555555556,5,6,"7",0.5,0.777777777777778,1,1,0.1,5.4320987654321,5,1,776,1
"7.77",5,5,6.66666666666667,5,7,"7",0.5,0.777777777777778,1,1,0.1,6.2962962962963,5,1,777,2
"8.77",5,5,7.77777777777778,5,8,"7",0.5,0.777777777777778,1,1,0.1,7.16049382716049,5,1,778,1
"9.77",5,5,8.88888888888889,5,9,"7",0.5,0.777777777777778,1,1,0.1,8.02469135802469,5,1,779,1
"10.77",5,5,10,5,10,"7",0.5,0.777777777777778,1,1,0.1,8.88888888888889,5,1,780,1
"1.87",5,5,0,5,1,"7",0.5,0.777777777777778,1,1,0.1,1.11111111111111,5,2,781,1
"2.87",5,5,1.11111111111111,5,2,"7",0.5,0.777777777777778,1,1,0.1,1.97530864197531,5,2,782,2
"3.87",5,5,2.22222222222222,5,3,"7",0.5,0.777777777777778,1,1,0.1,2.83950617283951,5,2,783,2
"4.87",5,5,3.33333333333333,5,4,"7",0.5,0.777777777777778,1,1,0.1,3.7037037037037,5,2,784,2
"5.87",5,5,4.44444444444444,5,5,"7",0.5,0.777777777777778,1,1,0.1,4.5679012345679,5,2,785,1
"6.87",5,5,5.55555555555556,5,6,"7",0.5,0.777777777777778,1,1,0.1,5.4320987654321,5,1,786,1
"7.87",5,5,6.66666666666667,5,7,"7",0.5,0.777777777777778,1,1,0.1,6.2962962962963,5,1,787,1
"8.87",5,5,7.77777777777778,5,8,"7",0.5,0.777777777777778,1,1,0.1,7.16049382716049,5,1,788,1
"9.87",5,5,8.88888888888889,5,9,"7",0.5,0.777777777777778,1,1,0.1,8.02469135802469,5,1,789,1
"10.87",5,5,10,5,10,"7",0.5,0.777777777777778,1,1,0.1,8.88888888888889,5,1,790,1
"1.97",5,5,0,5,1,"7",0.5,0.777777777777778,1,1,0.1,1.11111111111111,5,2,791,2
"2.97",5,5,1.11111111111111,5,2,"7",0.5,0.777777777777778,1,1,0.1,1.97530864197531,5,2,792,2
"3.97",5,5,2.22222222222222,5,3,"7",0.5,0.777777777777778,1,1,0.1,2.83950617283951,5,2,793,2
"4.97",5,5,3.33333333333333,5,4,"7",0.5,0.777777777777778,1,1,0.1,3.7037037037037,5,2,794,2
"5.97",5,5,4.44444444444444,5,5,"7",0.5,0.777777777777778,1,1,0.1,4.5679012345679,5,2,795,2
"6.97",5,5,5.55555555555556,5,6,"7",0.5,0.777777777777778,1,1,0.1,5.4320987654321,5,1,796,1
"7.97",5,5,6.66666666666667,5,7,"7",0.5,0.777777777777778,1,1,0.1,6.2962962962963,5,1,797,2
"8.97",5,5,7.77777777777778,5,8,"7",0.5,0.777777777777778,1,1,0.1,7.16049382716049,5,1,798,1
"9.97",5,5,8.88888888888889,5,9,"7",0.5,0.777777777777778,1,1,0.1,8.02469135802469,5,1,799,1
"10.97",5,5,10,5,10,"7",0.5,0.777777777777778,1,1,0.1,8.88888888888889,5,1,800,1
"18",5,5,0,5,1,"8",0.5,0.888888888888889,1,1,0.1,0.555555555555556,5,2,801,2
"28",5,5,1.11111111111111,5,2,"8",0.5,0.888888888888889,1,1,0.1,1.54320987654321,5,2,802,1
"38",5,5,2.22222222222222,5,3,"8",0.5,0.888888888888889,1,1,0.1,2.53086419753086,5,2,803,2
"48",5,5,3.33333333333333,5,4,"8",0.5,0.888888888888889,1,1,0.1,3.51851851851852,5,2,804,2
"58",5,5,4.44444444444444,5,5,"8",0.5,0.888888888888889,1,1,0.1,4.50617283950617,5,2,805,2
"68",5,5,5.55555555555556,5,6,"8",0.5,0.888888888888889,1,1,0.1,5.49382716049383,5,1,806,2
"78",5,5,6.66666666666667,5,7,"8",0.5,0.888888888888889,1,1,0.1,6.48148148148148,5,1,807,1
"88",5,5,7.77777777777778,5,8,"8",0.5,0.888888888888889,1,1,0.1,7.46913580246914,5,1,808,1
"98",5,5,8.88888888888889,5,9,"8",0.5,0.888888888888889,1,1,0.1,8.45679012345679,5,1,809,1
"108",5,5,10,5,10,"8",0.5,0.888888888888889,1,1,0.1,9.44444444444444,5,1,810,1
"1.18",5,5,0,5,1,"8",0.5,0.888888888888889,1,1,0.1,0.555555555555556,5,2,811,2
"2.18",5,5,1.11111111111111,5,2,"8",0.5,0.888888888888889,1,1,0.1,1.54320987654321,5,2,812,2
"3.18",5,5,2.22222222222222,5,3,"8",0.5,0.888888888888889,1,1,0.1,2.53086419753086,5,2,813,1
"4.18",5,5,3.33333333333333,5,4,"8",0.5,0.888888888888889,1,1,0.1,3.51851851851852,5,2,814,1
"5.18",5,5,4.44444444444444,5,5,"8",0.5,0.888888888888889,1,1,0.1,4.50617283950617,5,2,815,1
"6.18",5,5,5.55555555555556,5,6,"8",0.5,0.888888888888889,1,1,0.1,5.49382716049383,5,1,816,1
"7.18",5,5,6.66666666666667,5,7,"8",0.5,0.888888888888889,1,1,0.1,6.48148148148148,5,1,817,2
"8.18",5,5,7.77777777777778,5,8,"8",0.5,0.888888888888889,1,1,0.1,7.46913580246914,5,1,818,2
"9.18",5,5,8.88888888888889,5,9,"8",0.5,0.888888888888889,1,1,0.1,8.45679012345679,5,1,819,1
"10.18",5,5,10,5,10,"8",0.5,0.888888888888889,1,1,0.1,9.44444444444444,5,1,820,2
"1.28",5,5,0,5,1,"8",0.5,0.888888888888889,1,1,0.1,0.555555555555556,5,2,821,2
"2.28",5,5,1.11111111111111,5,2,"8",0.5,0.888888888888889,1,1,0.1,1.54320987654321,5,2,822,2
"3.28",5,5,2.22222222222222,5,3,"8",0.5,0.888888888888889,1,1,0.1,2.53086419753086,5,2,823,1
"4.28",5,5,3.33333333333333,5,4,"8",0.5,0.888888888888889,1,1,0.1,3.51851851851852,5,2,824,2
"5.28",5,5,4.44444444444444,5,5,"8",0.5,0.888888888888889,1,1,0.1,4.50617283950617,5,2,825,1
"6.28",5,5,5.55555555555556,5,6,"8",0.5,0.888888888888889,1,1,0.1,5.49382716049383,5,1,826,2
"7.28",5,5,6.66666666666667,5,7,"8",0.5,0.888888888888889,1,1,0.1,6.48148148148148,5,1,827,1
"8.28",5,5,7.77777777777778,5,8,"8",0.5,0.888888888888889,1,1,0.1,7.46913580246914,5,1,828,1
"9.28",5,5,8.88888888888889,5,9,"8",0.5,0.888888888888889,1,1,0.1,8.45679012345679,5,1,829,1
"10.28",5,5,10,5,10,"8",0.5,0.888888888888889,1,1,0.1,9.44444444444444,5,1,830,1
"1.38",5,5,0,5,1,"8",0.5,0.888888888888889,1,1,0.1,0.555555555555556,5,2,831,2
"2.38",5,5,1.11111111111111,5,2,"8",0.5,0.888888888888889,1,1,0.1,1.54320987654321,5,2,832,2
"3.38",5,5,2.22222222222222,5,3,"8",0.5,0.888888888888889,1,1,0.1,2.53086419753086,5,2,833,2
"4.38",5,5,3.33333333333333,5,4,"8",0.5,0.888888888888889,1,1,0.1,3.51851851851852,5,2,834,2
"5.38",5,5,4.44444444444444,5,5,"8",0.5,0.888888888888889,1,1,0.1,4.50617283950617,5,2,835,2
"6.38",5,5,5.55555555555556,5,6,"8",0.5,0.888888888888889,1,1,0.1,5.49382716049383,5,1,836,1
"7.38",5,5,6.66666666666667,5,7,"8",0.5,0.888888888888889,1,1,0.1,6.48148148148148,5,1,837,2
"8.38",5,5,7.77777777777778,5,8,"8",0.5,0.888888888888889,1,1,0.1,7.46913580246914,5,1,838,2
"9.38",5,5,8.88888888888889,5,9,"8",0.5,0.888888888888889,1,1,0.1,8.45679012345679,5,1,839,1
"10.38",5,5,10,5,10,"8",0.5,0.888888888888889,1,1,0.1,9.44444444444444,5,1,840,1
"1.48",5,5,0,5,1,"8",0.5,0.888888888888889,1,1,0.1,0.555555555555556,5,2,841,2
"2.48",5,5,1.11111111111111,5,2,"8",0.5,0.888888888888889,1,1,0.1,1.54320987654321,5,2,842,1
"3.48",5,5,2.22222222222222,5,3,"8",0.5,0.888888888888889,1,1,0.1,2.53086419753086,5,2,843,2
"4.48",5,5,3.33333333333333,5,4,"8",0.5,0.888888888888889,1,1,0.1,3.51851851851852,5,2,844,2
"5.48",5,5,4.44444444444444,5,5,"8",0.5,0.888888888888889,1,1,0.1,4.50617283950617,5,2,845,1
"6.48",5,5,5.55555555555556,5,6,"8",0.5,0.888888888888889,1,1,0.1,5.49382716049383,5,1,846,1
"7.48",5,5,6.66666666666667,5,7,"8",0.5,0.888888888888889,1,1,0.1,6.48148148148148,5,1,847,1
"8.48",5,5,7.77777777777778,5,8,"8",0.5,0.888888888888889,1,1,0.1,7.46913580246914,5,1,848,1
"9.48",5,5,8.88888888888889,5,9,"8",0.5,0.888888888888889,1,1,0.1,8.45679012345679,5,1,849,1
"10.48",5,5,10,5,10,"8",0.5,0.888888888888889,1,1,0.1,9.44444444444444,5,1,850,2
"1.58",5,5,0,5,1,"8",0.5,0.888888888888889,1,1,0.1,0.555555555555556,5,2,851,2
"2.58",5,5,1.11111111111111,5,2,"8",0.5,0.888888888888889,1,1,0.1,1.54320987654321,5,2,852,2
"3.58",5,5,2.22222222222222,5,3,"8",0.5,0.888888888888889,1,1,0.1,2.53086419753086,5,2,853,2
"4.58",5,5,3.33333333333333,5,4,"8",0.5,0.888888888888889,1,1,0.1,3.51851851851852,5,2,854,2
"5.58",5,5,4.44444444444444,5,5,"8",0.5,0.888888888888889,1,1,0.1,4.50617283950617,5,2,855,2
"6.58",5,5,5.55555555555556,5,6,"8",0.5,0.888888888888889,1,1,0.1,5.49382716049383,5,1,856,1
"7.58",5,5,6.66666666666667,5,7,"8",0.5,0.888888888888889,1,1,0.1,6.48148148148148,5,1,857,1
"8.58",5,5,7.77777777777778,5,8,"8",0.5,0.888888888888889,1,1,0.1,7.46913580246914,5,1,858,1
"9.58",5,5,8.88888888888889,5,9,"8",0.5,0.888888888888889,1,1,0.1,8.45679012345679,5,1,859,1
"10.58",5,5,10,5,10,"8",0.5,0.888888888888889,1,1,0.1,9.44444444444444,5,1,860,1
"1.68",5,5,0,5,1,"8",0.5,0.888888888888889,1,1,0.1,0.555555555555556,5,2,861,2
"2.68",5,5,1.11111111111111,5,2,"8",0.5,0.888888888888889,1,1,0.1,1.54320987654321,5,2,862,2
"3.68",5,5,2.22222222222222,5,3,"8",0.5,0.888888888888889,1,1,0.1,2.53086419753086,5,2,863,1
"4.68",5,5,3.33333333333333,5,4,"8",0.5,0.888888888888889,1,1,0.1,3.51851851851852,5,2,864,1
"5.68",5,5,4.44444444444444,5,5,"8",0.5,0.888888888888889,1,1,0.1,4.50617283950617,5,2,865,2
"6.68",5,5,5.55555555555556,5,6,"8",0.5,0.888888888888889,1,1,0.1,5.49382716049383,5,1,866,1
"7.68",5,5,6.66666666666667,5,7,"8",0.5,0.888888888888889,1,1,0.1,6.48148148148148,5,1,867,1
"8.68",5,5,7.77777777777778,5,8,"8",0.5,0.888888888888889,1,1,0.1,7.46913580246914,5,1,868,1
"9.68",5,5,8.88888888888889,5,9,"8",0.5,0.888888888888889,1,1,0.1,8.45679012345679,5,1,869,1
"10.68",5,5,10,5,10,"8",0.5,0.888888888888889,1,1,0.1,9.44444444444444,5,1,870,1
"1.78",5,5,0,5,1,"8",0.5,0.888888888888889,1,1,0.1,0.555555555555556,5,2,871,2
"2.78",5,5,1.11111111111111,5,2,"8",0.5,0.888888888888889,1,1,0.1,1.54320987654321,5,2,872,2
"3.78",5,5,2.22222222222222,5,3,"8",0.5,0.888888888888889,1,1,0.1,2.53086419753086,5,2,873,2
"4.78",5,5,3.33333333333333,5,4,"8",0.5,0.888888888888889,1,1,0.1,3.51851851851852,5,2,874,2
"5.78",5,5,4.44444444444444,5,5,"8",0.5,0.888888888888889,1,1,0.1,4.50617283950617,5,2,875,1
"6.78",5,5,5.55555555555556,5,6,"8",0.5,0.888888888888889,1,1,0.1,5.49382716049383,5,1,876,2
"7.78",5,5,6.66666666666667,5,7,"8",0.5,0.888888888888889,1,1,0.1,6.48148148148148,5,1,877,2
"8.78",5,5,7.77777777777778,5,8,"8",0.5,0.888888888888889,1,1,0.1,7.46913580246914,5,1,878,1
"9.78",5,5,8.88888888888889,5,9,"8",0.5,0.888888888888889,1,1,0.1,8.45679012345679,5,1,879,1
"10.78",5,5,10,5,10,"8",0.5,0.888888888888889,1,1,0.1,9.44444444444444,5,1,880,1
"1.88",5,5,0,5,1,"8",0.5,0.888888888888889,1,1,0.1,0.555555555555556,5,2,881,2
"2.88",5,5,1.11111111111111,5,2,"8",0.5,0.888888888888889,1,1,0.1,1.54320987654321,5,2,882,2
"3.88",5,5,2.22222222222222,5,3,"8",0.5,0.888888888888889,1,1,0.1,2.53086419753086,5,2,883,2
"4.88",5,5,3.33333333333333,5,4,"8",0.5,0.888888888888889,1,1,0.1,3.51851851851852,5,2,884,2
"5.88",5,5,4.44444444444444,5,5,"8",0.5,0.888888888888889,1,1,0.1,4.50617283950617,5,2,885,1
"6.88",5,5,5.55555555555556,5,6,"8",0.5,0.888888888888889,1,1,0.1,5.49382716049383,5,1,886,2
"7.88",5,5,6.66666666666667,5,7,"8",0.5,0.888888888888889,1,1,0.1,6.48148148148148,5,1,887,1
"8.88",5,5,7.77777777777778,5,8,"8",0.5,0.888888888888889,1,1,0.1,7.46913580246914,5,1,888,2
"9.88",5,5,8.88888888888889,5,9,"8",0.5,0.888888888888889,1,1,0.1,8.45679012345679,5,1,889,1
"10.88",5,5,10,5,10,"8",0.5,0.888888888888889,1,1,0.1,9.44444444444444,5,1,890,1
"1.98",5,5,0,5,1,"8",0.5,0.888888888888889,1,1,0.1,0.555555555555556,5,2,891,2
"2.98",5,5,1.11111111111111,5,2,"8",0.5,0.888888888888889,1,1,0.1,1.54320987654321,5,2,892,2
"3.98",5,5,2.22222222222222,5,3,"8",0.5,0.888888888888889,1,1,0.1,2.53086419753086,5,2,893,2
"4.98",5,5,3.33333333333333,5,4,"8",0.5,0.888888888888889,1,1,0.1,3.51851851851852,5,2,894,2
"5.98",5,5,4.44444444444444,5,5,"8",0.5,0.888888888888889,1,1,0.1,4.50617283950617,5,2,895,2
"6.98",5,5,5.55555555555556,5,6,"8",0.5,0.888888888888889,1,1,0.1,5.49382716049383,5,1,896,1
"7.98",5,5,6.66666666666667,5,7,"8",0.5,0.888888888888889,1,1,0.1,6.48148148148148,5,1,897,1
"8.98",5,5,7.77777777777778,5,8,"8",0.5,0.888888888888889,1,1,0.1,7.46913580246914,5,1,898,2
"9.98",5,5,8.88888888888889,5,9,"8",0.5,0.888888888888889,1,1,0.1,8.45679012345679,5,1,899,1
"10.98",5,5,10,5,10,"8",0.5,0.888888888888889,1,1,0.1,9.44444444444444,5,1,900,1
"19",5,5,0,5,1,"9",0.5,1,1,1,0.1,0,5,2,901,2
"29",5,5,1.11111111111111,5,2,"9",0.5,1,1,1,0.1,1.11111111111111,5,2,902,2
"39",5,5,2.22222222222222,5,3,"9",0.5,1,1,1,0.1,2.22222222222222,5,2,903,2
"49",5,5,3.33333333333333,5,4,"9",0.5,1,1,1,0.1,3.33333333333333,5,2,904,2
"59",5,5,4.44444444444444,5,5,"9",0.5,1,1,1,0.1,4.44444444444444,5,2,905,1
"69",5,5,5.55555555555556,5,6,"9",0.5,1,1,1,0.1,5.55555555555556,5,1,906,2
"79",5,5,6.66666666666667,5,7,"9",0.5,1,1,1,0.1,6.66666666666667,5,1,907,2
"89",5,5,7.77777777777778,5,8,"9",0.5,1,1,1,0.1,7.77777777777778,5,1,908,1
"99",5,5,8.88888888888889,5,9,"9",0.5,1,1,1,0.1,8.88888888888889,5,1,909,1
"109",5,5,10,5,10,"9",0.5,1,1,1,0.1,10,5,1,910,2
"1.19",5,5,0,5,1,"9",0.5,1,1,1,0.1,0,5,2,911,2
"2.19",5,5,1.11111111111111,5,2,"9",0.5,1,1,1,0.1,1.11111111111111,5,2,912,2
"3.19",5,5,2.22222222222222,5,3,"9",0.5,1,1,1,0.1,2.22222222222222,5,2,913,2
"4.19",5,5,3.33333333333333,5,4,"9",0.5,1,1,1,0.1,3.33333333333333,5,2,914,2
"5.19",5,5,4.44444444444444,5,5,"9",0.5,1,1,1,0.1,4.44444444444444,5,2,915,2
"6.19",5,5,5.55555555555556,5,6,"9",0.5,1,1,1,0.1,5.55555555555556,5,1,916,2
"7.19",5,5,6.66666666666667,5,7,"9",0.5,1,1,1,0.1,6.66666666666667,5,1,917,2
"8.19",5,5,7.77777777777778,5,8,"9",0.5,1,1,1,0.1,7.77777777777778,5,1,918,1
"9.19",5,5,8.88888888888889,5,9,"9",0.5,1,1,1,0.1,8.88888888888889,5,1,919,1
"10.19",5,5,10,5,10,"9",0.5,1,1,1,0.1,10,5,1,920,1
"1.29",5,5,0,5,1,"9",0.5,1,1,1,0.1,0,5,2,921,2
"2.29",5,5,1.11111111111111,5,2,"9",0.5,1,1,1,0.1,1.11111111111111,5,2,922,2
"3.29",5,5,2.22222222222222,5,3,"9",0.5,1,1,1,0.1,2.22222222222222,5,2,923,1
"4.29",5,5,3.33333333333333,5,4,"9",0.5,1,1,1,0.1,3.33333333333333,5,2,924,2
"5.29",5,5,4.44444444444444,5,5,"9",0.5,1,1,1,0.1,4.44444444444444,5,2,925,1
"6.29",5,5,5.55555555555556,5,6,"9",0.5,1,1,1,0.1,5.55555555555556,5,1,926,2
"7.29",5,5,6.66666666666667,5,7,"9",0.5,1,1,1,0.1,6.66666666666667,5,1,927,1
"8.29",5,5,7.77777777777778,5,8,"9",0.5,1,1,1,0.1,7.77777777777778,5,1,928,1
"9.29",5,5,8.88888888888889,5,9,"9",0.5,1,1,1,0.1,8.88888888888889,5,1,929,1
"10.29",5,5,10,5,10,"9",0.5,1,1,1,0.1,10,5,1,930,1
"1.39",5,5,0,5,1,"9",0.5,1,1,1,0.1,0,5,2,931,1
"2.39",5,5,1.11111111111111,5,2,"9",0.5,1,1,1,0.1,1.11111111111111,5,2,932,2
"3.39",5,5,2.22222222222222,5,3,"9",0.5,1,1,1,0.1,2.22222222222222,5,2,933,2
"4.39",5,5,3.33333333333333,5,4,"9",0.5,1,1,1,0.1,3.33333333333333,5,2,934,2
"5.39",5,5,4.44444444444444,5,5,"9",0.5,1,1,1,0.1,4.44444444444444,5,2,935,2
"6.39",5,5,5.55555555555556,5,6,"9",0.5,1,1,1,0.1,5.55555555555556,5,1,936,2
"7.39",5,5,6.66666666666667,5,7,"9",0.5,1,1,1,0.1,6.66666666666667,5,1,937,1
"8.39",5,5,7.77777777777778,5,8,"9",0.5,1,1,1,0.1,7.77777777777778,5,1,938,1
"9.39",5,5,8.88888888888889,5,9,"9",0.5,1,1,1,0.1,8.88888888888889,5,1,939,2
"10.39",5,5,10,5,10,"9",0.5,1,1,1,0.1,10,5,1,940,1
"1.49",5,5,0,5,1,"9",0.5,1,1,1,0.1,0,5,2,941,2
"2.49",5,5,1.11111111111111,5,2,"9",0.5,1,1,1,0.1,1.11111111111111,5,2,942,2
"3.49",5,5,2.22222222222222,5,3,"9",0.5,1,1,1,0.1,2.22222222222222,5,2,943,2
"4.49",5,5,3.33333333333333,5,4,"9",0.5,1,1,1,0.1,3.33333333333333,5,2,944,1
"5.49",5,5,4.44444444444444,5,5,"9",0.5,1,1,1,0.1,4.44444444444444,5,2,945,1
"6.49",5,5,5.55555555555556,5,6,"9",0.5,1,1,1,0.1,5.55555555555556,5,1,946,1
"7.49",5,5,6.66666666666667,5,7,"9",0.5,1,1,1,0.1,6.66666666666667,5,1,947,1
"8.49",5,5,7.77777777777778,5,8,"9",0.5,1,1,1,0.1,7.77777777777778,5,1,948,1
"9.49",5,5,8.88888888888889,5,9,"9",0.5,1,1,1,0.1,8.88888888888889,5,1,949,2
"10.49",5,5,10,5,10,"9",0.5,1,1,1,0.1,10,5,1,950,1
"1.59",5,5,0,5,1,"9",0.5,1,1,1,0.1,0,5,2,951,2
"2.59",5,5,1.11111111111111,5,2,"9",0.5,1,1,1,0.1,1.11111111111111,5,2,952,2
"3.59",5,5,2.22222222222222,5,3,"9",0.5,1,1,1,0.1,2.22222222222222,5,2,953,2
"4.59",5,5,3.33333333333333,5,4,"9",0.5,1,1,1,0.1,3.33333333333333,5,2,954,1
"5.59",5,5,4.44444444444444,5,5,"9",0.5,1,1,1,0.1,4.44444444444444,5,2,955,2
"6.59",5,5,5.55555555555556,5,6,"9",0.5,1,1,1,0.1,5.55555555555556,5,1,956,1
"7.59",5,5,6.66666666666667,5,7,"9",0.5,1,1,1,0.1,6.66666666666667,5,1,957,2
"8.59",5,5,7.77777777777778,5,8,"9",0.5,1,1,1,0.1,7.77777777777778,5,1,958,2
"9.59",5,5,8.88888888888889,5,9,"9",0.5,1,1,1,0.1,8.88888888888889,5,1,959,1
"10.59",5,5,10,5,10,"9",0.5,1,1,1,0.1,10,5,1,960,1
"1.69",5,5,0,5,1,"9",0.5,1,1,1,0.1,0,5,2,961,2
"2.69",5,5,1.11111111111111,5,2,"9",0.5,1,1,1,0.1,1.11111111111111,5,2,962,2
"3.69",5,5,2.22222222222222,5,3,"9",0.5,1,1,1,0.1,2.22222222222222,5,2,963,2
"4.69",5,5,3.33333333333333,5,4,"9",0.5,1,1,1,0.1,3.33333333333333,5,2,964,2
"5.69",5,5,4.44444444444444,5,5,"9",0.5,1,1,1,0.1,4.44444444444444,5,2,965,2
"6.69",5,5,5.55555555555556,5,6,"9",0.5,1,1,1,0.1,5.55555555555556,5,1,966,1
"7.69",5,5,6.66666666666667,5,7,"9",0.5,1,1,1,0.1,6.66666666666667,5,1,967,2
"8.69",5,5,7.77777777777778,5,8,"9",0.5,1,1,1,0.1,7.77777777777778,5,1,968,1
"9.69",5,5,8.88888888888889,5,9,"9",0.5,1,1,1,0.1,8.88888888888889,5,1,969,1
"10.69",5,5,10,5,10,"9",0.5,1,1,1,0.1,10,5,1,970,1
"1.79",5,5,0,5,1,"9",0.5,1,1,1,0.1,0,5,2,971,2
"2.79",5,5,1.11111111111111,5,2,"9",0.5,1,1,1,0.1,1.11111111111111,5,2,972,2
"3.79",5,5,2.22222222222222,5,3,"9",0.5,1,1,1,0.1,2.22222222222222,5,2,973,2
"4.79",5,5,3.33333333333333,5,4,"9",0.5,1,1,1,0.1,3.33333333333333,5,2,974,1
"5.79",5,5,4.44444444444444,5,5,"9",0.5,1,1,1,0.1,4.44444444444444,5,2,975,1
"6.79",5,5,5.55555555555556,5,6,"9",0.5,1,1,1,0.1,5.55555555555556,5,1,976,1
"7.79",5,5,6.66666666666667,5,7,"9",0.5,1,1,1,0.1,6.66666666666667,5,1,977,1
"8.79",5,5,7.77777777777778,5,8,"9",0.5,1,1,1,0.1,7.77777777777778,5,1,978,1
"9.79",5,5,8.88888888888889,5,9,"9",0.5,1,1,1,0.1,8.88888888888889,5,1,979,1
"10.79",5,5,10,5,10,"9",0.5,1,1,1,0.1,10,5,1,980,1
"1.89",5,5,0,5,1,"9",0.5,1,1,1,0.1,0,5,2,981,2
"2.89",5,5,1.11111111111111,5,2,"9",0.5,1,1,1,0.1,1.11111111111111,5,2,982,2
"3.89",5,5,2.22222222222222,5,3,"9",0.5,1,1,1,0.1,2.22222222222222,5,2,983,2
"4.89",5,5,3.33333333333333,5,4,"9",0.5,1,1,1,0.1,3.33333333333333,5,2,984,2
"5.89",5,5,4.44444444444444,5,5,"9",0.5,1,1,1,0.1,4.44444444444444,5,2,985,2
"6.89",5,5,5.55555555555556,5,6,"9",0.5,1,1,1,0.1,5.55555555555556,5,1,986,1
"7.89",5,5,6.66666666666667,5,7,"9",0.5,1,1,1,0.1,6.66666666666667,5,1,987,1
"8.89",5,5,7.77777777777778,5,8,"9",0.5,1,1,1,0.1,7.77777777777778,5,1,988,2
"9.89",5,5,8.88888888888889,5,9,"9",0.5,1,1,1,0.1,8.88888888888889,5,1,989,1
"10.89",5,5,10,5,10,"9",0.5,1,1,1,0.1,10,5,1,990,1
"1.99",5,5,0,5,1,"9",0.5,1,1,1,0.1,0,5,2,991,2
"2.99",5,5,1.11111111111111,5,2,"9",0.5,1,1,1,0.1,1.11111111111111,5,2,992,2
"3.99",5,5,2.22222222222222,5,3,"9",0.5,1,1,1,0.1,2.22222222222222,5,2,993,1
"4.99",5,5,3.33333333333333,5,4,"9",0.5,1,1,1,0.1,3.33333333333333,5,2,994,2
"5.99",5,5,4.44444444444444,5,5,"9",0.5,1,1,1,0.1,4.44444444444444,5,2,995,2
"6.99",5,5,5.55555555555556,5,6,"9",0.5,1,1,1,0.1,5.55555555555556,5,1,996,1
"7.99",5,5,6.66666666666667,5,7,"9",0.5,1,1,1,0.1,6.66666666666667,5,1,997,2
"8.99",5,5,7.77777777777778,5,8,"9",0.5,1,1,1,0.1,7.77777777777778,5,1,998,1
"9.99",5,5,8.88888888888889,5,9,"9",0.5,1,1,1,0.1,8.88888888888889,5,1,999,1
"10.99",5,5,10,5,10,"9",0.5,1,1,1,0.1,10,5,1,1000,1
