modelLabel,cond,position,pA,pB,pD,vA,vB,vD,PayoffMean,ChoicesMadeCount,MaxEV,CorrectEV,LossEV,Achoices,Bchoices,Dchoices,HequalCount,EVtableCount,uBinsHist0,uBinsHist1,uBinsHist2,uBinsHist3,uBinsHist4,uBinsHist5,uBinsHist6,uBinsHist7,uBinsHist8,uBinsHist9,uBinsHist10,uBinsHist11,uBinsHist12,uBinsHist13,uBinsHist14,uBinsHist15,uBinsHist16,uBinsHist17,uBinsHist18,uBinsHist19,uBinsHist20,uBinsHist21,uBinsHist22,uBinsHist23,uBinsHist24,uBinsHist25,uBinsHist26,uBinsHist27,uBinsHist28,uBinsHist29,uBinsHist30,uBinsHist31,uBinsHist32,uBinsHist33,uBinsHist34,uBinsHist35,uBinsHist36,uBinsHist37,uBinsHist38,uBinsHist39,uBinsHist40,uBinsHist41,uBinsHist42,uBinsHist43,uBinsHist44,uBinsHist45,uBinsHist46,uBinsHist47,uBinsHist48,uBinsHist49,uBinsHist50,uBinsHist51,uBinsHist52,uBinsHist53,uBinsHist54,uBinsHist55,uBinsHist56,uBinsHist57,uBinsHist58,uBinsHist59,uBinsHist60,uBinsHist61,uBinsHist62,uBinsHist63,uBinsHist64,uBinsHist65,uBinsHist66,uBinsHist67,uBinsHist68,uBinsHist69,uBinsHist70,uBinsHist71,uBinsHist72,uBinsHist73,uBinsHist74,uBinsHist75,uBinsHist76,uBinsHist77,uBinsHist78,uBinsHist79
model1.1,X,hilo,0.079000,0.750000,0.970000,29.000000,26.000000,16.000000,16.960785,995758,19.500000,579849,6.079137,66055,579849,349854,0,44665.167969,0,64145,178493,100709,66009,47878,37075,30043,24840,21373,18959,16726,14759,13551,12551,11502,10717,10108,9389,8829,8466,8090,7792,7645,7282,6967,6790,6796,6431,6331,6306,6123,6012,6007,5914,5844,5831,5867,5755,5908,5854,5942,5820,5963,5911,6063,6279,6339,6582,6465,6749,6919,7132,7267,7485,7762,8280,8591,9118,9320,9927,10600,11265,12404,13107,14562,15778,17559,19726,22523,26142,30837,37337,46818,60321,83763,128366,233335,643445,579805
model1.1,X,hilo,0.500000,0.560000,0.880000,11.000000,26.000000,13.000000,12.475195,993376,14.560000,335738,3.150221,3207,335738,654431,0,45397.218750,0,62762,190261,110620,72202,52581,40087,33073,27645,23514,20457,18163,16306,14959,13650,12684,11584,10866,10459,10033,9264,8852,8565,8209,7957,7545,7312,7251,7080,6908,6728,6598,6604,6539,6397,6403,6391,6311,6309,6209,6413,6280,6395,6421,6453,6470,6806,6935,6844,7114,7342,7441,7616,7959,8347,8474,8802,9204,9679,10232,10772,11634,12323,13109,14374,15598,17235,19224,21062,24268,28096,33127,39534,49915,63383,88902,134061,241160,622226,473560
model1.1,X,hilo,0.680000,0.047000,0.620000,17.000000,11.000000,24.000000,12.649241,993052,14.880000,335020,3.366728,655297,2735,335020,0,44675.445312,0,85474,223702,122145,77932,56170,43122,34845,28732,24624,21307,18755,16621,15453,13938,13008,11917,11280,10512,10013,9588,9006,8698,8377,7982,7660,7388,7421,7042,6971,6752,6602,6624,6542,6401,6416,6439,6243,6249,6381,6432,6604,6456,6454,6457,6503,6793,6705,6880,7213,7300,7436,7714,7960,8177,8512,9017,9199,9755,10175,10859,11375,12071,13311,14048,15662,17048,18552,21052,23787,27462,32494,38990,48465,62782,86198,129948,230016,586989,441973
model1.1,X,hilo,0.450000,0.550000,0.600000,30.000000,23.000000,11.000000,10.846222,994182,13.500000,85756,2.903970,85756,600003,308423,0,37001.589844,0,57767,182282,107047,70727,51245,40296,32420,27153,23225,20075,17827,16102,14892,13564,12575,11731,10819,10063,9704,9151,8608,8402,8131,7680,7640,7329,7334,6923,6845,6745,6670,6561,6451,6349,6440,6267,6217,6304,6114,6387,6352,6408,6383,6457,6610,6644,6791,6954,7155,7398,7557,7627,7949,8129,8490,8887,9104,9772,10028,10904,11529,12306,13318,14297,15548,17186,18985,21340,24448,28345,33160,39970,49470,64021,88804,135161,243254,633865,483878
model1.1,X,hilo,0.300000,0.350000,0.470000,27.000000,18.000000,13.000000,6.378961,992050,8.100000,83694,1.879158,83694,529821,378535,0,26679.914062,0,88761,247230,136320,86745,62299,47746,38574,31816,27564,23322,20885,18589,16873,15452,14158,13369,12500,11620,10942,10126,9777,9497,9241,8749,8331,8174,8174,7814,7609,7425,7336,7251,7127,6952,6995,6901,6853,6825,6933,6856,6924,6968,6942,7186,6981,7307,7301,7463,7595,7879,8161,8348,8748,8697,9195,9548,9987,10440,10713,11514,12374,13023,13817,15462,16262,17949,19960,22169,25157,29201,33969,40989,50621,65440,88875,131947,229442,548499,343386
model1.1,X,hilo,0.970000,0.430000,0.710000,11.000000,27.000000,15.000000,10.738558,994029,11.610001,82886,0.951897,369859,82886,541284,0,37543.570312,0,53843,177043,105217,70279,51564,39553,32424,27182,23391,19995,18243,16268,14810,13577,12492,11515,10891,10136,9632,9215,8719,8578,8130,7827,7659,7410,7138,7065,6793,6814,6596,6465,6608,6322,6395,6235,6283,6234,6311,6280,6440,6420,6570,6481,6628,6818,6704,6959,7082,7324,7505,7753,8016,8122,8609,8975,9136,9844,10344,10793,11685,12375,13194,14515,15779,17425,19189,21867,24413,28433,33433,40398,49815,65381,89733,137467,246029,638203,479098
model1.1,X,hilo,0.760000,0.420000,0.620000,11.000000,27.000000,13.000000,8.457317,993297,11.339999,85548,3.156033,374607,85548,533142,0,32314.386719,0,67315,205388,118533,77489,56322,42907,34847,29013,24620,21818,19354,17378,15766,14408,13047,12194,11652,10929,10395,9802,9179,8896,8448,8095,8127,7668,7537,7303,7219,6971,6934,6752,6832,6763,6796,6556,6601,6723,6634,6674,6704,6645,6680,6860,6901,7024,7015,7186,7580,7553,7620,7968,8360,8509,8816,9328,9417,9869,10658,11142,11925,12627,13900,14735,16091,17653,19799,21859,25232,28665,33870,40425,50303,64946,89709,135442,240012,600725,420253
model1.1,X,hilo,0.770000,0.900000,0.910000,23.000000,17.000000,12.000000,15.153975,950981,17.709999,67454,2.753505,67454,814232,69295,0,8322.810547,0,34420,129102,80278,53520,39404,30455,24585,20382,17649,15407,13618,12104,11094,10202,9325,8727,8027,7494,7318,6845,6409,6213,5932,5532,5523,5361,5245,5084,5055,4843,4814,4845,4644,4626,4670,4551,4624,4548,4540,4498,4586,4774,4722,4802,4914,5055,5022,5249,5201,5443,5621,5690,5974,6236,6724,6759,6969,7544,8134,8511,9067,9814,10619,11618,12855,14243,16078,17983,20563,24339,28792,35150,44478,58796,83289,130496,244167,696365,624788
model1.1,X,hilo,0.770000,0.810000,0.900000,29.000000,24.000000,19.000000,18.967470,997790,22.330000,86044,3.682496,86044,602945,308801,0,69421.851562,0,18090,79200,55435,39285,29722,23866,19892,16699,14467,12768,11587,10311,9684,8885,8216,7849,7152,6930,6740,6373,6225,5795,5804,5484,5356,5158,5131,5004,4890,4673,4819,4700,4655,4576,4564,4471,4609,4556,4670,4614,4759,4645,4613,4731,4881,5032,5197,5194,5437,5540,5589,5809,6091,6415,6451,6543,7128,7551,7928,8412,9019,9555,10423,11370,12386,13908,15535,17252,19882,23178,27723,33462,42778,56884,80234,127625,245546,763993,861766
model1.1,X,hilo,0.590000,0.610000,0.850000,11.000000,23.000000,13.000000,12.029394,993309,14.030001,331529,3.004627,3388,331529,658392,0,44490.742188,0,61002,188458,109524,72199,52254,40670,32862,27588,23643,20769,18472,16319,14804,13461,12640,11752,10879,10367,9781,9331,8827,8475,8203,8033,7602,7434,7215,7087,6884,6808,6483,6485,6502,6567,6409,6229,6312,6327,6258,6365,6360,6242,6505,6507,6584,6650,6792,6999,7201,6983,7560,7666,7918,8231,8426,8930,9313,9594,10235,10762,11503,12597,13309,14363,15694,17023,19208,21330,24177,27954,33421,39922,50229,64468,89343,134893,242732,624525,470498
model1.1,X,hilo,0.640000,0.900000,0.930000,17.000000,28.000000,22.000000,22.334877,997488,25.199999,400322,4.786645,2760,400322,594406,0,85527.671875,0,25645,96821,63077,43531,32735,25939,21427,18052,15707,13954,12251,11084,10271,9486,8929,8063,7834,7290,6959,6523,6315,6078,5960,5851,5578,5400,5206,5163,5057,5022,4921,4798,4848,4858,4729,4862,4737,4713,4729,4865,4757,4798,4856,4927,5127,5146,5242,5320,5376,5596,5874,5841,6063,6431,6777,6874,7138,7720,7955,8693,9103,9645,10601,11305,12685,13859,15359,17552,19860,23146,27616,33419,42332,56072,78375,123969,238210,731902,847675
model1.1,X,hilo,0.310000,0.420000,0.290000,20.000000,11.000000,27.000000,5.753810,991788,7.830000,83937,2.268048,541295,366556,83937,0,25298.226562,0,96023,258998,140854,89753,63795,49048,39008,32588,27962,23875,21350,19190,16992,15438,14489,13474,12405,11703,11276,10784,10147,9534,9178,9033,8711,8252,8036,7838,7891,7638,7401,7240,7166,6966,6957,7014,6979,7060,6966,6824,7012,7040,7001,7224,7210,7329,7538,7438,7705,7644,8143,8375,8436,8802,9174,9657,10266,10377,11017,11641,12156,13095,13946,15080,16464,18177,20098,22367,25170,28985,33923,40890,50059,64525,87602,130332,226162,534934,326534
model1.1,X,hilo,0.290000,0.640000,0.860000,12.000000,22.000000,14.000000,12.680839,993089,14.080000,324430,2.078092,2986,324430,665673,0,44944.769531,0,70620,202959,115285,75103,54055,41611,33750,28517,23746,20972,18515,16808,15102,13728,12868,12005,11059,10456,9833,9265,8893,8499,8376,7962,7673,7566,7152,7064,7017,6877,6724,6685,6610,6513,6532,6484,6319,6426,6314,6363,6394,6448,6333,6427,6584,6799,6850,6842,7243,7313,7673,7766,8045,8331,8556,8902,9309,9788,10320,10741,11476,12398,13224,14320,15680,17049,18996,21451,24083,28014,32919,39770,49310,63546,87390,132613,237193,607444,457421
model1.1,X,hilo,0.440000,0.960000,0.012000,23.000000,13.000000,21.000000,10.166107,993013,12.480000,140025,2.692804,824253,140025,28735,0,33482.050781,0,93916,242252,131607,83837,60161,45944,36706,30549,26109,22363,19891,17933,16144,14629,13717,12706,11764,11061,10435,10022,9535,9158,8684,8436,8044,7877,7873,7619,7284,7196,7084,6901,6823,6658,6599,6513,6614,6667,6685,6486,6716,6506,6725,6619,6906,6928,7280,7157,7249,7321,7817,7946,7961,8445,8662,9010,9593,9967,10647,11149,11799,12620,13581,14567,16016,17483,19287,21766,24447,28154,32690,39749,48584,62945,86556,129011,227726,560464,390508
model1.1,X,hilo,0.370000,0.630000,0.360000,16.000000,11.000000,27.000000,8.295699,920223,9.720000,468829,2.902594,50312,401082,468829,0,4699.702637,0,78033,229410,124901,79116,55784,41971,33259,27415,22973,19981,17518,15297,13833,12426,11473,10599,9996,9148,8691,8140,7680,7111,7014,6750,6449,6311,6057,5879,5798,5563,5417,5471,5392,5209,5166,5257,5196,5062,5125,5031,5050,5239,5358,5262,5373,5363,5603,5620,5801,5892,6134,6345,6517,6720,7127,7409,7795,8205,8534,9145,9798,10804,11246,12337,13854,15102,16896,19161,21809,25515,30114,36461,45776,60130,83284,126906,227092,558594,360396
model1.1,X,hilo,0.690000,0.150000,0.280000,14.000000,17.000000,21.000000,6.318583,991585,9.660000,144373,3.911205,144373,33467,813745,0,27168.531250,0,101030,265484,142169,90939,64446,49018,39374,32487,27608,24289,21133,19067,16959,15560,14282,13391,12524,11651,10703,10494,10024,9366,9295,8935,8661,8328,8178,7879,7533,7444,7428,7205,7190,7044,6917,7053,6919,6750,7049,6843,6980,6970,6947,7065,7261,7308,7437,7450,7647,7771,7998,8292,8448,8844,9165,9438,9948,10343,10907,11614,12195,12938,14041,15193,16475,18018,19844,22065,25169,28946,33773,40335,49577,63586,86903,129509,224374,528814,326518
model1.1,X,hilo,0.120000,0.410000,0.470000,12.000000,29.000000,16.000000,8.942856,991813,11.890000,327235,4.396111,3165,327235,661413,0,34720.164062,0,95379,252425,136278,86451,61890,47644,38183,31713,26573,23060,20511,18152,16547,15246,13814,13034,12296,11473,10627,10275,9574,9249,8858,8660,8378,8107,7838,7672,7459,7256,7154,7042,6960,6821,6712,6529,6734,6511,6599,6668,6680,6607,6863,6827,7206,6963,7143,7429,7507,7478,7716,7972,8405,8650,8879,9368,9848,10021,10620,11248,11720,12829,13626,14695,16147,17896,19584,21991,24654,28525,33505,39774,49221,63395,86896,130752,226581,547959,359907
model1.1,X,hilo,0.160000,0.780000,0.910000,14.000000,24.000000,16.000000,16.029726,994781,18.719999,358904,4.210614,2460,358904,633417,0,56458.726562,0,66218,184236,104261,67518,48935,38113,30879,25760,21880,19090,17122,15329,13998,12575,11765,10763,10409,9672,9051,8661,8414,7923,7767,7437,7147,6908,6915,6583,6351,6359,6196,6164,6143,5989,5834,6066,5916,6036,6071,5935,6044,6081,6052,6033,6454,6245,6409,6683,6723,6879,7092,7126,7492,7618,7973,8208,8806,9192,9540,10250,10697,11500,12555,13503,14566,15998,17789,20130,22752,26651,31329,37147,46817,61093,84397,128660,234051,635173,554246
model1.1,X,hilo,0.710000,0.410000,0.430000,10.000000,25.000000,20.000000,8.195177,993168,10.250000,84379,2.245239,360647,84379,548142,0,30824.136719,0,72592,214718,122805,79720,57091,44209,35441,30008,25304,22237,19664,17439,16039,14662,13379,12505,11709,11084,10565,9976,9418,8881,8671,8443,8156,7917,7624,7425,7379,7289,6989,6857,6795,6818,6699,6576,6708,6720,6828,6786,6588,6629,6811,7004,6808,7141,7177,7315,7317,7643,7721,7988,8428,8593,8803,9288,9571,10218,10661,11203,12068,12799,13843,14663,16387,17880,19891,22241,25155,28898,33868,40945,50482,64947,89347,134787,238892,589050,400328
model1.1,X,hilo,0.170000,0.400000,0.910000,19.000000,23.000000,14.000000,9.511472,992921,12.740001,140616,3.762440,31737,820568,140616,0,33807.656250,0,80316,225734,125064,81051,58095,44694,36235,29847,25469,22046,19618,17691,15747,14786,13276,12627,11635,10872,10418,9666,9358,9091,8499,8396,7932,7838,7643,7475,7298,7079,6822,6913,6951,6795,6600,6898,6631,6591,6634,6467,6699,6469,6745,6843,6912,7018,7186,7210,7254,7526,7695,7921,8271,8428,8749,9174,9514,10122,10656,10917,11847,12863,13586,14623,16135,17435,19528,21795,25000,28535,33232,40039,50318,64020,88039,132052,233926,578814,402869
model1.1,X,hilo,0.190000,0.880000,0.960000,10.000000,19.000000,14.000000,14.542959,994092,16.719999,343705,3.326920,2597,343705,647790,0,51053.554688,0,72440,197851,111258,71710,51532,39935,32248,26850,22870,20125,18075,15970,14510,13142,12199,11548,10636,9892,9475,9091,8695,8469,8016,7648,7402,7315,7058,6739,6846,6641,6500,6409,6244,6286,6150,6257,6125,6202,6234,5964,6035,6067,6207,6213,6348,6453,6521,6824,6769,6987,7306,7346,7558,7814,8202,8526,8888,9283,9945,10612,11010,11870,12728,13958,15030,16672,18507,20548,23513,27247,31867,38349,47810,62144,86328,130257,234502,618484,502991
model1.1,X,hilo,0.680000,0.570000,0.680000,14.000000,25.000000,19.000000,12.754142,938303,14.250000,63189,1.603457,70337,63189,804777,0,7033.688965,0,45368,156465,93672,61448,44473,34298,27701,22875,19211,16618,15006,13286,12065,10977,10139,9488,8823,8033,7637,7246,7060,6652,6125,6102,5825,5744,5390,5417,5223,5369,5132,5059,4976,4960,4710,4707,4860,4765,4882,4757,4841,4839,4852,4976,5122,5147,5165,5400,5505,5657,5852,6206,6324,6369,6613,7102,7393,7858,8277,8839,9467,10087,10960,12113,13226,14499,16457,18582,21175,25267,29347,36005,45496,59942,84617,131029,242085,657233,522441
model1.1,X,hilo,0.520000,0.600000,0.710000,24.000000,20.000000,15.000000,11.560432,994405,12.480000,82864,1.003231,82864,558294,353247,0,39810.207031,0,49830,167075,100853,67199,49224,38282,31330,26064,22428,19597,17469,15472,14258,13117,12126,11566,10840,10054,9501,9013,8561,8241,7847,7636,7488,7153,7089,6677,6786,6568,6548,6349,6448,6211,6293,6175,6278,6157,6269,6235,6275,6355,6379,6453,6421,6562,6730,6956,7014,7045,7364,7788,7785,8091,8363,8844,9397,9515,9975,10742,11559,12224,13161,14368,15301,17150,19024,21184,24334,27787,33144,40255,49657,64677,89761,137067,247757,652098,506346
model1.1,X,hilo,0.720000,0.770000,0.790000,25.000000,19.000000,19.000000,15.185902,982819,18.000000,66771,3.021627,66771,74498,841550,0,16288.453125,0,29100,114293,74577,50832,37656,29666,24495,20340,17759,15437,13655,12424,11396,10551,9642,8991,8489,8062,7613,7186,6942,6556,6333,6034,5999,5847,5782,5420,5483,5307,5197,5167,5101,5094,5018,5098,5041,5053,5017,4931,5126,5140,5260,5122,5320,5446,5432,5470,5675,5858,6136,6462,6561,6783,7067,7299,7622,8145,8693,8897,9633,10478,11314,12267,13528,14966,16578,18875,21616,25247,29663,36159,46257,60393,85273,133660,250072,722671,679709
model1.1,X,hilo,0.760000,0.760000,0.970000,30.000000,12.000000,20.000000,19.764463,964665,22.799999,115121,3.452508,115121,4281,845263,0,10510.500977,0,31223,112295,70262,47060,35034,27271,22332,19029,15908,13967,12242,11166,10031,9225,8635,7986,7384,6980,6670,6174,5935,5851,5511,5425,5155,5024,5002,4882,4720,4546,4494,4428,4574,4431,4377,4376,4205,4156,4395,4287,4449,4362,4442,4591,4635,4655,4812,4926,4974,5071,5349,5614,5621,5909,6133,6554,6805,7077,7332,8036,8526,9200,10050,10842,12072,13323,14939,16725,19514,22665,26945,33037,41654,55561,78881,124175,237585,713201,757105
model1.1,X,hilo,0.850000,0.260000,0.600000,24.000000,26.000000,29.000000,17.489550,996375,20.400002,129990,3.355728,129990,28999,837386,0,57118.632812,0,42911,139883,84942,56744,41645,32995,26864,22283,19336,17086,15139,13612,12411,11355,10545,9801,9232,8670,8417,7795,7570,7177,6841,6795,6533,6325,6291,6127,6021,5810,5799,5806,5475,5458,5541,5395,5478,5603,5520,5471,5622,5728,5587,5704,5844,5913,5869,6007,6350,6413,6608,6784,7057,7242,7626,7865,8262,8514,9040,9652,10273,11268,11756,12669,14177,15274,17087,19222,22026,25453,30287,36516,46149,60145,83954,129544,241224,689906,661806
model1.1,X,hilo,0.780000,0.800000,0.830000,26.000000,23.000000,12.000000,16.292379,996784,20.279999,87386,4.370879,87386,640921,268477,0,54444.386719,0,32464,118414,75256,51521,38207,29827,24501,20882,18070,15760,13999,12659,11734,10763,9838,9414,8911,8281,7936,7500,7087,7010,6730,6402,6196,6069,5905,5854,5718,5721,5588,5497,5289,5381,5281,5200,5263,5301,5215,5328,5342,5433,5480,5512,5566,5670,5802,5857,6156,6082,6318,6654,6839,6940,7399,7678,7909,8373,8880,9545,10219,10787,11821,12687,13888,15099,16678,19174,22188,24997,29899,36238,45803,59950,84008,130280,245661,716604,708964
model1.1,X,hilo,0.590000,0.900000,0.450000,12.000000,10.000000,23.000000,8.118902,993046,10.349999,84485,2.438632,515150,393411,84485,0,31268.437500,0,70749,212579,121176,79114,57675,44044,35773,29764,25160,22145,19562,17587,15962,14626,13423,12529,11636,10966,10436,9812,9385,9092,8577,8304,8053,7995,7608,7425,7359,7198,7156,6826,6827,6627,6644,6656,6687,6596,6610,6564,6717,6784,6691,6949,7130,7057,7206,7214,7478,7681,7777,7968,8277,8528,8903,9202,9458,10091,10714,11437,12116,12856,13683,14644,16173,17666,19428,22254,25208,28943,33897,40846,50611,65355,89559,135099,238449,591541,404641
model1.1,X,hilo,0.990000,0.710000,0.940000,13.000000,25.000000,13.000000,13.156898,979975,17.750000,67173,4.934920,839205,67173,73597,0,14346.157227,0,36675,133969,84151,56835,42031,32410,26463,22353,19373,16786,14850,13498,12200,11173,10409,9663,9077,8510,8012,7555,7248,7018,6895,6442,6257,6189,5893,5766,5788,5659,5566,5419,5450,5278,5423,5348,5319,5346,5349,5405,5261,5322,5376,5308,5579,5748,5722,5857,5923,6188,6334,6560,6790,7085,7383,7681,8063,8487,8825,9393,10108,10958,11773,12615,13950,15467,17347,19659,22237,25935,30226,37298,47219,61894,87102,133559,248400,694988,613254
model1.1,X,hilo,0.340000,0.560000,0.650000,14.000000,27.000000,16.000000,12.032470,993084,15.120000,347021,4.745176,3177,347021,642886,0,44258.328125,0,67181,198409,113609,73903,53916,41745,33652,27940,24037,20821,18394,16516,15024,13687,12859,11868,11075,10480,9905,9263,9080,8435,8233,7827,7855,7402,7264,7224,7048,6767,6684,6665,6441,6394,6289,6489,6524,6424,6450,6364,6375,6395,6480,6444,6771,6665,6905,7066,7018,7221,7561,7699,7974,8210,8409,8862,9247,9726,10301,10737,11458,12359,13392,14452,15525,17147,19106,21146,24641,27763,32665,39810,49445,63960,87704,132566,239029,612953,461922
model1.1,X,hilo,0.650000,0.730000,0.760000,25.000000,11.000000,18.000000,13.574578,994886,16.250000,54782,2.826024,54782,42532,897572,0,45441.644531,0,47764,157517,95983,64384,46905,36579,29646,25258,21428,19016,16462,15042,13651,12371,11605,10883,10108,9421,8974,8580,8182,7869,7598,7464,7307,7010,6656,6664,6460,6340,6326,6171,6183,6034,6010,5923,5970,5908,6106,6012,5892,6200,6181,6166,6417,6406,6381,6683,6766,7041,7237,7213,7773,7891,8164,8699,8701,9316,9867,10444,10989,11963,12695,13961,15130,16547,18540,20888,23573,27234,32156,39093,48823,62985,88224,135448,246701,664549,551951
model1.1,X,hilo,0.430000,0.500000,0.740000,28.000000,20.000000,12.000000,9.769958,993800,12.040000,84636,2.481917,84636,550486,358678,0,35289.390625,0,59007,188061,110912,72817,52918,41134,33230,27795,23762,20739,18525,16723,15031,13716,12991,11774,11106,10531,10038,9308,9252,8574,8429,7804,7723,7649,7230,7166,7017,6974,6721,6755,6613,6640,6380,6412,6474,6328,6402,6369,6370,6591,6531,6601,6761,6784,6712,7079,7183,7346,7532,7831,8154,8258,8662,9025,9481,9881,10476,10840,11889,12640,13385,14662,16128,17602,19391,21762,24973,28217,33521,40628,50293,65553,90018,136022,244272,623896,455420
model1.1,X,hilo,0.710000,0.740000,0.860000,26.000000,20.000000,13.000000,13.982416,995990,18.459999,88276,4.912305,88276,593682,314032,0,49700.277344,0,35429,129466,81171,55849,41593,32226,26447,22230,19129,17110,15000,13570,12805,11553,10634,9948,9358,8872,8419,7989,7627,7128,7008,6811,6739,6445,6413,6098,6085,5964,5858,5716,5763,5775,5557,5584,5542,5538,5623,5653,5664,5651,5615,5715,5950,6038,6180,6232,6455,6436,6623,6823,7198,7427,7730,7900,8498,8929,9338,9865,10713,11320,12180,13187,14586,15899,17832,19871,22786,26524,30907,38087,47609,62066,86346,134256,249347,703664,638798
model1.1,X,hilo,0.490000,0.450000,0.480000,10.000000,25.000000,16.000000,7.710922,917295,11.250000,62305,3.795714,69423,62305,785567,0,4968.847168,0,75069,222957,121041,77408,54206,41327,32401,26811,22329,19557,16612,14774,13400,12263,11042,10354,9452,8749,8484,8138,7428,7297,6887,6635,6331,6099,5891,5637,5477,5464,5357,5199,5281,5223,4999,5017,4962,4884,5014,4987,5128,4997,5031,5125,5315,5329,5479,5471,5647,5963,5921,6314,6368,6723,6995,7213,7705,7891,8465,8928,9725,10501,11313,12470,13432,15131,16695,18756,21715,24584,29576,36365,45789,59753,82705,126733,227491,566167,376533
model1.1,X,hilo,0.770000,0.840000,0.750000,16.000000,14.000000,19.000000,12.278692,994962,14.250000,84318,2.148932,554609,356035,84318,0,43089.054688,0,43644,152642,94088,62831,46656,36316,29921,24802,21464,18688,16641,14879,13895,12574,11618,10757,10162,9544,9073,8847,8318,7983,7615,7357,7303,6911,6890,6735,6667,6362,6297,6247,6059,6233,6061,6121,6032,6042,6058,6022,6090,6030,6093,6074,6382,6343,6592,6504,6819,6866,7134,7407,7604,7939,8264,8681,9049,9531,10120,10667,11141,11938,12898,13786,15225,16773,18597,21096,23799,27673,32519,39342,49223,64406,88964,136481,249414,671840,547227
model1.1,X,hilo,0.460000,0.510000,0.520000,28.000000,16.000000,14.000000,8.417834,925116,12.880000,63949,4.792522,63949,788930,72237,0,5535.414551,0,63119,198717,112121,71491,50915,38841,31024,25043,21388,18582,16369,14318,12932,11841,10811,9936,9213,8596,8167,7802,7233,6797,6488,6456,6118,6102,5714,5700,5495,5302,5297,5132,5199,5147,4966,4940,5008,4944,4912,4951,5050,4994,4979,5140,5195,5277,5237,5468,5641,5834,5921,6222,6376,6648,6950,7152,7618,8065,8408,9154,9668,10345,11395,12249,13394,14773,16350,18527,21612,25091,29993,36584,45557,60041,83977,129049,233923,599343,425021
model1.1,X,hilo,0.820000,0.610000,0.790000,11.000000,29.000000,23.000000,15.648511,996173,18.170000,640843,7.071869,270122,85208,640843,0,50147.523438,0,37319,131309,82227,55569,41277,32371,26238,22236,19276,16955,15006,13668,12345,11299,10623,9848,9308,8861,8326,8077,7347,7302,7011,6856,6616,6351,6146,6118,5991,5840,5777,5609,5418,5749,5529,5557,5606,5623,5437,5658,5527,5574,5691,5746,5848,5895,6092,6163,6251,6512,6759,6759,7114,7307,7492,7912,8314,8624,9377,9862,10352,11175,12129,13054,14128,15700,17285,19579,22489,26112,31156,37582,46866,60886,85861,132710,245847,699793,653317
model1.1,X,hilo,0.380000,0.400000,0.640000,30.000000,21.000000,10.000000,7.949353,993149,11.400000,85928,3.778105,85928,554268,352953,0,30901.525391,0,72786,215523,122033,79252,57348,43891,35697,29564,25306,22395,19537,17636,15940,14534,13482,12408,11560,11037,10444,9812,9339,9098,8663,8400,8227,7923,7481,7543,7230,7142,7129,6995,6780,6601,6746,6691,6528,6872,6505,6618,6634,6696,6751,6759,7029,7134,7063,7226,7546,7695,7547,8047,8325,8457,8995,9322,9537,10164,10671,11181,11900,12435,13909,14940,16114,17792,19834,22160,24951,28880,34038,40733,50244,64913,89265,134522,237211,589657,404474
model1.1,X,hilo,0.860000,0.610000,0.700000,14.000000,25.000000,21.000000,13.858981,995630,15.250000,83475,1.518317,332092,83475,580063,0,47221.941406,0,37187,136133,86201,57859,43197,34159,27725,23311,20158,17716,16165,14319,12966,11906,11080,10321,9490,9262,8538,8088,7857,7737,7234,7194,6828,6635,6564,6317,6251,6081,6079,5953,5866,5860,6029,5751,5745,5746,5597,5875,5774,5797,5908,5974,6011,6033,6293,6471,6537,6805,6942,6992,7517,7741,7995,8254,8636,9178,9629,10261,10804,11520,12587,13512,14823,16393,18066,20557,23341,27133,32166,38520,48252,63298,88618,136990,251209,693758,597615
model1.1,X,hilo,0.230000,0.250000,0.260000,27.000000,27.000000,12.000000,6.560480,777754,6.750000,713780,2.298007,27577,713780,36397,0,1388.437012,0,83160,243204,122047,73053,49634,35872,28037,22430,18445,15601,13313,11817,10275,9440,8319,7617,7056,6510,6087,5676,5439,5048,4716,4443,4448,4187,3932,3871,3699,3780,3539,3475,3513,3452,3337,3349,3254,3262,3330,3254,3264,3347,3374,3487,3520,3557,3594,3641,3726,3936,3935,4112,4349,4411,4754,5056,5216,5563,5955,6425,6828,7308,8038,8697,9772,11000,12400,14078,16560,19326,23235,29294,37103,49702,69445,107353,196963,484500,281517
model1.1,X,hilo,0.730000,0.890000,0.910000,10.000000,26.000000,23.000000,21.720226,997095,23.139999,370618,2.263391,2450,370618,624027,0,79567.882812,0,36033,119994,73974,49706,36812,29066,23434,20071,17245,15042,13414,12426,10987,9992,9586,8806,8514,7752,7430,7062,6778,6460,6335,6170,6109,5767,5669,5554,5391,5348,5222,5153,5084,5131,5050,5082,4948,5009,5097,4977,5038,5205,5193,5299,5228,5341,5545,5567,5801,5916,5996,6297,6396,6627,6903,7003,7550,7953,8304,8983,9434,10269,10996,11737,12922,14439,15948,17954,20445,23871,28680,34354,43669,57490,80265,125585,235756,707367,776279
model1.1,X,hilo,0.330000,0.630000,0.720000,12.000000,21.000000,13.000000,11.438462,968755,13.230000,530270,3.957837,7192,530270,431293,0,11137.925781,0,74663,215567,120571,77900,55510,42386,33819,27964,23835,20976,18219,16225,14708,13550,12289,11619,10561,10092,9641,8768,8677,8049,7932,7601,7275,7125,6880,6712,6519,6240,6199,6047,6128,6030,5935,6031,5885,5782,5824,5795,6041,5968,6140,6124,6186,6378,6397,6568,6770,6804,7150,7140,7477,7679,8171,8286,8663,9168,9794,10299,11006,11588,12582,13537,14933,16688,18159,20719,23465,27054,32074,38714,48297,62654,86466,131047,233555,588046,416949
model1.1,X,hilo,0.032000,0.610000,0.730000,28.000000,22.000000,13.000000,11.125372,993355,13.420000,564469,5.316389,69226,564469,359660,0,31471.160156,0,90026,237444,129268,82292,59620,45185,36756,29994,25565,22641,19835,17699,16148,14569,13483,12476,11741,10923,10207,9899,9297,8977,8568,8233,8051,7722,7578,7439,7262,7036,6990,6989,6784,6725,6593,6631,6534,6610,6585,6641,6647,6715,6621,6851,6873,6878,7041,7090,7266,7406,7807,7948,8073,8403,8718,9141,9599,9925,10559,11097,11616,12644,13608,14422,15911,17252,19425,21635,24369,28237,32920,39746,49304,63073,85987,129823,229226,567379,399814
model1.1,X,hilo,0.710000,0.800000,0.053000,27.000000,18.000000,12.000000,16.113876,994805,19.170000,363982,4.822341,363982,628514,2309,0,56274.425781,0,75000,195487,107093,69740,49932,38632,31315,25855,22308,19395,16910,15321,14084,12809,11641,10853,10438,9780,9013,8703,8314,8225,7597,7514,7078,6847,6913,6691,6465,6318,6187,6138,6120,6020,5969,5921,5973,5846,5787,6117,6017,5906,6154,6236,6210,6276,6405,6457,6797,6789,6958,7182,7450,7527,7772,8257,8609,9117,9636,10103,10960,11475,12481,13411,14421,16185,18071,19991,22591,26263,30817,37240,46463,59982,83255,127262,230530,622204,548606
model1.1,X,hilo,0.490000,0.520000,0.053000,27.000000,21.000000,15.000000,11.639052,992472,13.230000,321296,2.352530,321296,668373,2803,0,41455.027344,0,87677,231463,126094,81384,57992,44410,36280,29699,25327,22059,19509,17252,15574,14220,13331,12359,11423,10783,10125,9667,9258,8915,8473,8248,7883,7762,7568,7389,7051,7035,6829,6678,6801,6651,6661,6429,6594,6482,6370,6471,6623,6462,6605,6655,6609,6874,6991,7225,7252,7376,7525,7787,8058,8225,8676,9011,9469,9745,10305,10787,11829,12383,13522,14404,15707,17012,19148,21454,24280,27798,33009,39648,48700,63472,86563,129832,229659,575504,413056
model1.1,X,hilo,0.340000,0.430000,0.550000,13.000000,27.000000,15.000000,9.328374,991886,11.610001,322286,3.380004,3379,322286,666221,0,36158.996094,0,80165,227374,127201,81959,59037,45235,36241,30169,25788,22512,19764,17727,16378,14793,13646,12458,11899,11173,10586,9864,9513,8986,8716,8390,8069,7819,7780,7606,7339,7221,7124,6959,6855,6882,6690,6693,6642,6823,6669,6734,6772,6731,6736,6943,6897,6980,7051,7337,7388,7639,7873,7885,8189,8418,8915,9296,9847,10239,10603,11360,11939,12810,13598,14840,16145,17783,19320,22147,25047,28653,33852,40470,50127,64442,89011,133002,234234,574039,387621
model1.1,X,hilo,0.940000,0.980000,0.870000,20.000000,19.000000,25.000000,18.863302,989151,21.750000,69987,3.116436,75154,844010,69987,0,21002.580078,0,17057,77268,54350,38353,29297,22717,19223,16256,14202,12388,11346,9901,9211,8620,7975,7449,7053,6642,6290,6134,5751,5515,5437,5237,4916,4874,4800,4733,4575,4659,4606,4489,4455,4291,4306,4380,4369,4275,4191,4350,4416,4459,4543,4620,4630,4734,4836,5035,5093,5146,5364,5440,5612,5932,6202,6600,6775,7077,7628,8141,8728,9207,10196,10868,12003,13215,14951,16762,19366,22869,27267,33128,42407,55721,79499,127153,245621,766201,864067
model1.1,X,hilo,0.540000,0.570000,0.600000,29.000000,25.000000,11.000000,12.150623,995039,15.660001,87715,3.847779,87715,618221,289103,0,40386.902344,0,52346,166566,98979,65930,48705,37488,30350,25426,21856,19312,16991,15630,14020,12774,11910,11208,10347,9707,9381,8761,8360,8019,7827,7490,7245,7114,6830,6821,6683,6516,6255,6211,6294,6024,6239,6014,6141,6063,5881,6215,6136,6083,6400,6262,6454,6608,6487,6636,6798,6871,7206,7399,7720,8033,8306,8405,9010,9471,9931,10542,11383,11881,13046,14090,15270,16759,18537,20864,23937,27249,32381,39294,48542,63217,88058,134471,243536,653851,536064
model1.1,X,hilo,0.490000,0.740000,0.890000,29.000000,15.000000,11.000000,10.906376,994553,14.210000,85951,3.614757,85951,558553,350049,0,39330.597656,0,51026,168093,101293,67544,49476,38395,30833,26103,22354,19924,17431,15652,14261,13316,12232,11297,10407,10017,9521,8980,8706,8231,7927,7620,7476,7214,7121,6880,6741,6562,6431,6481,6333,6245,6186,6080,6131,6209,6185,6302,6192,6327,6388,6455,6427,6552,6691,6789,6968,7268,7403,7538,7917,8132,8379,8734,9168,9755,10025,10713,11378,12193,13212,14159,15702,17080,18901,21059,24432,28134,33102,39867,49674,64737,89298,136236,246966,650516,507976
model1.1,X,hilo,0.940000,0.800000,0.890000,18.000000,29.000000,22.000000,19.079538,997964,23.200001,86291,4.512313,305707,86291,605966,0,70242.039062,0,17588,77779,54322,38583,29085,23305,19453,16451,14310,12619,11500,10517,9474,8814,8066,7839,7283,6899,6448,6180,5952,5768,5554,5382,5257,5200,4958,4893,4917,4831,4730,4723,4503,4516,4705,4564,4564,4574,4680,4558,4545,4637,4855,4742,4830,4853,5050,5085,5144,5519,5635,5701,5987,6188,6434,6675,7085,7452,7897,8194,8990,9442,10302,11143,12355,13782,15228,17051,19629,22857,27414,33666,42142,56150,79380,126434,243763,764695,877617
model1.1,X,hilo,0.580000,0.720000,0.560000,10.000000,17.000000,29.000000,12.194338,994422,16.240000,55626,4.282800,41241,897555,55626,0,41308.000000,0,57485,178411,104426,69140,50331,38851,31651,26966,22900,19905,17758,15905,14261,13186,12059,11309,10668,9829,9427,8860,8541,8270,7967,7475,7295,7159,7073,6793,6781,6544,6372,6435,6331,6182,6168,6252,6045,5981,6176,6122,6205,6295,6214,6456,6441,6580,6682,6784,6822,7107,7380,7497,7710,7946,8347,8649,9218,9471,9984,10661,11060,12027,12817,14055,15447,17029,18684,21080,23858,27594,32109,39304,48781,63564,87946,133418,242429,638863,511462
model1.1,X,hilo,0.620000,0.890000,0.920000,29.000000,17.000000,15.000000,14.926822,996324,17.980000,85807,3.339389,85807,575489,335028,0,53020.621094,0,30420,117874,76501,52217,39251,30869,25123,21330,18323,16381,14595,13167,12124,11032,10274,9633,8870,8408,8219,7813,7337,7026,6736,6576,6390,6293,6147,5975,5801,5719,5686,5712,5598,5495,5413,5381,5339,5424,5353,5552,5398,5537,5552,5718,5774,5819,5872,5962,6252,6301,6634,6945,7020,7350,7706,7813,8320,8808,9125,9657,10209,10972,11814,13043,14215,15608,17618,19636,22248,26179,31008,37438,46636,62137,86571,133845,251395,718863,670597
model1.1,X,hilo,0.620000,0.640000,0.870000,13.000000,30.000000,19.000000,17.462761,995626,19.199999,356388,2.707357,2864,356388,636374,0,63807.851562,0,40438,137570,84960,56882,42002,32956,27154,22805,19672,17080,15368,13917,12523,11714,10501,9903,9352,8968,8580,7891,7493,7387,7121,6757,6746,6440,6356,6149,5932,5934,5716,5662,5603,5567,5746,5715,5505,5471,5501,5551,5526,5638,5860,5807,5905,5953,6102,6196,6369,6454,6711,6900,7026,7296,7650,8053,8382,8695,9102,9987,10392,11221,12230,13069,14146,15755,17604,19728,22530,25926,30822,37360,46940,60854,86120,131990,244636,691725,641630
model1.1,X,hilo,0.350000,0.450000,0.550000,24.000000,12.000000,10.000000,5.695270,991875,8.400000,84914,2.957758,84914,525770,381191,0,25548.560547,0,93371,255097,138894,88653,63272,48768,39213,32288,27440,23815,21053,18638,16920,15740,14402,13411,12431,11892,11000,10362,10154,9547,9092,8754,8697,8409,8013,7749,7624,7501,7263,7157,7363,7145,7225,6863,6977,6968,6950,6934,6999,6955,7045,7028,7189,7304,7415,7657,7803,7705,8014,8341,8436,8712,9105,9457,10210,10482,10755,11659,12235,12894,13916,15161,16575,18004,19627,22580,25398,29244,34303,40879,50342,64659,88362,130735,228206,537585,333604
model1.1,X,hilo,0.520000,0.560000,0.570000,29.000000,12.000000,18.000000,10.344167,932330,15.080000,66833,5.104453,66833,69436,796061,0,6069.825195,0,57070,181395,104586,67354,48293,36437,29676,24534,20278,18101,15680,13847,12608,11535,10601,9718,9085,8392,7947,7572,7093,6812,6568,6402,6223,5825,5593,5410,5454,5266,5176,5178,5123,4959,4841,4836,4786,4800,4884,4837,4872,5071,4972,5010,5232,5262,5394,5483,5580,5811,5874,6243,6373,6476,6770,7231,7594,7941,8450,8761,9391,10308,11357,12105,13300,14863,16519,18594,21445,25066,29519,36332,45601,60242,83900,129358,235984,621181,472750
model1.1,X,hilo,0.780000,0.820000,0.990000,28.000000,24.000000,14.000000,18.213409,997491,21.840000,86510,3.970485,86510,627566,283415,0,63652.976562,0,22288,91736,61945,43473,32840,26036,21473,18243,15868,14140,12471,11493,10367,9504,8925,8265,7970,7378,7116,6630,6371,6156,6089,5828,5659,5518,5374,5237,5123,5113,4972,5068,5091,4928,4941,4866,5020,4852,4897,4800,4772,4934,5082,5114,5192,5194,5303,5618,5573,5854,5943,6140,6376,6589,6780,7133,7555,7909,8363,8856,9402,10007,10975,11850,12741,14286,16050,18128,20702,23983,28523,34683,43745,57707,81999,128970,245872,746953,807553
model1.1,X,hilo,0.350000,0.360000,0.420000,10.000000,27.000000,17.000000,7.379353,914352,9.720000,90847,2.600359,4443,90847,819062,0,4790.190918,0,86162,243090,130338,81762,56876,43164,34148,27841,23584,19946,17638,15232,14009,12637,11563,10777,9698,9141,8674,8048,7696,7265,6831,6656,6432,6369,6114,5909,5650,5477,5481,5289,5317,5291,5238,5138,5160,5117,5020,5169,5108,5049,5133,5194,5234,5362,5505,5653,5766,5914,6047,6180,6333,6577,6897,7180,7488,8129,8446,9177,9576,10521,11245,12467,13402,14947,16690,18741,21648,25363,29701,36410,45339,59345,81745,124815,221671,540281,341830
model1.1,X,hilo,0.500000,0.790000,0.910000,28.000000,12.000000,12.000000,11.017778,974104,14.000000,63410,3.194637,63410,72373,838321,0,11660.039062,0,51535,170709,102052,67581,48845,37822,30714,25398,21554,19014,16712,15014,13669,12531,11535,10517,10231,9212,8796,8507,7839,7800,7369,7104,6874,6704,6562,6346,6227,6016,6088,5814,5735,5737,5808,5758,5706,5713,5624,5580,5723,5620,5747,5865,6030,6060,6093,6303,6483,6598,6759,7021,7290,7561,7796,8207,8444,9063,9599,10040,10699,11567,12417,13302,14806,16274,18208,20336,23349,26984,32159,38996,48427,63337,88205,135397,244780,643947,498468
model1.1,X,hilo,0.130000,0.270000,0.680000,18.000000,20.000000,10.000000,5.486938,990881,6.800000,137455,1.525621,35028,818398,137455,0,24520.791016,0,112194,286471,150892,95215,67300,51491,40952,33950,28754,24891,21995,19825,17770,16106,14798,13933,12991,12128,11482,10708,10276,9950,9387,9031,8784,8561,8221,7961,7715,7719,7556,7490,7285,7278,7130,7194,7159,7105,7100,6952,7019,7181,7118,7225,7385,7379,7490,7522,7757,7834,8203,8272,8619,8838,9175,9807,9987,10590,10961,11525,12257,13090,13908,15007,16678,18139,19991,22418,25307,28814,33629,40654,49331,63530,86850,128343,217915,501872,291323
model1.1,X,hilo,0.650000,0.670000,0.710000,23.000000,20.000000,18.000000,13.307741,995420,14.950000,83330,1.789571,83330,559672,352418,0,46249.117188,0,38569,139028,87837,59625,44163,34655,28257,23790,20523,18075,16052,14592,13123,12077,11285,10288,9697,9362,8810,8364,7961,7666,7384,7234,6955,6734,6500,6485,6214,6343,6114,6061,5979,5954,5923,5773,5899,5903,5912,5961,5798,6080,5993,5933,6080,6274,6275,6496,6510,6745,6961,7199,7570,7650,8066,8291,8631,9080,9577,10248,11045,11885,12652,13699,14848,16503,18352,20463,23597,27197,32380,38996,48594,63964,88694,135664,250979,690190,583974
