"","attributeA_option1","attributeA_option2","attributeB_option1","attributeB_option2","trialid","ppntid","calcsd","Bweight","toleranceA","toleranceB","orderr","value1","value2","oraclechoice","rowname"
"1",5,5,0,5,1,"0",0.5,0,1,1,0.1,5,5,2,1
"2",5,5,1.11111111111111,5,2,"0",0.5,0,1,1,0.1,5,5,1,2
"3",5,5,2.22222222222222,5,3,"0",0.5,0,1,1,0.1,5,5,1,3
"4",5,5,3.33333333333333,5,4,"0",0.5,0,1,1,0.1,5,5,2,4
"5",5,5,4.44444444444444,5,5,"0",0.5,0,1,1,0.1,5,5,2,5
"6",5,5,5.55555555555556,5,6,"0",0.5,0,1,1,0.1,5,5,1,6
"7",5,5,6.66666666666667,5,7,"0",0.5,0,1,1,0.1,5,5,1,7
"8",5,5,7.77777777777778,5,8,"0",0.5,0,1,1,0.1,5,5,1,8
"9",5,5,8.88888888888889,5,9,"0",0.5,0,1,1,0.1,5,5,2,9
"10",5,5,10,5,10,"0",0.5,0,1,1,0.1,5,5,1,10
"1.1",5,5,0,5,1,"0",0.5,0,1,1,0.1,5,5,1,11
"2.1",5,5,1.11111111111111,5,2,"0",0.5,0,1,1,0.1,5,5,2,12
"3.1",5,5,2.22222222222222,5,3,"0",0.5,0,1,1,0.1,5,5,1,13
"4.1",5,5,3.33333333333333,5,4,"0",0.5,0,1,1,0.1,5,5,2,14
"5.1",5,5,4.44444444444444,5,5,"0",0.5,0,1,1,0.1,5,5,1,15
"6.1",5,5,5.55555555555556,5,6,"0",0.5,0,1,1,0.1,5,5,2,16
"7.1",5,5,6.66666666666667,5,7,"0",0.5,0,1,1,0.1,5,5,2,17
"8.1",5,5,7.77777777777778,5,8,"0",0.5,0,1,1,0.1,5,5,1,18
"9.1",5,5,8.88888888888889,5,9,"0",0.5,0,1,1,0.1,5,5,2,19
"10.1",5,5,10,5,10,"0",0.5,0,1,1,0.1,5,5,1,20
"1.2",5,5,0,5,1,"0",0.5,0,1,1,0.1,5,5,1,21
"2.2",5,5,1.11111111111111,5,2,"0",0.5,0,1,1,0.1,5,5,1,22
"3.2",5,5,2.22222222222222,5,3,"0",0.5,0,1,1,0.1,5,5,1,23
"4.2",5,5,3.33333333333333,5,4,"0",0.5,0,1,1,0.1,5,5,1,24
"5.2",5,5,4.44444444444444,5,5,"0",0.5,0,1,1,0.1,5,5,1,25
"6.2",5,5,5.55555555555556,5,6,"0",0.5,0,1,1,0.1,5,5,2,26
"7.2",5,5,6.66666666666667,5,7,"0",0.5,0,1,1,0.1,5,5,2,27
"8.2",5,5,7.77777777777778,5,8,"0",0.5,0,1,1,0.1,5,5,1,28
"9.2",5,5,8.88888888888889,5,9,"0",0.5,0,1,1,0.1,5,5,2,29
"10.2",5,5,10,5,10,"0",0.5,0,1,1,0.1,5,5,2,30
"1.3",5,5,0,5,1,"0",0.5,0,1,1,0.1,5,5,2,31
"2.3",5,5,1.11111111111111,5,2,"0",0.5,0,1,1,0.1,5,5,2,32
"3.3",5,5,2.22222222222222,5,3,"0",0.5,0,1,1,0.1,5,5,2,33
"4.3",5,5,3.33333333333333,5,4,"0",0.5,0,1,1,0.1,5,5,1,34
"5.3",5,5,4.44444444444444,5,5,"0",0.5,0,1,1,0.1,5,5,2,35
"6.3",5,5,5.55555555555556,5,6,"0",0.5,0,1,1,0.1,5,5,2,36
"7.3",5,5,6.66666666666667,5,7,"0",0.5,0,1,1,0.1,5,5,1,37
"8.3",5,5,7.77777777777778,5,8,"0",0.5,0,1,1,0.1,5,5,2,38
"9.3",5,5,8.88888888888889,5,9,"0",0.5,0,1,1,0.1,5,5,2,39
"10.3",5,5,10,5,10,"0",0.5,0,1,1,0.1,5,5,1,40
"1.4",5,5,0,5,1,"0",0.5,0,1,1,0.1,5,5,2,41
"2.4",5,5,1.11111111111111,5,2,"0",0.5,0,1,1,0.1,5,5,2,42
"3.4",5,5,2.22222222222222,5,3,"0",0.5,0,1,1,0.1,5,5,2,43
"4.4",5,5,3.33333333333333,5,4,"0",0.5,0,1,1,0.1,5,5,1,44
"5.4",5,5,4.44444444444444,5,5,"0",0.5,0,1,1,0.1,5,5,2,45
"6.4",5,5,5.55555555555556,5,6,"0",0.5,0,1,1,0.1,5,5,2,46
"7.4",5,5,6.66666666666667,5,7,"0",0.5,0,1,1,0.1,5,5,2,47
"8.4",5,5,7.77777777777778,5,8,"0",0.5,0,1,1,0.1,5,5,2,48
"9.4",5,5,8.88888888888889,5,9,"0",0.5,0,1,1,0.1,5,5,2,49
"10.4",5,5,10,5,10,"0",0.5,0,1,1,0.1,5,5,1,50
"1.5",5,5,0,5,1,"0",0.5,0,1,1,0.1,5,5,1,51
"2.5",5,5,1.11111111111111,5,2,"0",0.5,0,1,1,0.1,5,5,2,52
"3.5",5,5,2.22222222222222,5,3,"0",0.5,0,1,1,0.1,5,5,2,53
"4.5",5,5,3.33333333333333,5,4,"0",0.5,0,1,1,0.1,5,5,1,54
"5.5",5,5,4.44444444444444,5,5,"0",0.5,0,1,1,0.1,5,5,2,55
"6.5",5,5,5.55555555555556,5,6,"0",0.5,0,1,1,0.1,5,5,2,56
"7.5",5,5,6.66666666666667,5,7,"0",0.5,0,1,1,0.1,5,5,2,57
"8.5",5,5,7.77777777777778,5,8,"0",0.5,0,1,1,0.1,5,5,1,58
"9.5",5,5,8.88888888888889,5,9,"0",0.5,0,1,1,0.1,5,5,1,59
"10.5",5,5,10,5,10,"0",0.5,0,1,1,0.1,5,5,1,60
"1.6",5,5,0,5,1,"0",0.5,0,1,1,0.1,5,5,1,61
"2.6",5,5,1.11111111111111,5,2,"0",0.5,0,1,1,0.1,5,5,2,62
"3.6",5,5,2.22222222222222,5,3,"0",0.5,0,1,1,0.1,5,5,2,63
"4.6",5,5,3.33333333333333,5,4,"0",0.5,0,1,1,0.1,5,5,2,64
"5.6",5,5,4.44444444444444,5,5,"0",0.5,0,1,1,0.1,5,5,1,65
"6.6",5,5,5.55555555555556,5,6,"0",0.5,0,1,1,0.1,5,5,2,66
"7.6",5,5,6.66666666666667,5,7,"0",0.5,0,1,1,0.1,5,5,1,67
"8.6",5,5,7.77777777777778,5,8,"0",0.5,0,1,1,0.1,5,5,2,68
"9.6",5,5,8.88888888888889,5,9,"0",0.5,0,1,1,0.1,5,5,1,69
"10.6",5,5,10,5,10,"0",0.5,0,1,1,0.1,5,5,2,70
"1.7",5,5,0,5,1,"0",0.5,0,1,1,0.1,5,5,2,71
"2.7",5,5,1.11111111111111,5,2,"0",0.5,0,1,1,0.1,5,5,2,72
"3.7",5,5,2.22222222222222,5,3,"0",0.5,0,1,1,0.1,5,5,1,73
"4.7",5,5,3.33333333333333,5,4,"0",0.5,0,1,1,0.1,5,5,2,74
"5.7",5,5,4.44444444444444,5,5,"0",0.5,0,1,1,0.1,5,5,1,75
"6.7",5,5,5.55555555555556,5,6,"0",0.5,0,1,1,0.1,5,5,2,76
"7.7",5,5,6.66666666666667,5,7,"0",0.5,0,1,1,0.1,5,5,1,77
"8.7",5,5,7.77777777777778,5,8,"0",0.5,0,1,1,0.1,5,5,2,78
"9.7",5,5,8.88888888888889,5,9,"0",0.5,0,1,1,0.1,5,5,1,79
"10.7",5,5,10,5,10,"0",0.5,0,1,1,0.1,5,5,2,80
"1.8",5,5,0,5,1,"0",0.5,0,1,1,0.1,5,5,1,81
"2.8",5,5,1.11111111111111,5,2,"0",0.5,0,1,1,0.1,5,5,2,82
"3.8",5,5,2.22222222222222,5,3,"0",0.5,0,1,1,0.1,5,5,2,83
"4.8",5,5,3.33333333333333,5,4,"0",0.5,0,1,1,0.1,5,5,1,84
"5.8",5,5,4.44444444444444,5,5,"0",0.5,0,1,1,0.1,5,5,1,85
"6.8",5,5,5.55555555555556,5,6,"0",0.5,0,1,1,0.1,5,5,2,86
"7.8",5,5,6.66666666666667,5,7,"0",0.5,0,1,1,0.1,5,5,2,87
"8.8",5,5,7.77777777777778,5,8,"0",0.5,0,1,1,0.1,5,5,1,88
"9.8",5,5,8.88888888888889,5,9,"0",0.5,0,1,1,0.1,5,5,1,89
"10.8",5,5,10,5,10,"0",0.5,0,1,1,0.1,5,5,2,90
"1.9",5,5,0,5,1,"0",0.5,0,1,1,0.1,5,5,2,91
"2.9",5,5,1.11111111111111,5,2,"0",0.5,0,1,1,0.1,5,5,2,92
"3.9",5,5,2.22222222222222,5,3,"0",0.5,0,1,1,0.1,5,5,2,93
"4.9",5,5,3.33333333333333,5,4,"0",0.5,0,1,1,0.1,5,5,2,94
"5.9",5,5,4.44444444444444,5,5,"0",0.5,0,1,1,0.1,5,5,2,95
"6.9",5,5,5.55555555555556,5,6,"0",0.5,0,1,1,0.1,5,5,1,96
"7.9",5,5,6.66666666666667,5,7,"0",0.5,0,1,1,0.1,5,5,1,97
"8.9",5,5,7.77777777777778,5,8,"0",0.5,0,1,1,0.1,5,5,2,98
"9.9",5,5,8.88888888888889,5,9,"0",0.5,0,1,1,0.1,5,5,2,99
"10.9",5,5,10,5,10,"0",0.5,0,1,1,0.1,5,5,2,100
"11",5,5,0,5,1,"1",0.5,0.111111111111111,1,1,0.1,4.44444444444444,5,2,101
"21",5,5,1.11111111111111,5,2,"1",0.5,0.111111111111111,1,1,0.1,4.5679012345679,5,2,102
"31",5,5,2.22222222222222,5,3,"1",0.5,0.111111111111111,1,1,0.1,4.69135802469136,5,2,103
"41",5,5,3.33333333333333,5,4,"1",0.5,0.111111111111111,1,1,0.1,4.81481481481481,5,2,104
"51",5,5,4.44444444444444,5,5,"1",0.5,0.111111111111111,1,1,0.1,4.93827160493827,5,2,105
"61",5,5,5.55555555555556,5,6,"1",0.5,0.111111111111111,1,1,0.1,5.06172839506173,5,1,106
"71",5,5,6.66666666666667,5,7,"1",0.5,0.111111111111111,1,1,0.1,5.18518518518519,5,1,107
"81",5,5,7.77777777777778,5,8,"1",0.5,0.111111111111111,1,1,0.1,5.30864197530864,5,1,108
"91",5,5,8.88888888888889,5,9,"1",0.5,0.111111111111111,1,1,0.1,5.4320987654321,5,1,109
"101",5,5,10,5,10,"1",0.5,0.111111111111111,1,1,0.1,5.55555555555556,5,1,110
"1.11",5,5,0,5,1,"1",0.5,0.111111111111111,1,1,0.1,4.44444444444444,5,2,111
"2.11",5,5,1.11111111111111,5,2,"1",0.5,0.111111111111111,1,1,0.1,4.5679012345679,5,2,112
"3.11",5,5,2.22222222222222,5,3,"1",0.5,0.111111111111111,1,1,0.1,4.69135802469136,5,2,113
"4.11",5,5,3.33333333333333,5,4,"1",0.5,0.111111111111111,1,1,0.1,4.81481481481481,5,2,114
"5.11",5,5,4.44444444444444,5,5,"1",0.5,0.111111111111111,1,1,0.1,4.93827160493827,5,2,115
"6.11",5,5,5.55555555555556,5,6,"1",0.5,0.111111111111111,1,1,0.1,5.06172839506173,5,1,116
"7.11",5,5,6.66666666666667,5,7,"1",0.5,0.111111111111111,1,1,0.1,5.18518518518519,5,1,117
"8.11",5,5,7.77777777777778,5,8,"1",0.5,0.111111111111111,1,1,0.1,5.30864197530864,5,1,118
"9.11",5,5,8.88888888888889,5,9,"1",0.5,0.111111111111111,1,1,0.1,5.4320987654321,5,1,119
"10.11",5,5,10,5,10,"1",0.5,0.111111111111111,1,1,0.1,5.55555555555556,5,1,120
"1.21",5,5,0,5,1,"1",0.5,0.111111111111111,1,1,0.1,4.44444444444444,5,2,121
"2.21",5,5,1.11111111111111,5,2,"1",0.5,0.111111111111111,1,1,0.1,4.5679012345679,5,2,122
"3.21",5,5,2.22222222222222,5,3,"1",0.5,0.111111111111111,1,1,0.1,4.69135802469136,5,2,123
"4.21",5,5,3.33333333333333,5,4,"1",0.5,0.111111111111111,1,1,0.1,4.81481481481481,5,2,124
"5.21",5,5,4.44444444444444,5,5,"1",0.5,0.111111111111111,1,1,0.1,4.93827160493827,5,2,125
"6.21",5,5,5.55555555555556,5,6,"1",0.5,0.111111111111111,1,1,0.1,5.06172839506173,5,1,126
"7.21",5,5,6.66666666666667,5,7,"1",0.5,0.111111111111111,1,1,0.1,5.18518518518519,5,1,127
"8.21",5,5,7.77777777777778,5,8,"1",0.5,0.111111111111111,1,1,0.1,5.30864197530864,5,1,128
"9.21",5,5,8.88888888888889,5,9,"1",0.5,0.111111111111111,1,1,0.1,5.4320987654321,5,1,129
"10.21",5,5,10,5,10,"1",0.5,0.111111111111111,1,1,0.1,5.55555555555556,5,1,130
"1.31",5,5,0,5,1,"1",0.5,0.111111111111111,1,1,0.1,4.44444444444444,5,2,131
"2.31",5,5,1.11111111111111,5,2,"1",0.5,0.111111111111111,1,1,0.1,4.5679012345679,5,2,132
"3.31",5,5,2.22222222222222,5,3,"1",0.5,0.111111111111111,1,1,0.1,4.69135802469136,5,2,133
"4.31",5,5,3.33333333333333,5,4,"1",0.5,0.111111111111111,1,1,0.1,4.81481481481481,5,2,134
"5.31",5,5,4.44444444444444,5,5,"1",0.5,0.111111111111111,1,1,0.1,4.93827160493827,5,2,135
"6.31",5,5,5.55555555555556,5,6,"1",0.5,0.111111111111111,1,1,0.1,5.06172839506173,5,1,136
"7.31",5,5,6.66666666666667,5,7,"1",0.5,0.111111111111111,1,1,0.1,5.18518518518519,5,1,137
"8.31",5,5,7.77777777777778,5,8,"1",0.5,0.111111111111111,1,1,0.1,5.30864197530864,5,1,138
"9.31",5,5,8.88888888888889,5,9,"1",0.5,0.111111111111111,1,1,0.1,5.4320987654321,5,1,139
"10.31",5,5,10,5,10,"1",0.5,0.111111111111111,1,1,0.1,5.55555555555556,5,1,140
"1.41",5,5,0,5,1,"1",0.5,0.111111111111111,1,1,0.1,4.44444444444444,5,2,141
"2.41",5,5,1.11111111111111,5,2,"1",0.5,0.111111111111111,1,1,0.1,4.5679012345679,5,2,142
"3.41",5,5,2.22222222222222,5,3,"1",0.5,0.111111111111111,1,1,0.1,4.69135802469136,5,2,143
"4.41",5,5,3.33333333333333,5,4,"1",0.5,0.111111111111111,1,1,0.1,4.81481481481481,5,2,144
"5.41",5,5,4.44444444444444,5,5,"1",0.5,0.111111111111111,1,1,0.1,4.93827160493827,5,2,145
"6.41",5,5,5.55555555555556,5,6,"1",0.5,0.111111111111111,1,1,0.1,5.06172839506173,5,1,146
"7.41",5,5,6.66666666666667,5,7,"1",0.5,0.111111111111111,1,1,0.1,5.18518518518519,5,1,147
"8.41",5,5,7.77777777777778,5,8,"1",0.5,0.111111111111111,1,1,0.1,5.30864197530864,5,1,148
"9.41",5,5,8.88888888888889,5,9,"1",0.5,0.111111111111111,1,1,0.1,5.4320987654321,5,1,149
"10.41",5,5,10,5,10,"1",0.5,0.111111111111111,1,1,0.1,5.55555555555556,5,1,150
"1.51",5,5,0,5,1,"1",0.5,0.111111111111111,1,1,0.1,4.44444444444444,5,2,151
"2.51",5,5,1.11111111111111,5,2,"1",0.5,0.111111111111111,1,1,0.1,4.5679012345679,5,2,152
"3.51",5,5,2.22222222222222,5,3,"1",0.5,0.111111111111111,1,1,0.1,4.69135802469136,5,2,153
"4.51",5,5,3.33333333333333,5,4,"1",0.5,0.111111111111111,1,1,0.1,4.81481481481481,5,2,154
"5.51",5,5,4.44444444444444,5,5,"1",0.5,0.111111111111111,1,1,0.1,4.93827160493827,5,2,155
"6.51",5,5,5.55555555555556,5,6,"1",0.5,0.111111111111111,1,1,0.1,5.06172839506173,5,1,156
"7.51",5,5,6.66666666666667,5,7,"1",0.5,0.111111111111111,1,1,0.1,5.18518518518519,5,1,157
"8.51",5,5,7.77777777777778,5,8,"1",0.5,0.111111111111111,1,1,0.1,5.30864197530864,5,1,158
"9.51",5,5,8.88888888888889,5,9,"1",0.5,0.111111111111111,1,1,0.1,5.4320987654321,5,1,159
"10.51",5,5,10,5,10,"1",0.5,0.111111111111111,1,1,0.1,5.55555555555556,5,1,160
"1.61",5,5,0,5,1,"1",0.5,0.111111111111111,1,1,0.1,4.44444444444444,5,2,161
"2.61",5,5,1.11111111111111,5,2,"1",0.5,0.111111111111111,1,1,0.1,4.5679012345679,5,2,162
"3.61",5,5,2.22222222222222,5,3,"1",0.5,0.111111111111111,1,1,0.1,4.69135802469136,5,2,163
"4.61",5,5,3.33333333333333,5,4,"1",0.5,0.111111111111111,1,1,0.1,4.81481481481481,5,2,164
"5.61",5,5,4.44444444444444,5,5,"1",0.5,0.111111111111111,1,1,0.1,4.93827160493827,5,2,165
"6.61",5,5,5.55555555555556,5,6,"1",0.5,0.111111111111111,1,1,0.1,5.06172839506173,5,1,166
"7.61",5,5,6.66666666666667,5,7,"1",0.5,0.111111111111111,1,1,0.1,5.18518518518519,5,1,167
"8.61",5,5,7.77777777777778,5,8,"1",0.5,0.111111111111111,1,1,0.1,5.30864197530864,5,1,168
"9.61",5,5,8.88888888888889,5,9,"1",0.5,0.111111111111111,1,1,0.1,5.4320987654321,5,1,169
"10.61",5,5,10,5,10,"1",0.5,0.111111111111111,1,1,0.1,5.55555555555556,5,1,170
"1.71",5,5,0,5,1,"1",0.5,0.111111111111111,1,1,0.1,4.44444444444444,5,2,171
"2.71",5,5,1.11111111111111,5,2,"1",0.5,0.111111111111111,1,1,0.1,4.5679012345679,5,2,172
"3.71",5,5,2.22222222222222,5,3,"1",0.5,0.111111111111111,1,1,0.1,4.69135802469136,5,2,173
"4.71",5,5,3.33333333333333,5,4,"1",0.5,0.111111111111111,1,1,0.1,4.81481481481481,5,2,174
"5.71",5,5,4.44444444444444,5,5,"1",0.5,0.111111111111111,1,1,0.1,4.93827160493827,5,2,175
"6.71",5,5,5.55555555555556,5,6,"1",0.5,0.111111111111111,1,1,0.1,5.06172839506173,5,1,176
"7.71",5,5,6.66666666666667,5,7,"1",0.5,0.111111111111111,1,1,0.1,5.18518518518519,5,1,177
"8.71",5,5,7.77777777777778,5,8,"1",0.5,0.111111111111111,1,1,0.1,5.30864197530864,5,1,178
"9.71",5,5,8.88888888888889,5,9,"1",0.5,0.111111111111111,1,1,0.1,5.4320987654321,5,1,179
"10.71",5,5,10,5,10,"1",0.5,0.111111111111111,1,1,0.1,5.55555555555556,5,1,180
"1.81",5,5,0,5,1,"1",0.5,0.111111111111111,1,1,0.1,4.44444444444444,5,2,181
"2.81",5,5,1.11111111111111,5,2,"1",0.5,0.111111111111111,1,1,0.1,4.5679012345679,5,2,182
"3.81",5,5,2.22222222222222,5,3,"1",0.5,0.111111111111111,1,1,0.1,4.69135802469136,5,2,183
"4.81",5,5,3.33333333333333,5,4,"1",0.5,0.111111111111111,1,1,0.1,4.81481481481481,5,2,184
"5.81",5,5,4.44444444444444,5,5,"1",0.5,0.111111111111111,1,1,0.1,4.93827160493827,5,2,185
"6.81",5,5,5.55555555555556,5,6,"1",0.5,0.111111111111111,1,1,0.1,5.06172839506173,5,1,186
"7.81",5,5,6.66666666666667,5,7,"1",0.5,0.111111111111111,1,1,0.1,5.18518518518519,5,1,187
"8.81",5,5,7.77777777777778,5,8,"1",0.5,0.111111111111111,1,1,0.1,5.30864197530864,5,1,188
"9.81",5,5,8.88888888888889,5,9,"1",0.5,0.111111111111111,1,1,0.1,5.4320987654321,5,1,189
"10.81",5,5,10,5,10,"1",0.5,0.111111111111111,1,1,0.1,5.55555555555556,5,1,190
"1.91",5,5,0,5,1,"1",0.5,0.111111111111111,1,1,0.1,4.44444444444444,5,2,191
"2.91",5,5,1.11111111111111,5,2,"1",0.5,0.111111111111111,1,1,0.1,4.5679012345679,5,2,192
"3.91",5,5,2.22222222222222,5,3,"1",0.5,0.111111111111111,1,1,0.1,4.69135802469136,5,2,193
"4.91",5,5,3.33333333333333,5,4,"1",0.5,0.111111111111111,1,1,0.1,4.81481481481481,5,2,194
"5.91",5,5,4.44444444444444,5,5,"1",0.5,0.111111111111111,1,1,0.1,4.93827160493827,5,2,195
"6.91",5,5,5.55555555555556,5,6,"1",0.5,0.111111111111111,1,1,0.1,5.06172839506173,5,1,196
"7.91",5,5,6.66666666666667,5,7,"1",0.5,0.111111111111111,1,1,0.1,5.18518518518519,5,1,197
"8.91",5,5,7.77777777777778,5,8,"1",0.5,0.111111111111111,1,1,0.1,5.30864197530864,5,1,198
"9.91",5,5,8.88888888888889,5,9,"1",0.5,0.111111111111111,1,1,0.1,5.4320987654321,5,1,199
"10.91",5,5,10,5,10,"1",0.5,0.111111111111111,1,1,0.1,5.55555555555556,5,1,200
"12",5,5,0,5,1,"2",0.5,0.222222222222222,1,1,0.1,3.88888888888889,5,2,201
"22",5,5,1.11111111111111,5,2,"2",0.5,0.222222222222222,1,1,0.1,4.1358024691358,5,2,202
"32",5,5,2.22222222222222,5,3,"2",0.5,0.222222222222222,1,1,0.1,4.38271604938272,5,2,203
"42",5,5,3.33333333333333,5,4,"2",0.5,0.222222222222222,1,1,0.1,4.62962962962963,5,2,204
"52",5,5,4.44444444444444,5,5,"2",0.5,0.222222222222222,1,1,0.1,4.87654320987654,5,2,205
"62",5,5,5.55555555555556,5,6,"2",0.5,0.222222222222222,1,1,0.1,5.12345679012346,5,1,206
"72",5,5,6.66666666666667,5,7,"2",0.5,0.222222222222222,1,1,0.1,5.37037037037037,5,1,207
"82",5,5,7.77777777777778,5,8,"2",0.5,0.222222222222222,1,1,0.1,5.61728395061728,5,1,208
"92",5,5,8.88888888888889,5,9,"2",0.5,0.222222222222222,1,1,0.1,5.8641975308642,5,1,209
"102",5,5,10,5,10,"2",0.5,0.222222222222222,1,1,0.1,6.11111111111111,5,1,210
"1.12",5,5,0,5,1,"2",0.5,0.222222222222222,1,1,0.1,3.88888888888889,5,2,211
"2.12",5,5,1.11111111111111,5,2,"2",0.5,0.222222222222222,1,1,0.1,4.1358024691358,5,2,212
"3.12",5,5,2.22222222222222,5,3,"2",0.5,0.222222222222222,1,1,0.1,4.38271604938272,5,2,213
"4.12",5,5,3.33333333333333,5,4,"2",0.5,0.222222222222222,1,1,0.1,4.62962962962963,5,2,214
"5.12",5,5,4.44444444444444,5,5,"2",0.5,0.222222222222222,1,1,0.1,4.87654320987654,5,2,215
"6.12",5,5,5.55555555555556,5,6,"2",0.5,0.222222222222222,1,1,0.1,5.12345679012346,5,1,216
"7.12",5,5,6.66666666666667,5,7,"2",0.5,0.222222222222222,1,1,0.1,5.37037037037037,5,1,217
"8.12",5,5,7.77777777777778,5,8,"2",0.5,0.222222222222222,1,1,0.1,5.61728395061728,5,1,218
"9.12",5,5,8.88888888888889,5,9,"2",0.5,0.222222222222222,1,1,0.1,5.8641975308642,5,1,219
"10.12",5,5,10,5,10,"2",0.5,0.222222222222222,1,1,0.1,6.11111111111111,5,1,220
"1.22",5,5,0,5,1,"2",0.5,0.222222222222222,1,1,0.1,3.88888888888889,5,2,221
"2.22",5,5,1.11111111111111,5,2,"2",0.5,0.222222222222222,1,1,0.1,4.1358024691358,5,2,222
"3.22",5,5,2.22222222222222,5,3,"2",0.5,0.222222222222222,1,1,0.1,4.38271604938272,5,2,223
"4.22",5,5,3.33333333333333,5,4,"2",0.5,0.222222222222222,1,1,0.1,4.62962962962963,5,2,224
"5.22",5,5,4.44444444444444,5,5,"2",0.5,0.222222222222222,1,1,0.1,4.87654320987654,5,2,225
"6.22",5,5,5.55555555555556,5,6,"2",0.5,0.222222222222222,1,1,0.1,5.12345679012346,5,1,226
"7.22",5,5,6.66666666666667,5,7,"2",0.5,0.222222222222222,1,1,0.1,5.37037037037037,5,1,227
"8.22",5,5,7.77777777777778,5,8,"2",0.5,0.222222222222222,1,1,0.1,5.61728395061728,5,1,228
"9.22",5,5,8.88888888888889,5,9,"2",0.5,0.222222222222222,1,1,0.1,5.8641975308642,5,1,229
"10.22",5,5,10,5,10,"2",0.5,0.222222222222222,1,1,0.1,6.11111111111111,5,1,230
"1.32",5,5,0,5,1,"2",0.5,0.222222222222222,1,1,0.1,3.88888888888889,5,2,231
"2.32",5,5,1.11111111111111,5,2,"2",0.5,0.222222222222222,1,1,0.1,4.1358024691358,5,2,232
"3.32",5,5,2.22222222222222,5,3,"2",0.5,0.222222222222222,1,1,0.1,4.38271604938272,5,2,233
"4.32",5,5,3.33333333333333,5,4,"2",0.5,0.222222222222222,1,1,0.1,4.62962962962963,5,2,234
"5.32",5,5,4.44444444444444,5,5,"2",0.5,0.222222222222222,1,1,0.1,4.87654320987654,5,2,235
"6.32",5,5,5.55555555555556,5,6,"2",0.5,0.222222222222222,1,1,0.1,5.12345679012346,5,1,236
"7.32",5,5,6.66666666666667,5,7,"2",0.5,0.222222222222222,1,1,0.1,5.37037037037037,5,1,237
"8.32",5,5,7.77777777777778,5,8,"2",0.5,0.222222222222222,1,1,0.1,5.61728395061728,5,1,238
"9.32",5,5,8.88888888888889,5,9,"2",0.5,0.222222222222222,1,1,0.1,5.8641975308642,5,1,239
"10.32",5,5,10,5,10,"2",0.5,0.222222222222222,1,1,0.1,6.11111111111111,5,1,240
"1.42",5,5,0,5,1,"2",0.5,0.222222222222222,1,1,0.1,3.88888888888889,5,2,241
"2.42",5,5,1.11111111111111,5,2,"2",0.5,0.222222222222222,1,1,0.1,4.1358024691358,5,2,242
"3.42",5,5,2.22222222222222,5,3,"2",0.5,0.222222222222222,1,1,0.1,4.38271604938272,5,2,243
"4.42",5,5,3.33333333333333,5,4,"2",0.5,0.222222222222222,1,1,0.1,4.62962962962963,5,2,244
"5.42",5,5,4.44444444444444,5,5,"2",0.5,0.222222222222222,1,1,0.1,4.87654320987654,5,2,245
"6.42",5,5,5.55555555555556,5,6,"2",0.5,0.222222222222222,1,1,0.1,5.12345679012346,5,1,246
"7.42",5,5,6.66666666666667,5,7,"2",0.5,0.222222222222222,1,1,0.1,5.37037037037037,5,1,247
"8.42",5,5,7.77777777777778,5,8,"2",0.5,0.222222222222222,1,1,0.1,5.61728395061728,5,1,248
"9.42",5,5,8.88888888888889,5,9,"2",0.5,0.222222222222222,1,1,0.1,5.8641975308642,5,1,249
"10.42",5,5,10,5,10,"2",0.5,0.222222222222222,1,1,0.1,6.11111111111111,5,1,250
"1.52",5,5,0,5,1,"2",0.5,0.222222222222222,1,1,0.1,3.88888888888889,5,2,251
"2.52",5,5,1.11111111111111,5,2,"2",0.5,0.222222222222222,1,1,0.1,4.1358024691358,5,2,252
"3.52",5,5,2.22222222222222,5,3,"2",0.5,0.222222222222222,1,1,0.1,4.38271604938272,5,2,253
"4.52",5,5,3.33333333333333,5,4,"2",0.5,0.222222222222222,1,1,0.1,4.62962962962963,5,2,254
"5.52",5,5,4.44444444444444,5,5,"2",0.5,0.222222222222222,1,1,0.1,4.87654320987654,5,2,255
"6.52",5,5,5.55555555555556,5,6,"2",0.5,0.222222222222222,1,1,0.1,5.12345679012346,5,1,256
"7.52",5,5,6.66666666666667,5,7,"2",0.5,0.222222222222222,1,1,0.1,5.37037037037037,5,1,257
"8.52",5,5,7.77777777777778,5,8,"2",0.5,0.222222222222222,1,1,0.1,5.61728395061728,5,1,258
"9.52",5,5,8.88888888888889,5,9,"2",0.5,0.222222222222222,1,1,0.1,5.8641975308642,5,1,259
"10.52",5,5,10,5,10,"2",0.5,0.222222222222222,1,1,0.1,6.11111111111111,5,1,260
"1.62",5,5,0,5,1,"2",0.5,0.222222222222222,1,1,0.1,3.88888888888889,5,2,261
"2.62",5,5,1.11111111111111,5,2,"2",0.5,0.222222222222222,1,1,0.1,4.1358024691358,5,2,262
"3.62",5,5,2.22222222222222,5,3,"2",0.5,0.222222222222222,1,1,0.1,4.38271604938272,5,2,263
"4.62",5,5,3.33333333333333,5,4,"2",0.5,0.222222222222222,1,1,0.1,4.62962962962963,5,2,264
"5.62",5,5,4.44444444444444,5,5,"2",0.5,0.222222222222222,1,1,0.1,4.87654320987654,5,2,265
"6.62",5,5,5.55555555555556,5,6,"2",0.5,0.222222222222222,1,1,0.1,5.12345679012346,5,1,266
"7.62",5,5,6.66666666666667,5,7,"2",0.5,0.222222222222222,1,1,0.1,5.37037037037037,5,1,267
"8.62",5,5,7.77777777777778,5,8,"2",0.5,0.222222222222222,1,1,0.1,5.61728395061728,5,1,268
"9.62",5,5,8.88888888888889,5,9,"2",0.5,0.222222222222222,1,1,0.1,5.8641975308642,5,1,269
"10.62",5,5,10,5,10,"2",0.5,0.222222222222222,1,1,0.1,6.11111111111111,5,1,270
"1.72",5,5,0,5,1,"2",0.5,0.222222222222222,1,1,0.1,3.88888888888889,5,2,271
"2.72",5,5,1.11111111111111,5,2,"2",0.5,0.222222222222222,1,1,0.1,4.1358024691358,5,2,272
"3.72",5,5,2.22222222222222,5,3,"2",0.5,0.222222222222222,1,1,0.1,4.38271604938272,5,2,273
"4.72",5,5,3.33333333333333,5,4,"2",0.5,0.222222222222222,1,1,0.1,4.62962962962963,5,2,274
"5.72",5,5,4.44444444444444,5,5,"2",0.5,0.222222222222222,1,1,0.1,4.87654320987654,5,2,275
"6.72",5,5,5.55555555555556,5,6,"2",0.5,0.222222222222222,1,1,0.1,5.12345679012346,5,1,276
"7.72",5,5,6.66666666666667,5,7,"2",0.5,0.222222222222222,1,1,0.1,5.37037037037037,5,1,277
"8.72",5,5,7.77777777777778,5,8,"2",0.5,0.222222222222222,1,1,0.1,5.61728395061728,5,1,278
"9.72",5,5,8.88888888888889,5,9,"2",0.5,0.222222222222222,1,1,0.1,5.8641975308642,5,1,279
"10.72",5,5,10,5,10,"2",0.5,0.222222222222222,1,1,0.1,6.11111111111111,5,1,280
"1.82",5,5,0,5,1,"2",0.5,0.222222222222222,1,1,0.1,3.88888888888889,5,2,281
"2.82",5,5,1.11111111111111,5,2,"2",0.5,0.222222222222222,1,1,0.1,4.1358024691358,5,2,282
"3.82",5,5,2.22222222222222,5,3,"2",0.5,0.222222222222222,1,1,0.1,4.38271604938272,5,2,283
"4.82",5,5,3.33333333333333,5,4,"2",0.5,0.222222222222222,1,1,0.1,4.62962962962963,5,2,284
"5.82",5,5,4.44444444444444,5,5,"2",0.5,0.222222222222222,1,1,0.1,4.87654320987654,5,2,285
"6.82",5,5,5.55555555555556,5,6,"2",0.5,0.222222222222222,1,1,0.1,5.12345679012346,5,1,286
"7.82",5,5,6.66666666666667,5,7,"2",0.5,0.222222222222222,1,1,0.1,5.37037037037037,5,1,287
"8.82",5,5,7.77777777777778,5,8,"2",0.5,0.222222222222222,1,1,0.1,5.61728395061728,5,1,288
"9.82",5,5,8.88888888888889,5,9,"2",0.5,0.222222222222222,1,1,0.1,5.8641975308642,5,1,289
"10.82",5,5,10,5,10,"2",0.5,0.222222222222222,1,1,0.1,6.11111111111111,5,1,290
"1.92",5,5,0,5,1,"2",0.5,0.222222222222222,1,1,0.1,3.88888888888889,5,2,291
"2.92",5,5,1.11111111111111,5,2,"2",0.5,0.222222222222222,1,1,0.1,4.1358024691358,5,2,292
"3.92",5,5,2.22222222222222,5,3,"2",0.5,0.222222222222222,1,1,0.1,4.38271604938272,5,2,293
"4.92",5,5,3.33333333333333,5,4,"2",0.5,0.222222222222222,1,1,0.1,4.62962962962963,5,2,294
"5.92",5,5,4.44444444444444,5,5,"2",0.5,0.222222222222222,1,1,0.1,4.87654320987654,5,2,295
"6.92",5,5,5.55555555555556,5,6,"2",0.5,0.222222222222222,1,1,0.1,5.12345679012346,5,1,296
"7.92",5,5,6.66666666666667,5,7,"2",0.5,0.222222222222222,1,1,0.1,5.37037037037037,5,1,297
"8.92",5,5,7.77777777777778,5,8,"2",0.5,0.222222222222222,1,1,0.1,5.61728395061728,5,1,298
"9.92",5,5,8.88888888888889,5,9,"2",0.5,0.222222222222222,1,1,0.1,5.8641975308642,5,1,299
"10.92",5,5,10,5,10,"2",0.5,0.222222222222222,1,1,0.1,6.11111111111111,5,1,300
"13",5,5,0,5,1,"3",0.5,0.333333333333333,1,1,0.1,3.33333333333333,5,2,301
"23",5,5,1.11111111111111,5,2,"3",0.5,0.333333333333333,1,1,0.1,3.7037037037037,5,2,302
"33",5,5,2.22222222222222,5,3,"3",0.5,0.333333333333333,1,1,0.1,4.07407407407407,5,2,303
"43",5,5,3.33333333333333,5,4,"3",0.5,0.333333333333333,1,1,0.1,4.44444444444444,5,2,304
"53",5,5,4.44444444444444,5,5,"3",0.5,0.333333333333333,1,1,0.1,4.81481481481481,5,2,305
"63",5,5,5.55555555555556,5,6,"3",0.5,0.333333333333333,1,1,0.1,5.18518518518519,5,1,306
"73",5,5,6.66666666666667,5,7,"3",0.5,0.333333333333333,1,1,0.1,5.55555555555556,5,1,307
"83",5,5,7.77777777777778,5,8,"3",0.5,0.333333333333333,1,1,0.1,5.92592592592593,5,1,308
"93",5,5,8.88888888888889,5,9,"3",0.5,0.333333333333333,1,1,0.1,6.2962962962963,5,1,309
"103",5,5,10,5,10,"3",0.5,0.333333333333333,1,1,0.1,6.66666666666667,5,1,310
"1.13",5,5,0,5,1,"3",0.5,0.333333333333333,1,1,0.1,3.33333333333333,5,2,311
"2.13",5,5,1.11111111111111,5,2,"3",0.5,0.333333333333333,1,1,0.1,3.7037037037037,5,2,312
"3.13",5,5,2.22222222222222,5,3,"3",0.5,0.333333333333333,1,1,0.1,4.07407407407407,5,2,313
"4.13",5,5,3.33333333333333,5,4,"3",0.5,0.333333333333333,1,1,0.1,4.44444444444444,5,2,314
"5.13",5,5,4.44444444444444,5,5,"3",0.5,0.333333333333333,1,1,0.1,4.81481481481481,5,2,315
"6.13",5,5,5.55555555555556,5,6,"3",0.5,0.333333333333333,1,1,0.1,5.18518518518519,5,1,316
"7.13",5,5,6.66666666666667,5,7,"3",0.5,0.333333333333333,1,1,0.1,5.55555555555556,5,1,317
"8.13",5,5,7.77777777777778,5,8,"3",0.5,0.333333333333333,1,1,0.1,5.92592592592593,5,1,318
"9.13",5,5,8.88888888888889,5,9,"3",0.5,0.333333333333333,1,1,0.1,6.2962962962963,5,1,319
"10.13",5,5,10,5,10,"3",0.5,0.333333333333333,1,1,0.1,6.66666666666667,5,1,320
"1.23",5,5,0,5,1,"3",0.5,0.333333333333333,1,1,0.1,3.33333333333333,5,2,321
"2.23",5,5,1.11111111111111,5,2,"3",0.5,0.333333333333333,1,1,0.1,3.7037037037037,5,2,322
"3.23",5,5,2.22222222222222,5,3,"3",0.5,0.333333333333333,1,1,0.1,4.07407407407407,5,2,323
"4.23",5,5,3.33333333333333,5,4,"3",0.5,0.333333333333333,1,1,0.1,4.44444444444444,5,2,324
"5.23",5,5,4.44444444444444,5,5,"3",0.5,0.333333333333333,1,1,0.1,4.81481481481481,5,2,325
"6.23",5,5,5.55555555555556,5,6,"3",0.5,0.333333333333333,1,1,0.1,5.18518518518519,5,1,326
"7.23",5,5,6.66666666666667,5,7,"3",0.5,0.333333333333333,1,1,0.1,5.55555555555556,5,1,327
"8.23",5,5,7.77777777777778,5,8,"3",0.5,0.333333333333333,1,1,0.1,5.92592592592593,5,1,328
"9.23",5,5,8.88888888888889,5,9,"3",0.5,0.333333333333333,1,1,0.1,6.2962962962963,5,1,329
"10.23",5,5,10,5,10,"3",0.5,0.333333333333333,1,1,0.1,6.66666666666667,5,1,330
"1.33",5,5,0,5,1,"3",0.5,0.333333333333333,1,1,0.1,3.33333333333333,5,2,331
"2.33",5,5,1.11111111111111,5,2,"3",0.5,0.333333333333333,1,1,0.1,3.7037037037037,5,2,332
"3.33",5,5,2.22222222222222,5,3,"3",0.5,0.333333333333333,1,1,0.1,4.07407407407407,5,2,333
"4.33",5,5,3.33333333333333,5,4,"3",0.5,0.333333333333333,1,1,0.1,4.44444444444444,5,2,334
"5.33",5,5,4.44444444444444,5,5,"3",0.5,0.333333333333333,1,1,0.1,4.81481481481481,5,2,335
"6.33",5,5,5.55555555555556,5,6,"3",0.5,0.333333333333333,1,1,0.1,5.18518518518519,5,1,336
"7.33",5,5,6.66666666666667,5,7,"3",0.5,0.333333333333333,1,1,0.1,5.55555555555556,5,1,337
"8.33",5,5,7.77777777777778,5,8,"3",0.5,0.333333333333333,1,1,0.1,5.92592592592593,5,1,338
"9.33",5,5,8.88888888888889,5,9,"3",0.5,0.333333333333333,1,1,0.1,6.2962962962963,5,1,339
"10.33",5,5,10,5,10,"3",0.5,0.333333333333333,1,1,0.1,6.66666666666667,5,1,340
"1.43",5,5,0,5,1,"3",0.5,0.333333333333333,1,1,0.1,3.33333333333333,5,2,341
"2.43",5,5,1.11111111111111,5,2,"3",0.5,0.333333333333333,1,1,0.1,3.7037037037037,5,2,342
"3.43",5,5,2.22222222222222,5,3,"3",0.5,0.333333333333333,1,1,0.1,4.07407407407407,5,2,343
"4.43",5,5,3.33333333333333,5,4,"3",0.5,0.333333333333333,1,1,0.1,4.44444444444444,5,2,344
"5.43",5,5,4.44444444444444,5,5,"3",0.5,0.333333333333333,1,1,0.1,4.81481481481481,5,2,345
"6.43",5,5,5.55555555555556,5,6,"3",0.5,0.333333333333333,1,1,0.1,5.18518518518519,5,1,346
"7.43",5,5,6.66666666666667,5,7,"3",0.5,0.333333333333333,1,1,0.1,5.55555555555556,5,1,347
"8.43",5,5,7.77777777777778,5,8,"3",0.5,0.333333333333333,1,1,0.1,5.92592592592593,5,1,348
"9.43",5,5,8.88888888888889,5,9,"3",0.5,0.333333333333333,1,1,0.1,6.2962962962963,5,1,349
"10.43",5,5,10,5,10,"3",0.5,0.333333333333333,1,1,0.1,6.66666666666667,5,1,350
"1.53",5,5,0,5,1,"3",0.5,0.333333333333333,1,1,0.1,3.33333333333333,5,2,351
"2.53",5,5,1.11111111111111,5,2,"3",0.5,0.333333333333333,1,1,0.1,3.7037037037037,5,2,352
"3.53",5,5,2.22222222222222,5,3,"3",0.5,0.333333333333333,1,1,0.1,4.07407407407407,5,2,353
"4.53",5,5,3.33333333333333,5,4,"3",0.5,0.333333333333333,1,1,0.1,4.44444444444444,5,2,354
"5.53",5,5,4.44444444444444,5,5,"3",0.5,0.333333333333333,1,1,0.1,4.81481481481481,5,2,355
"6.53",5,5,5.55555555555556,5,6,"3",0.5,0.333333333333333,1,1,0.1,5.18518518518519,5,1,356
"7.53",5,5,6.66666666666667,5,7,"3",0.5,0.333333333333333,1,1,0.1,5.55555555555556,5,1,357
"8.53",5,5,7.77777777777778,5,8,"3",0.5,0.333333333333333,1,1,0.1,5.92592592592593,5,1,358
"9.53",5,5,8.88888888888889,5,9,"3",0.5,0.333333333333333,1,1,0.1,6.2962962962963,5,1,359
"10.53",5,5,10,5,10,"3",0.5,0.333333333333333,1,1,0.1,6.66666666666667,5,1,360
"1.63",5,5,0,5,1,"3",0.5,0.333333333333333,1,1,0.1,3.33333333333333,5,2,361
"2.63",5,5,1.11111111111111,5,2,"3",0.5,0.333333333333333,1,1,0.1,3.7037037037037,5,2,362
"3.63",5,5,2.22222222222222,5,3,"3",0.5,0.333333333333333,1,1,0.1,4.07407407407407,5,2,363
"4.63",5,5,3.33333333333333,5,4,"3",0.5,0.333333333333333,1,1,0.1,4.44444444444444,5,2,364
"5.63",5,5,4.44444444444444,5,5,"3",0.5,0.333333333333333,1,1,0.1,4.81481481481481,5,2,365
"6.63",5,5,5.55555555555556,5,6,"3",0.5,0.333333333333333,1,1,0.1,5.18518518518519,5,1,366
"7.63",5,5,6.66666666666667,5,7,"3",0.5,0.333333333333333,1,1,0.1,5.55555555555556,5,1,367
"8.63",5,5,7.77777777777778,5,8,"3",0.5,0.333333333333333,1,1,0.1,5.92592592592593,5,1,368
"9.63",5,5,8.88888888888889,5,9,"3",0.5,0.333333333333333,1,1,0.1,6.2962962962963,5,1,369
"10.63",5,5,10,5,10,"3",0.5,0.333333333333333,1,1,0.1,6.66666666666667,5,1,370
"1.73",5,5,0,5,1,"3",0.5,0.333333333333333,1,1,0.1,3.33333333333333,5,2,371
"2.73",5,5,1.11111111111111,5,2,"3",0.5,0.333333333333333,1,1,0.1,3.7037037037037,5,2,372
"3.73",5,5,2.22222222222222,5,3,"3",0.5,0.333333333333333,1,1,0.1,4.07407407407407,5,2,373
"4.73",5,5,3.33333333333333,5,4,"3",0.5,0.333333333333333,1,1,0.1,4.44444444444444,5,2,374
"5.73",5,5,4.44444444444444,5,5,"3",0.5,0.333333333333333,1,1,0.1,4.81481481481481,5,2,375
"6.73",5,5,5.55555555555556,5,6,"3",0.5,0.333333333333333,1,1,0.1,5.18518518518519,5,1,376
"7.73",5,5,6.66666666666667,5,7,"3",0.5,0.333333333333333,1,1,0.1,5.55555555555556,5,1,377
"8.73",5,5,7.77777777777778,5,8,"3",0.5,0.333333333333333,1,1,0.1,5.92592592592593,5,1,378
"9.73",5,5,8.88888888888889,5,9,"3",0.5,0.333333333333333,1,1,0.1,6.2962962962963,5,1,379
"10.73",5,5,10,5,10,"3",0.5,0.333333333333333,1,1,0.1,6.66666666666667,5,1,380
"1.83",5,5,0,5,1,"3",0.5,0.333333333333333,1,1,0.1,3.33333333333333,5,2,381
"2.83",5,5,1.11111111111111,5,2,"3",0.5,0.333333333333333,1,1,0.1,3.7037037037037,5,2,382
"3.83",5,5,2.22222222222222,5,3,"3",0.5,0.333333333333333,1,1,0.1,4.07407407407407,5,2,383
"4.83",5,5,3.33333333333333,5,4,"3",0.5,0.333333333333333,1,1,0.1,4.44444444444444,5,2,384
"5.83",5,5,4.44444444444444,5,5,"3",0.5,0.333333333333333,1,1,0.1,4.81481481481481,5,2,385
"6.83",5,5,5.55555555555556,5,6,"3",0.5,0.333333333333333,1,1,0.1,5.18518518518519,5,1,386
"7.83",5,5,6.66666666666667,5,7,"3",0.5,0.333333333333333,1,1,0.1,5.55555555555556,5,1,387
"8.83",5,5,7.77777777777778,5,8,"3",0.5,0.333333333333333,1,1,0.1,5.92592592592593,5,1,388
"9.83",5,5,8.88888888888889,5,9,"3",0.5,0.333333333333333,1,1,0.1,6.2962962962963,5,1,389
"10.83",5,5,10,5,10,"3",0.5,0.333333333333333,1,1,0.1,6.66666666666667,5,1,390
"1.93",5,5,0,5,1,"3",0.5,0.333333333333333,1,1,0.1,3.33333333333333,5,2,391
"2.93",5,5,1.11111111111111,5,2,"3",0.5,0.333333333333333,1,1,0.1,3.7037037037037,5,2,392
"3.93",5,5,2.22222222222222,5,3,"3",0.5,0.333333333333333,1,1,0.1,4.07407407407407,5,2,393
"4.93",5,5,3.33333333333333,5,4,"3",0.5,0.333333333333333,1,1,0.1,4.44444444444444,5,2,394
"5.93",5,5,4.44444444444444,5,5,"3",0.5,0.333333333333333,1,1,0.1,4.81481481481481,5,2,395
"6.93",5,5,5.55555555555556,5,6,"3",0.5,0.333333333333333,1,1,0.1,5.18518518518519,5,1,396
"7.93",5,5,6.66666666666667,5,7,"3",0.5,0.333333333333333,1,1,0.1,5.55555555555556,5,1,397
"8.93",5,5,7.77777777777778,5,8,"3",0.5,0.333333333333333,1,1,0.1,5.92592592592593,5,1,398
"9.93",5,5,8.88888888888889,5,9,"3",0.5,0.333333333333333,1,1,0.1,6.2962962962963,5,1,399
"10.93",5,5,10,5,10,"3",0.5,0.333333333333333,1,1,0.1,6.66666666666667,5,1,400
"14",5,5,0,5,1,"4",0.5,0.444444444444444,1,1,0.1,2.77777777777778,5,2,401
"24",5,5,1.11111111111111,5,2,"4",0.5,0.444444444444444,1,1,0.1,3.2716049382716,5,2,402
"34",5,5,2.22222222222222,5,3,"4",0.5,0.444444444444444,1,1,0.1,3.76543209876543,5,2,403
"44",5,5,3.33333333333333,5,4,"4",0.5,0.444444444444444,1,1,0.1,4.25925925925926,5,2,404
"54",5,5,4.44444444444444,5,5,"4",0.5,0.444444444444444,1,1,0.1,4.75308641975309,5,2,405
"64",5,5,5.55555555555556,5,6,"4",0.5,0.444444444444444,1,1,0.1,5.24691358024691,5,1,406
"74",5,5,6.66666666666667,5,7,"4",0.5,0.444444444444444,1,1,0.1,5.74074074074074,5,1,407
"84",5,5,7.77777777777778,5,8,"4",0.5,0.444444444444444,1,1,0.1,6.23456790123457,5,1,408
"94",5,5,8.88888888888889,5,9,"4",0.5,0.444444444444444,1,1,0.1,6.72839506172839,5,1,409
"104",5,5,10,5,10,"4",0.5,0.444444444444444,1,1,0.1,7.22222222222222,5,1,410
"1.14",5,5,0,5,1,"4",0.5,0.444444444444444,1,1,0.1,2.77777777777778,5,2,411
"2.14",5,5,1.11111111111111,5,2,"4",0.5,0.444444444444444,1,1,0.1,3.2716049382716,5,2,412
"3.14",5,5,2.22222222222222,5,3,"4",0.5,0.444444444444444,1,1,0.1,3.76543209876543,5,2,413
"4.14",5,5,3.33333333333333,5,4,"4",0.5,0.444444444444444,1,1,0.1,4.25925925925926,5,2,414
"5.14",5,5,4.44444444444444,5,5,"4",0.5,0.444444444444444,1,1,0.1,4.75308641975309,5,2,415
"6.14",5,5,5.55555555555556,5,6,"4",0.5,0.444444444444444,1,1,0.1,5.24691358024691,5,1,416
"7.14",5,5,6.66666666666667,5,7,"4",0.5,0.444444444444444,1,1,0.1,5.74074074074074,5,1,417
"8.14",5,5,7.77777777777778,5,8,"4",0.5,0.444444444444444,1,1,0.1,6.23456790123457,5,1,418
"9.14",5,5,8.88888888888889,5,9,"4",0.5,0.444444444444444,1,1,0.1,6.72839506172839,5,1,419
"10.14",5,5,10,5,10,"4",0.5,0.444444444444444,1,1,0.1,7.22222222222222,5,1,420
"1.24",5,5,0,5,1,"4",0.5,0.444444444444444,1,1,0.1,2.77777777777778,5,2,421
"2.24",5,5,1.11111111111111,5,2,"4",0.5,0.444444444444444,1,1,0.1,3.2716049382716,5,2,422
"3.24",5,5,2.22222222222222,5,3,"4",0.5,0.444444444444444,1,1,0.1,3.76543209876543,5,2,423
"4.24",5,5,3.33333333333333,5,4,"4",0.5,0.444444444444444,1,1,0.1,4.25925925925926,5,2,424
"5.24",5,5,4.44444444444444,5,5,"4",0.5,0.444444444444444,1,1,0.1,4.75308641975309,5,2,425
"6.24",5,5,5.55555555555556,5,6,"4",0.5,0.444444444444444,1,1,0.1,5.24691358024691,5,1,426
"7.24",5,5,6.66666666666667,5,7,"4",0.5,0.444444444444444,1,1,0.1,5.74074074074074,5,1,427
"8.24",5,5,7.77777777777778,5,8,"4",0.5,0.444444444444444,1,1,0.1,6.23456790123457,5,1,428
"9.24",5,5,8.88888888888889,5,9,"4",0.5,0.444444444444444,1,1,0.1,6.72839506172839,5,1,429
"10.24",5,5,10,5,10,"4",0.5,0.444444444444444,1,1,0.1,7.22222222222222,5,1,430
"1.34",5,5,0,5,1,"4",0.5,0.444444444444444,1,1,0.1,2.77777777777778,5,2,431
"2.34",5,5,1.11111111111111,5,2,"4",0.5,0.444444444444444,1,1,0.1,3.2716049382716,5,2,432
"3.34",5,5,2.22222222222222,5,3,"4",0.5,0.444444444444444,1,1,0.1,3.76543209876543,5,2,433
"4.34",5,5,3.33333333333333,5,4,"4",0.5,0.444444444444444,1,1,0.1,4.25925925925926,5,2,434
"5.34",5,5,4.44444444444444,5,5,"4",0.5,0.444444444444444,1,1,0.1,4.75308641975309,5,2,435
"6.34",5,5,5.55555555555556,5,6,"4",0.5,0.444444444444444,1,1,0.1,5.24691358024691,5,1,436
"7.34",5,5,6.66666666666667,5,7,"4",0.5,0.444444444444444,1,1,0.1,5.74074074074074,5,1,437
"8.34",5,5,7.77777777777778,5,8,"4",0.5,0.444444444444444,1,1,0.1,6.23456790123457,5,1,438
"9.34",5,5,8.88888888888889,5,9,"4",0.5,0.444444444444444,1,1,0.1,6.72839506172839,5,1,439
"10.34",5,5,10,5,10,"4",0.5,0.444444444444444,1,1,0.1,7.22222222222222,5,1,440
"1.44",5,5,0,5,1,"4",0.5,0.444444444444444,1,1,0.1,2.77777777777778,5,2,441
"2.44",5,5,1.11111111111111,5,2,"4",0.5,0.444444444444444,1,1,0.1,3.2716049382716,5,2,442
"3.44",5,5,2.22222222222222,5,3,"4",0.5,0.444444444444444,1,1,0.1,3.76543209876543,5,2,443
"4.44",5,5,3.33333333333333,5,4,"4",0.5,0.444444444444444,1,1,0.1,4.25925925925926,5,2,444
"5.44",5,5,4.44444444444444,5,5,"4",0.5,0.444444444444444,1,1,0.1,4.75308641975309,5,2,445
"6.44",5,5,5.55555555555556,5,6,"4",0.5,0.444444444444444,1,1,0.1,5.24691358024691,5,1,446
"7.44",5,5,6.66666666666667,5,7,"4",0.5,0.444444444444444,1,1,0.1,5.74074074074074,5,1,447
"8.44",5,5,7.77777777777778,5,8,"4",0.5,0.444444444444444,1,1,0.1,6.23456790123457,5,1,448
"9.44",5,5,8.88888888888889,5,9,"4",0.5,0.444444444444444,1,1,0.1,6.72839506172839,5,1,449
"10.44",5,5,10,5,10,"4",0.5,0.444444444444444,1,1,0.1,7.22222222222222,5,1,450
"1.54",5,5,0,5,1,"4",0.5,0.444444444444444,1,1,0.1,2.77777777777778,5,2,451
"2.54",5,5,1.11111111111111,5,2,"4",0.5,0.444444444444444,1,1,0.1,3.2716049382716,5,2,452
"3.54",5,5,2.22222222222222,5,3,"4",0.5,0.444444444444444,1,1,0.1,3.76543209876543,5,2,453
"4.54",5,5,3.33333333333333,5,4,"4",0.5,0.444444444444444,1,1,0.1,4.25925925925926,5,2,454
"5.54",5,5,4.44444444444444,5,5,"4",0.5,0.444444444444444,1,1,0.1,4.75308641975309,5,2,455
"6.54",5,5,5.55555555555556,5,6,"4",0.5,0.444444444444444,1,1,0.1,5.24691358024691,5,1,456
"7.54",5,5,6.66666666666667,5,7,"4",0.5,0.444444444444444,1,1,0.1,5.74074074074074,5,1,457
"8.54",5,5,7.77777777777778,5,8,"4",0.5,0.444444444444444,1,1,0.1,6.23456790123457,5,1,458
"9.54",5,5,8.88888888888889,5,9,"4",0.5,0.444444444444444,1,1,0.1,6.72839506172839,5,1,459
"10.54",5,5,10,5,10,"4",0.5,0.444444444444444,1,1,0.1,7.22222222222222,5,1,460
"1.64",5,5,0,5,1,"4",0.5,0.444444444444444,1,1,0.1,2.77777777777778,5,2,461
"2.64",5,5,1.11111111111111,5,2,"4",0.5,0.444444444444444,1,1,0.1,3.2716049382716,5,2,462
"3.64",5,5,2.22222222222222,5,3,"4",0.5,0.444444444444444,1,1,0.1,3.76543209876543,5,2,463
"4.64",5,5,3.33333333333333,5,4,"4",0.5,0.444444444444444,1,1,0.1,4.25925925925926,5,2,464
"5.64",5,5,4.44444444444444,5,5,"4",0.5,0.444444444444444,1,1,0.1,4.75308641975309,5,2,465
"6.64",5,5,5.55555555555556,5,6,"4",0.5,0.444444444444444,1,1,0.1,5.24691358024691,5,1,466
"7.64",5,5,6.66666666666667,5,7,"4",0.5,0.444444444444444,1,1,0.1,5.74074074074074,5,1,467
"8.64",5,5,7.77777777777778,5,8,"4",0.5,0.444444444444444,1,1,0.1,6.23456790123457,5,1,468
"9.64",5,5,8.88888888888889,5,9,"4",0.5,0.444444444444444,1,1,0.1,6.72839506172839,5,1,469
"10.64",5,5,10,5,10,"4",0.5,0.444444444444444,1,1,0.1,7.22222222222222,5,1,470
"1.74",5,5,0,5,1,"4",0.5,0.444444444444444,1,1,0.1,2.77777777777778,5,2,471
"2.74",5,5,1.11111111111111,5,2,"4",0.5,0.444444444444444,1,1,0.1,3.2716049382716,5,2,472
"3.74",5,5,2.22222222222222,5,3,"4",0.5,0.444444444444444,1,1,0.1,3.76543209876543,5,2,473
"4.74",5,5,3.33333333333333,5,4,"4",0.5,0.444444444444444,1,1,0.1,4.25925925925926,5,2,474
"5.74",5,5,4.44444444444444,5,5,"4",0.5,0.444444444444444,1,1,0.1,4.75308641975309,5,2,475
"6.74",5,5,5.55555555555556,5,6,"4",0.5,0.444444444444444,1,1,0.1,5.24691358024691,5,1,476
"7.74",5,5,6.66666666666667,5,7,"4",0.5,0.444444444444444,1,1,0.1,5.74074074074074,5,1,477
"8.74",5,5,7.77777777777778,5,8,"4",0.5,0.444444444444444,1,1,0.1,6.23456790123457,5,1,478
"9.74",5,5,8.88888888888889,5,9,"4",0.5,0.444444444444444,1,1,0.1,6.72839506172839,5,1,479
"10.74",5,5,10,5,10,"4",0.5,0.444444444444444,1,1,0.1,7.22222222222222,5,1,480
"1.84",5,5,0,5,1,"4",0.5,0.444444444444444,1,1,0.1,2.77777777777778,5,2,481
"2.84",5,5,1.11111111111111,5,2,"4",0.5,0.444444444444444,1,1,0.1,3.2716049382716,5,2,482
"3.84",5,5,2.22222222222222,5,3,"4",0.5,0.444444444444444,1,1,0.1,3.76543209876543,5,2,483
"4.84",5,5,3.33333333333333,5,4,"4",0.5,0.444444444444444,1,1,0.1,4.25925925925926,5,2,484
"5.84",5,5,4.44444444444444,5,5,"4",0.5,0.444444444444444,1,1,0.1,4.75308641975309,5,2,485
"6.84",5,5,5.55555555555556,5,6,"4",0.5,0.444444444444444,1,1,0.1,5.24691358024691,5,1,486
"7.84",5,5,6.66666666666667,5,7,"4",0.5,0.444444444444444,1,1,0.1,5.74074074074074,5,1,487
"8.84",5,5,7.77777777777778,5,8,"4",0.5,0.444444444444444,1,1,0.1,6.23456790123457,5,1,488
"9.84",5,5,8.88888888888889,5,9,"4",0.5,0.444444444444444,1,1,0.1,6.72839506172839,5,1,489
"10.84",5,5,10,5,10,"4",0.5,0.444444444444444,1,1,0.1,7.22222222222222,5,1,490
"1.94",5,5,0,5,1,"4",0.5,0.444444444444444,1,1,0.1,2.77777777777778,5,2,491
"2.94",5,5,1.11111111111111,5,2,"4",0.5,0.444444444444444,1,1,0.1,3.2716049382716,5,2,492
"3.94",5,5,2.22222222222222,5,3,"4",0.5,0.444444444444444,1,1,0.1,3.76543209876543,5,2,493
"4.94",5,5,3.33333333333333,5,4,"4",0.5,0.444444444444444,1,1,0.1,4.25925925925926,5,2,494
"5.94",5,5,4.44444444444444,5,5,"4",0.5,0.444444444444444,1,1,0.1,4.75308641975309,5,2,495
"6.94",5,5,5.55555555555556,5,6,"4",0.5,0.444444444444444,1,1,0.1,5.24691358024691,5,1,496
"7.94",5,5,6.66666666666667,5,7,"4",0.5,0.444444444444444,1,1,0.1,5.74074074074074,5,1,497
"8.94",5,5,7.77777777777778,5,8,"4",0.5,0.444444444444444,1,1,0.1,6.23456790123457,5,1,498
"9.94",5,5,8.88888888888889,5,9,"4",0.5,0.444444444444444,1,1,0.1,6.72839506172839,5,1,499
"10.94",5,5,10,5,10,"4",0.5,0.444444444444444,1,1,0.1,7.22222222222222,5,1,500
"15",5,5,0,5,1,"5",0.5,0.555555555555556,1,1,0.1,2.22222222222222,5,2,501
"25",5,5,1.11111111111111,5,2,"5",0.5,0.555555555555556,1,1,0.1,2.83950617283951,5,2,502
"35",5,5,2.22222222222222,5,3,"5",0.5,0.555555555555556,1,1,0.1,3.45679012345679,5,2,503
"45",5,5,3.33333333333333,5,4,"5",0.5,0.555555555555556,1,1,0.1,4.07407407407407,5,2,504
"55",5,5,4.44444444444444,5,5,"5",0.5,0.555555555555556,1,1,0.1,4.69135802469136,5,2,505
"65",5,5,5.55555555555556,5,6,"5",0.5,0.555555555555556,1,1,0.1,5.30864197530864,5,1,506
"75",5,5,6.66666666666667,5,7,"5",0.5,0.555555555555556,1,1,0.1,5.92592592592593,5,1,507
"85",5,5,7.77777777777778,5,8,"5",0.5,0.555555555555556,1,1,0.1,6.54320987654321,5,1,508
"95",5,5,8.88888888888889,5,9,"5",0.5,0.555555555555556,1,1,0.1,7.16049382716049,5,1,509
"105",5,5,10,5,10,"5",0.5,0.555555555555556,1,1,0.1,7.77777777777778,5,1,510
"1.15",5,5,0,5,1,"5",0.5,0.555555555555556,1,1,0.1,2.22222222222222,5,2,511
"2.15",5,5,1.11111111111111,5,2,"5",0.5,0.555555555555556,1,1,0.1,2.83950617283951,5,2,512
"3.15",5,5,2.22222222222222,5,3,"5",0.5,0.555555555555556,1,1,0.1,3.45679012345679,5,2,513
"4.15",5,5,3.33333333333333,5,4,"5",0.5,0.555555555555556,1,1,0.1,4.07407407407407,5,2,514
"5.15",5,5,4.44444444444444,5,5,"5",0.5,0.555555555555556,1,1,0.1,4.69135802469136,5,2,515
"6.15",5,5,5.55555555555556,5,6,"5",0.5,0.555555555555556,1,1,0.1,5.30864197530864,5,1,516
"7.15",5,5,6.66666666666667,5,7,"5",0.5,0.555555555555556,1,1,0.1,5.92592592592593,5,1,517
"8.15",5,5,7.77777777777778,5,8,"5",0.5,0.555555555555556,1,1,0.1,6.54320987654321,5,1,518
"9.15",5,5,8.88888888888889,5,9,"5",0.5,0.555555555555556,1,1,0.1,7.16049382716049,5,1,519
"10.15",5,5,10,5,10,"5",0.5,0.555555555555556,1,1,0.1,7.77777777777778,5,1,520
"1.25",5,5,0,5,1,"5",0.5,0.555555555555556,1,1,0.1,2.22222222222222,5,2,521
"2.25",5,5,1.11111111111111,5,2,"5",0.5,0.555555555555556,1,1,0.1,2.83950617283951,5,2,522
"3.25",5,5,2.22222222222222,5,3,"5",0.5,0.555555555555556,1,1,0.1,3.45679012345679,5,2,523
"4.25",5,5,3.33333333333333,5,4,"5",0.5,0.555555555555556,1,1,0.1,4.07407407407407,5,2,524
"5.25",5,5,4.44444444444444,5,5,"5",0.5,0.555555555555556,1,1,0.1,4.69135802469136,5,2,525
"6.25",5,5,5.55555555555556,5,6,"5",0.5,0.555555555555556,1,1,0.1,5.30864197530864,5,1,526
"7.25",5,5,6.66666666666667,5,7,"5",0.5,0.555555555555556,1,1,0.1,5.92592592592593,5,1,527
"8.25",5,5,7.77777777777778,5,8,"5",0.5,0.555555555555556,1,1,0.1,6.54320987654321,5,1,528
"9.25",5,5,8.88888888888889,5,9,"5",0.5,0.555555555555556,1,1,0.1,7.16049382716049,5,1,529
"10.25",5,5,10,5,10,"5",0.5,0.555555555555556,1,1,0.1,7.77777777777778,5,1,530
"1.35",5,5,0,5,1,"5",0.5,0.555555555555556,1,1,0.1,2.22222222222222,5,2,531
"2.35",5,5,1.11111111111111,5,2,"5",0.5,0.555555555555556,1,1,0.1,2.83950617283951,5,2,532
"3.35",5,5,2.22222222222222,5,3,"5",0.5,0.555555555555556,1,1,0.1,3.45679012345679,5,2,533
"4.35",5,5,3.33333333333333,5,4,"5",0.5,0.555555555555556,1,1,0.1,4.07407407407407,5,2,534
"5.35",5,5,4.44444444444444,5,5,"5",0.5,0.555555555555556,1,1,0.1,4.69135802469136,5,2,535
"6.35",5,5,5.55555555555556,5,6,"5",0.5,0.555555555555556,1,1,0.1,5.30864197530864,5,1,536
"7.35",5,5,6.66666666666667,5,7,"5",0.5,0.555555555555556,1,1,0.1,5.92592592592593,5,1,537
"8.35",5,5,7.77777777777778,5,8,"5",0.5,0.555555555555556,1,1,0.1,6.54320987654321,5,1,538
"9.35",5,5,8.88888888888889,5,9,"5",0.5,0.555555555555556,1,1,0.1,7.16049382716049,5,1,539
"10.35",5,5,10,5,10,"5",0.5,0.555555555555556,1,1,0.1,7.77777777777778,5,1,540
"1.45",5,5,0,5,1,"5",0.5,0.555555555555556,1,1,0.1,2.22222222222222,5,2,541
"2.45",5,5,1.11111111111111,5,2,"5",0.5,0.555555555555556,1,1,0.1,2.83950617283951,5,2,542
"3.45",5,5,2.22222222222222,5,3,"5",0.5,0.555555555555556,1,1,0.1,3.45679012345679,5,2,543
"4.45",5,5,3.33333333333333,5,4,"5",0.5,0.555555555555556,1,1,0.1,4.07407407407407,5,2,544
"5.45",5,5,4.44444444444444,5,5,"5",0.5,0.555555555555556,1,1,0.1,4.69135802469136,5,2,545
"6.45",5,5,5.55555555555556,5,6,"5",0.5,0.555555555555556,1,1,0.1,5.30864197530864,5,1,546
"7.45",5,5,6.66666666666667,5,7,"5",0.5,0.555555555555556,1,1,0.1,5.92592592592593,5,1,547
"8.45",5,5,7.77777777777778,5,8,"5",0.5,0.555555555555556,1,1,0.1,6.54320987654321,5,1,548
"9.45",5,5,8.88888888888889,5,9,"5",0.5,0.555555555555556,1,1,0.1,7.16049382716049,5,1,549
"10.45",5,5,10,5,10,"5",0.5,0.555555555555556,1,1,0.1,7.77777777777778,5,1,550
"1.55",5,5,0,5,1,"5",0.5,0.555555555555556,1,1,0.1,2.22222222222222,5,2,551
"2.55",5,5,1.11111111111111,5,2,"5",0.5,0.555555555555556,1,1,0.1,2.83950617283951,5,2,552
"3.55",5,5,2.22222222222222,5,3,"5",0.5,0.555555555555556,1,1,0.1,3.45679012345679,5,2,553
"4.55",5,5,3.33333333333333,5,4,"5",0.5,0.555555555555556,1,1,0.1,4.07407407407407,5,2,554
"5.55",5,5,4.44444444444444,5,5,"5",0.5,0.555555555555556,1,1,0.1,4.69135802469136,5,2,555
"6.55",5,5,5.55555555555556,5,6,"5",0.5,0.555555555555556,1,1,0.1,5.30864197530864,5,1,556
"7.55",5,5,6.66666666666667,5,7,"5",0.5,0.555555555555556,1,1,0.1,5.92592592592593,5,1,557
"8.55",5,5,7.77777777777778,5,8,"5",0.5,0.555555555555556,1,1,0.1,6.54320987654321,5,1,558
"9.55",5,5,8.88888888888889,5,9,"5",0.5,0.555555555555556,1,1,0.1,7.16049382716049,5,1,559
"10.55",5,5,10,5,10,"5",0.5,0.555555555555556,1,1,0.1,7.77777777777778,5,1,560
"1.65",5,5,0,5,1,"5",0.5,0.555555555555556,1,1,0.1,2.22222222222222,5,2,561
"2.65",5,5,1.11111111111111,5,2,"5",0.5,0.555555555555556,1,1,0.1,2.83950617283951,5,2,562
"3.65",5,5,2.22222222222222,5,3,"5",0.5,0.555555555555556,1,1,0.1,3.45679012345679,5,2,563
"4.65",5,5,3.33333333333333,5,4,"5",0.5,0.555555555555556,1,1,0.1,4.07407407407407,5,2,564
"5.65",5,5,4.44444444444444,5,5,"5",0.5,0.555555555555556,1,1,0.1,4.69135802469136,5,2,565
"6.65",5,5,5.55555555555556,5,6,"5",0.5,0.555555555555556,1,1,0.1,5.30864197530864,5,1,566
"7.65",5,5,6.66666666666667,5,7,"5",0.5,0.555555555555556,1,1,0.1,5.92592592592593,5,1,567
"8.65",5,5,7.77777777777778,5,8,"5",0.5,0.555555555555556,1,1,0.1,6.54320987654321,5,1,568
"9.65",5,5,8.88888888888889,5,9,"5",0.5,0.555555555555556,1,1,0.1,7.16049382716049,5,1,569
"10.65",5,5,10,5,10,"5",0.5,0.555555555555556,1,1,0.1,7.77777777777778,5,1,570
"1.75",5,5,0,5,1,"5",0.5,0.555555555555556,1,1,0.1,2.22222222222222,5,2,571
"2.75",5,5,1.11111111111111,5,2,"5",0.5,0.555555555555556,1,1,0.1,2.83950617283951,5,2,572
"3.75",5,5,2.22222222222222,5,3,"5",0.5,0.555555555555556,1,1,0.1,3.45679012345679,5,2,573
"4.75",5,5,3.33333333333333,5,4,"5",0.5,0.555555555555556,1,1,0.1,4.07407407407407,5,2,574
"5.75",5,5,4.44444444444444,5,5,"5",0.5,0.555555555555556,1,1,0.1,4.69135802469136,5,2,575
"6.75",5,5,5.55555555555556,5,6,"5",0.5,0.555555555555556,1,1,0.1,5.30864197530864,5,1,576
"7.75",5,5,6.66666666666667,5,7,"5",0.5,0.555555555555556,1,1,0.1,5.92592592592593,5,1,577
"8.75",5,5,7.77777777777778,5,8,"5",0.5,0.555555555555556,1,1,0.1,6.54320987654321,5,1,578
"9.75",5,5,8.88888888888889,5,9,"5",0.5,0.555555555555556,1,1,0.1,7.16049382716049,5,1,579
"10.75",5,5,10,5,10,"5",0.5,0.555555555555556,1,1,0.1,7.77777777777778,5,1,580
"1.85",5,5,0,5,1,"5",0.5,0.555555555555556,1,1,0.1,2.22222222222222,5,2,581
"2.85",5,5,1.11111111111111,5,2,"5",0.5,0.555555555555556,1,1,0.1,2.83950617283951,5,2,582
"3.85",5,5,2.22222222222222,5,3,"5",0.5,0.555555555555556,1,1,0.1,3.45679012345679,5,2,583
"4.85",5,5,3.33333333333333,5,4,"5",0.5,0.555555555555556,1,1,0.1,4.07407407407407,5,2,584
"5.85",5,5,4.44444444444444,5,5,"5",0.5,0.555555555555556,1,1,0.1,4.69135802469136,5,2,585
"6.85",5,5,5.55555555555556,5,6,"5",0.5,0.555555555555556,1,1,0.1,5.30864197530864,5,1,586
"7.85",5,5,6.66666666666667,5,7,"5",0.5,0.555555555555556,1,1,0.1,5.92592592592593,5,1,587
"8.85",5,5,7.77777777777778,5,8,"5",0.5,0.555555555555556,1,1,0.1,6.54320987654321,5,1,588
"9.85",5,5,8.88888888888889,5,9,"5",0.5,0.555555555555556,1,1,0.1,7.16049382716049,5,1,589
"10.85",5,5,10,5,10,"5",0.5,0.555555555555556,1,1,0.1,7.77777777777778,5,1,590
"1.95",5,5,0,5,1,"5",0.5,0.555555555555556,1,1,0.1,2.22222222222222,5,2,591
"2.95",5,5,1.11111111111111,5,2,"5",0.5,0.555555555555556,1,1,0.1,2.83950617283951,5,2,592
"3.95",5,5,2.22222222222222,5,3,"5",0.5,0.555555555555556,1,1,0.1,3.45679012345679,5,2,593
"4.95",5,5,3.33333333333333,5,4,"5",0.5,0.555555555555556,1,1,0.1,4.07407407407407,5,2,594
"5.95",5,5,4.44444444444444,5,5,"5",0.5,0.555555555555556,1,1,0.1,4.69135802469136,5,2,595
"6.95",5,5,5.55555555555556,5,6,"5",0.5,0.555555555555556,1,1,0.1,5.30864197530864,5,1,596
"7.95",5,5,6.66666666666667,5,7,"5",0.5,0.555555555555556,1,1,0.1,5.92592592592593,5,1,597
"8.95",5,5,7.77777777777778,5,8,"5",0.5,0.555555555555556,1,1,0.1,6.54320987654321,5,1,598
"9.95",5,5,8.88888888888889,5,9,"5",0.5,0.555555555555556,1,1,0.1,7.16049382716049,5,1,599
"10.95",5,5,10,5,10,"5",0.5,0.555555555555556,1,1,0.1,7.77777777777778,5,1,600
"16",5,5,0,5,1,"6",0.5,0.666666666666667,1,1,0.1,1.66666666666667,5,2,601
"26",5,5,1.11111111111111,5,2,"6",0.5,0.666666666666667,1,1,0.1,2.40740740740741,5,2,602
"36",5,5,2.22222222222222,5,3,"6",0.5,0.666666666666667,1,1,0.1,3.14814814814815,5,2,603
"46",5,5,3.33333333333333,5,4,"6",0.5,0.666666666666667,1,1,0.1,3.88888888888889,5,2,604
"56",5,5,4.44444444444444,5,5,"6",0.5,0.666666666666667,1,1,0.1,4.62962962962963,5,2,605
"66",5,5,5.55555555555556,5,6,"6",0.5,0.666666666666667,1,1,0.1,5.37037037037037,5,1,606
"76",5,5,6.66666666666667,5,7,"6",0.5,0.666666666666667,1,1,0.1,6.11111111111111,5,1,607
"86",5,5,7.77777777777778,5,8,"6",0.5,0.666666666666667,1,1,0.1,6.85185185185185,5,1,608
"96",5,5,8.88888888888889,5,9,"6",0.5,0.666666666666667,1,1,0.1,7.59259259259259,5,1,609
"106",5,5,10,5,10,"6",0.5,0.666666666666667,1,1,0.1,8.33333333333333,5,1,610
"1.16",5,5,0,5,1,"6",0.5,0.666666666666667,1,1,0.1,1.66666666666667,5,2,611
"2.16",5,5,1.11111111111111,5,2,"6",0.5,0.666666666666667,1,1,0.1,2.40740740740741,5,2,612
"3.16",5,5,2.22222222222222,5,3,"6",0.5,0.666666666666667,1,1,0.1,3.14814814814815,5,2,613
"4.16",5,5,3.33333333333333,5,4,"6",0.5,0.666666666666667,1,1,0.1,3.88888888888889,5,2,614
"5.16",5,5,4.44444444444444,5,5,"6",0.5,0.666666666666667,1,1,0.1,4.62962962962963,5,2,615
"6.16",5,5,5.55555555555556,5,6,"6",0.5,0.666666666666667,1,1,0.1,5.37037037037037,5,1,616
"7.16",5,5,6.66666666666667,5,7,"6",0.5,0.666666666666667,1,1,0.1,6.11111111111111,5,1,617
"8.16",5,5,7.77777777777778,5,8,"6",0.5,0.666666666666667,1,1,0.1,6.85185185185185,5,1,618
"9.16",5,5,8.88888888888889,5,9,"6",0.5,0.666666666666667,1,1,0.1,7.59259259259259,5,1,619
"10.16",5,5,10,5,10,"6",0.5,0.666666666666667,1,1,0.1,8.33333333333333,5,1,620
"1.26",5,5,0,5,1,"6",0.5,0.666666666666667,1,1,0.1,1.66666666666667,5,2,621
"2.26",5,5,1.11111111111111,5,2,"6",0.5,0.666666666666667,1,1,0.1,2.40740740740741,5,2,622
"3.26",5,5,2.22222222222222,5,3,"6",0.5,0.666666666666667,1,1,0.1,3.14814814814815,5,2,623
"4.26",5,5,3.33333333333333,5,4,"6",0.5,0.666666666666667,1,1,0.1,3.88888888888889,5,2,624
"5.26",5,5,4.44444444444444,5,5,"6",0.5,0.666666666666667,1,1,0.1,4.62962962962963,5,2,625
"6.26",5,5,5.55555555555556,5,6,"6",0.5,0.666666666666667,1,1,0.1,5.37037037037037,5,1,626
"7.26",5,5,6.66666666666667,5,7,"6",0.5,0.666666666666667,1,1,0.1,6.11111111111111,5,1,627
"8.26",5,5,7.77777777777778,5,8,"6",0.5,0.666666666666667,1,1,0.1,6.85185185185185,5,1,628
"9.26",5,5,8.88888888888889,5,9,"6",0.5,0.666666666666667,1,1,0.1,7.59259259259259,5,1,629
"10.26",5,5,10,5,10,"6",0.5,0.666666666666667,1,1,0.1,8.33333333333333,5,1,630
"1.36",5,5,0,5,1,"6",0.5,0.666666666666667,1,1,0.1,1.66666666666667,5,2,631
"2.36",5,5,1.11111111111111,5,2,"6",0.5,0.666666666666667,1,1,0.1,2.40740740740741,5,2,632
"3.36",5,5,2.22222222222222,5,3,"6",0.5,0.666666666666667,1,1,0.1,3.14814814814815,5,2,633
"4.36",5,5,3.33333333333333,5,4,"6",0.5,0.666666666666667,1,1,0.1,3.88888888888889,5,2,634
"5.36",5,5,4.44444444444444,5,5,"6",0.5,0.666666666666667,1,1,0.1,4.62962962962963,5,2,635
"6.36",5,5,5.55555555555556,5,6,"6",0.5,0.666666666666667,1,1,0.1,5.37037037037037,5,1,636
"7.36",5,5,6.66666666666667,5,7,"6",0.5,0.666666666666667,1,1,0.1,6.11111111111111,5,1,637
"8.36",5,5,7.77777777777778,5,8,"6",0.5,0.666666666666667,1,1,0.1,6.85185185185185,5,1,638
"9.36",5,5,8.88888888888889,5,9,"6",0.5,0.666666666666667,1,1,0.1,7.59259259259259,5,1,639
"10.36",5,5,10,5,10,"6",0.5,0.666666666666667,1,1,0.1,8.33333333333333,5,1,640
"1.46",5,5,0,5,1,"6",0.5,0.666666666666667,1,1,0.1,1.66666666666667,5,2,641
"2.46",5,5,1.11111111111111,5,2,"6",0.5,0.666666666666667,1,1,0.1,2.40740740740741,5,2,642
"3.46",5,5,2.22222222222222,5,3,"6",0.5,0.666666666666667,1,1,0.1,3.14814814814815,5,2,643
"4.46",5,5,3.33333333333333,5,4,"6",0.5,0.666666666666667,1,1,0.1,3.88888888888889,5,2,644
"5.46",5,5,4.44444444444444,5,5,"6",0.5,0.666666666666667,1,1,0.1,4.62962962962963,5,2,645
"6.46",5,5,5.55555555555556,5,6,"6",0.5,0.666666666666667,1,1,0.1,5.37037037037037,5,1,646
"7.46",5,5,6.66666666666667,5,7,"6",0.5,0.666666666666667,1,1,0.1,6.11111111111111,5,1,647
"8.46",5,5,7.77777777777778,5,8,"6",0.5,0.666666666666667,1,1,0.1,6.85185185185185,5,1,648
"9.46",5,5,8.88888888888889,5,9,"6",0.5,0.666666666666667,1,1,0.1,7.59259259259259,5,1,649
"10.46",5,5,10,5,10,"6",0.5,0.666666666666667,1,1,0.1,8.33333333333333,5,1,650
"1.56",5,5,0,5,1,"6",0.5,0.666666666666667,1,1,0.1,1.66666666666667,5,2,651
"2.56",5,5,1.11111111111111,5,2,"6",0.5,0.666666666666667,1,1,0.1,2.40740740740741,5,2,652
"3.56",5,5,2.22222222222222,5,3,"6",0.5,0.666666666666667,1,1,0.1,3.14814814814815,5,2,653
"4.56",5,5,3.33333333333333,5,4,"6",0.5,0.666666666666667,1,1,0.1,3.88888888888889,5,2,654
"5.56",5,5,4.44444444444444,5,5,"6",0.5,0.666666666666667,1,1,0.1,4.62962962962963,5,2,655
"6.56",5,5,5.55555555555556,5,6,"6",0.5,0.666666666666667,1,1,0.1,5.37037037037037,5,1,656
"7.56",5,5,6.66666666666667,5,7,"6",0.5,0.666666666666667,1,1,0.1,6.11111111111111,5,1,657
"8.56",5,5,7.77777777777778,5,8,"6",0.5,0.666666666666667,1,1,0.1,6.85185185185185,5,1,658
"9.56",5,5,8.88888888888889,5,9,"6",0.5,0.666666666666667,1,1,0.1,7.59259259259259,5,1,659
"10.56",5,5,10,5,10,"6",0.5,0.666666666666667,1,1,0.1,8.33333333333333,5,1,660
"1.66",5,5,0,5,1,"6",0.5,0.666666666666667,1,1,0.1,1.66666666666667,5,2,661
"2.66",5,5,1.11111111111111,5,2,"6",0.5,0.666666666666667,1,1,0.1,2.40740740740741,5,2,662
"3.66",5,5,2.22222222222222,5,3,"6",0.5,0.666666666666667,1,1,0.1,3.14814814814815,5,2,663
"4.66",5,5,3.33333333333333,5,4,"6",0.5,0.666666666666667,1,1,0.1,3.88888888888889,5,2,664
"5.66",5,5,4.44444444444444,5,5,"6",0.5,0.666666666666667,1,1,0.1,4.62962962962963,5,2,665
"6.66",5,5,5.55555555555556,5,6,"6",0.5,0.666666666666667,1,1,0.1,5.37037037037037,5,1,666
"7.66",5,5,6.66666666666667,5,7,"6",0.5,0.666666666666667,1,1,0.1,6.11111111111111,5,1,667
"8.66",5,5,7.77777777777778,5,8,"6",0.5,0.666666666666667,1,1,0.1,6.85185185185185,5,1,668
"9.66",5,5,8.88888888888889,5,9,"6",0.5,0.666666666666667,1,1,0.1,7.59259259259259,5,1,669
"10.66",5,5,10,5,10,"6",0.5,0.666666666666667,1,1,0.1,8.33333333333333,5,1,670
"1.76",5,5,0,5,1,"6",0.5,0.666666666666667,1,1,0.1,1.66666666666667,5,2,671
"2.76",5,5,1.11111111111111,5,2,"6",0.5,0.666666666666667,1,1,0.1,2.40740740740741,5,2,672
"3.76",5,5,2.22222222222222,5,3,"6",0.5,0.666666666666667,1,1,0.1,3.14814814814815,5,2,673
"4.76",5,5,3.33333333333333,5,4,"6",0.5,0.666666666666667,1,1,0.1,3.88888888888889,5,2,674
"5.76",5,5,4.44444444444444,5,5,"6",0.5,0.666666666666667,1,1,0.1,4.62962962962963,5,2,675
"6.76",5,5,5.55555555555556,5,6,"6",0.5,0.666666666666667,1,1,0.1,5.37037037037037,5,1,676
"7.76",5,5,6.66666666666667,5,7,"6",0.5,0.666666666666667,1,1,0.1,6.11111111111111,5,1,677
"8.76",5,5,7.77777777777778,5,8,"6",0.5,0.666666666666667,1,1,0.1,6.85185185185185,5,1,678
"9.76",5,5,8.88888888888889,5,9,"6",0.5,0.666666666666667,1,1,0.1,7.59259259259259,5,1,679
"10.76",5,5,10,5,10,"6",0.5,0.666666666666667,1,1,0.1,8.33333333333333,5,1,680
"1.86",5,5,0,5,1,"6",0.5,0.666666666666667,1,1,0.1,1.66666666666667,5,2,681
"2.86",5,5,1.11111111111111,5,2,"6",0.5,0.666666666666667,1,1,0.1,2.40740740740741,5,2,682
"3.86",5,5,2.22222222222222,5,3,"6",0.5,0.666666666666667,1,1,0.1,3.14814814814815,5,2,683
"4.86",5,5,3.33333333333333,5,4,"6",0.5,0.666666666666667,1,1,0.1,3.88888888888889,5,2,684
"5.86",5,5,4.44444444444444,5,5,"6",0.5,0.666666666666667,1,1,0.1,4.62962962962963,5,2,685
"6.86",5,5,5.55555555555556,5,6,"6",0.5,0.666666666666667,1,1,0.1,5.37037037037037,5,1,686
"7.86",5,5,6.66666666666667,5,7,"6",0.5,0.666666666666667,1,1,0.1,6.11111111111111,5,1,687
"8.86",5,5,7.77777777777778,5,8,"6",0.5,0.666666666666667,1,1,0.1,6.85185185185185,5,1,688
"9.86",5,5,8.88888888888889,5,9,"6",0.5,0.666666666666667,1,1,0.1,7.59259259259259,5,1,689
"10.86",5,5,10,5,10,"6",0.5,0.666666666666667,1,1,0.1,8.33333333333333,5,1,690
"1.96",5,5,0,5,1,"6",0.5,0.666666666666667,1,1,0.1,1.66666666666667,5,2,691
"2.96",5,5,1.11111111111111,5,2,"6",0.5,0.666666666666667,1,1,0.1,2.40740740740741,5,2,692
"3.96",5,5,2.22222222222222,5,3,"6",0.5,0.666666666666667,1,1,0.1,3.14814814814815,5,2,693
"4.96",5,5,3.33333333333333,5,4,"6",0.5,0.666666666666667,1,1,0.1,3.88888888888889,5,2,694
"5.96",5,5,4.44444444444444,5,5,"6",0.5,0.666666666666667,1,1,0.1,4.62962962962963,5,2,695
"6.96",5,5,5.55555555555556,5,6,"6",0.5,0.666666666666667,1,1,0.1,5.37037037037037,5,1,696
"7.96",5,5,6.66666666666667,5,7,"6",0.5,0.666666666666667,1,1,0.1,6.11111111111111,5,1,697
"8.96",5,5,7.77777777777778,5,8,"6",0.5,0.666666666666667,1,1,0.1,6.85185185185185,5,1,698
"9.96",5,5,8.88888888888889,5,9,"6",0.5,0.666666666666667,1,1,0.1,7.59259259259259,5,1,699
"10.96",5,5,10,5,10,"6",0.5,0.666666666666667,1,1,0.1,8.33333333333333,5,1,700
"17",5,5,0,5,1,"7",0.5,0.777777777777778,1,1,0.1,1.11111111111111,5,2,701
"27",5,5,1.11111111111111,5,2,"7",0.5,0.777777777777778,1,1,0.1,1.97530864197531,5,2,702
"37",5,5,2.22222222222222,5,3,"7",0.5,0.777777777777778,1,1,0.1,2.83950617283951,5,2,703
"47",5,5,3.33333333333333,5,4,"7",0.5,0.777777777777778,1,1,0.1,3.7037037037037,5,2,704
"57",5,5,4.44444444444444,5,5,"7",0.5,0.777777777777778,1,1,0.1,4.5679012345679,5,2,705
"67",5,5,5.55555555555556,5,6,"7",0.5,0.777777777777778,1,1,0.1,5.4320987654321,5,1,706
"77",5,5,6.66666666666667,5,7,"7",0.5,0.777777777777778,1,1,0.1,6.2962962962963,5,1,707
"87",5,5,7.77777777777778,5,8,"7",0.5,0.777777777777778,1,1,0.1,7.16049382716049,5,1,708
"97",5,5,8.88888888888889,5,9,"7",0.5,0.777777777777778,1,1,0.1,8.02469135802469,5,1,709
"107",5,5,10,5,10,"7",0.5,0.777777777777778,1,1,0.1,8.88888888888889,5,1,710
"1.17",5,5,0,5,1,"7",0.5,0.777777777777778,1,1,0.1,1.11111111111111,5,2,711
"2.17",5,5,1.11111111111111,5,2,"7",0.5,0.777777777777778,1,1,0.1,1.97530864197531,5,2,712
"3.17",5,5,2.22222222222222,5,3,"7",0.5,0.777777777777778,1,1,0.1,2.83950617283951,5,2,713
"4.17",5,5,3.33333333333333,5,4,"7",0.5,0.777777777777778,1,1,0.1,3.7037037037037,5,2,714
"5.17",5,5,4.44444444444444,5,5,"7",0.5,0.777777777777778,1,1,0.1,4.5679012345679,5,2,715
"6.17",5,5,5.55555555555556,5,6,"7",0.5,0.777777777777778,1,1,0.1,5.4320987654321,5,1,716
"7.17",5,5,6.66666666666667,5,7,"7",0.5,0.777777777777778,1,1,0.1,6.2962962962963,5,1,717
"8.17",5,5,7.77777777777778,5,8,"7",0.5,0.777777777777778,1,1,0.1,7.16049382716049,5,1,718
"9.17",5,5,8.88888888888889,5,9,"7",0.5,0.777777777777778,1,1,0.1,8.02469135802469,5,1,719
"10.17",5,5,10,5,10,"7",0.5,0.777777777777778,1,1,0.1,8.88888888888889,5,1,720
"1.27",5,5,0,5,1,"7",0.5,0.777777777777778,1,1,0.1,1.11111111111111,5,2,721
"2.27",5,5,1.11111111111111,5,2,"7",0.5,0.777777777777778,1,1,0.1,1.97530864197531,5,2,722
"3.27",5,5,2.22222222222222,5,3,"7",0.5,0.777777777777778,1,1,0.1,2.83950617283951,5,2,723
"4.27",5,5,3.33333333333333,5,4,"7",0.5,0.777777777777778,1,1,0.1,3.7037037037037,5,2,724
"5.27",5,5,4.44444444444444,5,5,"7",0.5,0.777777777777778,1,1,0.1,4.5679012345679,5,2,725
"6.27",5,5,5.55555555555556,5,6,"7",0.5,0.777777777777778,1,1,0.1,5.4320987654321,5,1,726
"7.27",5,5,6.66666666666667,5,7,"7",0.5,0.777777777777778,1,1,0.1,6.2962962962963,5,1,727
"8.27",5,5,7.77777777777778,5,8,"7",0.5,0.777777777777778,1,1,0.1,7.16049382716049,5,1,728
"9.27",5,5,8.88888888888889,5,9,"7",0.5,0.777777777777778,1,1,0.1,8.02469135802469,5,1,729
"10.27",5,5,10,5,10,"7",0.5,0.777777777777778,1,1,0.1,8.88888888888889,5,1,730
"1.37",5,5,0,5,1,"7",0.5,0.777777777777778,1,1,0.1,1.11111111111111,5,2,731
"2.37",5,5,1.11111111111111,5,2,"7",0.5,0.777777777777778,1,1,0.1,1.97530864197531,5,2,732
"3.37",5,5,2.22222222222222,5,3,"7",0.5,0.777777777777778,1,1,0.1,2.83950617283951,5,2,733
"4.37",5,5,3.33333333333333,5,4,"7",0.5,0.777777777777778,1,1,0.1,3.7037037037037,5,2,734
"5.37",5,5,4.44444444444444,5,5,"7",0.5,0.777777777777778,1,1,0.1,4.5679012345679,5,2,735
"6.37",5,5,5.55555555555556,5,6,"7",0.5,0.777777777777778,1,1,0.1,5.4320987654321,5,1,736
"7.37",5,5,6.66666666666667,5,7,"7",0.5,0.777777777777778,1,1,0.1,6.2962962962963,5,1,737
"8.37",5,5,7.77777777777778,5,8,"7",0.5,0.777777777777778,1,1,0.1,7.16049382716049,5,1,738
"9.37",5,5,8.88888888888889,5,9,"7",0.5,0.777777777777778,1,1,0.1,8.02469135802469,5,1,739
"10.37",5,5,10,5,10,"7",0.5,0.777777777777778,1,1,0.1,8.88888888888889,5,1,740
"1.47",5,5,0,5,1,"7",0.5,0.777777777777778,1,1,0.1,1.11111111111111,5,2,741
"2.47",5,5,1.11111111111111,5,2,"7",0.5,0.777777777777778,1,1,0.1,1.97530864197531,5,2,742
"3.47",5,5,2.22222222222222,5,3,"7",0.5,0.777777777777778,1,1,0.1,2.83950617283951,5,2,743
"4.47",5,5,3.33333333333333,5,4,"7",0.5,0.777777777777778,1,1,0.1,3.7037037037037,5,2,744
"5.47",5,5,4.44444444444444,5,5,"7",0.5,0.777777777777778,1,1,0.1,4.5679012345679,5,2,745
"6.47",5,5,5.55555555555556,5,6,"7",0.5,0.777777777777778,1,1,0.1,5.4320987654321,5,1,746
"7.47",5,5,6.66666666666667,5,7,"7",0.5,0.777777777777778,1,1,0.1,6.2962962962963,5,1,747
"8.47",5,5,7.77777777777778,5,8,"7",0.5,0.777777777777778,1,1,0.1,7.16049382716049,5,1,748
"9.47",5,5,8.88888888888889,5,9,"7",0.5,0.777777777777778,1,1,0.1,8.02469135802469,5,1,749
"10.47",5,5,10,5,10,"7",0.5,0.777777777777778,1,1,0.1,8.88888888888889,5,1,750
"1.57",5,5,0,5,1,"7",0.5,0.777777777777778,1,1,0.1,1.11111111111111,5,2,751
"2.57",5,5,1.11111111111111,5,2,"7",0.5,0.777777777777778,1,1,0.1,1.97530864197531,5,2,752
"3.57",5,5,2.22222222222222,5,3,"7",0.5,0.777777777777778,1,1,0.1,2.83950617283951,5,2,753
"4.57",5,5,3.33333333333333,5,4,"7",0.5,0.777777777777778,1,1,0.1,3.7037037037037,5,2,754
"5.57",5,5,4.44444444444444,5,5,"7",0.5,0.777777777777778,1,1,0.1,4.5679012345679,5,2,755
"6.57",5,5,5.55555555555556,5,6,"7",0.5,0.777777777777778,1,1,0.1,5.4320987654321,5,1,756
"7.57",5,5,6.66666666666667,5,7,"7",0.5,0.777777777777778,1,1,0.1,6.2962962962963,5,1,757
"8.57",5,5,7.77777777777778,5,8,"7",0.5,0.777777777777778,1,1,0.1,7.16049382716049,5,1,758
"9.57",5,5,8.88888888888889,5,9,"7",0.5,0.777777777777778,1,1,0.1,8.02469135802469,5,1,759
"10.57",5,5,10,5,10,"7",0.5,0.777777777777778,1,1,0.1,8.88888888888889,5,1,760
"1.67",5,5,0,5,1,"7",0.5,0.777777777777778,1,1,0.1,1.11111111111111,5,2,761
"2.67",5,5,1.11111111111111,5,2,"7",0.5,0.777777777777778,1,1,0.1,1.97530864197531,5,2,762
"3.67",5,5,2.22222222222222,5,3,"7",0.5,0.777777777777778,1,1,0.1,2.83950617283951,5,2,763
"4.67",5,5,3.33333333333333,5,4,"7",0.5,0.777777777777778,1,1,0.1,3.7037037037037,5,2,764
"5.67",5,5,4.44444444444444,5,5,"7",0.5,0.777777777777778,1,1,0.1,4.5679012345679,5,2,765
"6.67",5,5,5.55555555555556,5,6,"7",0.5,0.777777777777778,1,1,0.1,5.4320987654321,5,1,766
"7.67",5,5,6.66666666666667,5,7,"7",0.5,0.777777777777778,1,1,0.1,6.2962962962963,5,1,767
"8.67",5,5,7.77777777777778,5,8,"7",0.5,0.777777777777778,1,1,0.1,7.16049382716049,5,1,768
"9.67",5,5,8.88888888888889,5,9,"7",0.5,0.777777777777778,1,1,0.1,8.02469135802469,5,1,769
"10.67",5,5,10,5,10,"7",0.5,0.777777777777778,1,1,0.1,8.88888888888889,5,1,770
"1.77",5,5,0,5,1,"7",0.5,0.777777777777778,1,1,0.1,1.11111111111111,5,2,771
"2.77",5,5,1.11111111111111,5,2,"7",0.5,0.777777777777778,1,1,0.1,1.97530864197531,5,2,772
"3.77",5,5,2.22222222222222,5,3,"7",0.5,0.777777777777778,1,1,0.1,2.83950617283951,5,2,773
"4.77",5,5,3.33333333333333,5,4,"7",0.5,0.777777777777778,1,1,0.1,3.7037037037037,5,2,774
"5.77",5,5,4.44444444444444,5,5,"7",0.5,0.777777777777778,1,1,0.1,4.5679012345679,5,2,775
"6.77",5,5,5.55555555555556,5,6,"7",0.5,0.777777777777778,1,1,0.1,5.4320987654321,5,1,776
"7.77",5,5,6.66666666666667,5,7,"7",0.5,0.777777777777778,1,1,0.1,6.2962962962963,5,1,777
"8.77",5,5,7.77777777777778,5,8,"7",0.5,0.777777777777778,1,1,0.1,7.16049382716049,5,1,778
"9.77",5,5,8.88888888888889,5,9,"7",0.5,0.777777777777778,1,1,0.1,8.02469135802469,5,1,779
"10.77",5,5,10,5,10,"7",0.5,0.777777777777778,1,1,0.1,8.88888888888889,5,1,780
"1.87",5,5,0,5,1,"7",0.5,0.777777777777778,1,1,0.1,1.11111111111111,5,2,781
"2.87",5,5,1.11111111111111,5,2,"7",0.5,0.777777777777778,1,1,0.1,1.97530864197531,5,2,782
"3.87",5,5,2.22222222222222,5,3,"7",0.5,0.777777777777778,1,1,0.1,2.83950617283951,5,2,783
"4.87",5,5,3.33333333333333,5,4,"7",0.5,0.777777777777778,1,1,0.1,3.7037037037037,5,2,784
"5.87",5,5,4.44444444444444,5,5,"7",0.5,0.777777777777778,1,1,0.1,4.5679012345679,5,2,785
"6.87",5,5,5.55555555555556,5,6,"7",0.5,0.777777777777778,1,1,0.1,5.4320987654321,5,1,786
"7.87",5,5,6.66666666666667,5,7,"7",0.5,0.777777777777778,1,1,0.1,6.2962962962963,5,1,787
"8.87",5,5,7.77777777777778,5,8,"7",0.5,0.777777777777778,1,1,0.1,7.16049382716049,5,1,788
"9.87",5,5,8.88888888888889,5,9,"7",0.5,0.777777777777778,1,1,0.1,8.02469135802469,5,1,789
"10.87",5,5,10,5,10,"7",0.5,0.777777777777778,1,1,0.1,8.88888888888889,5,1,790
"1.97",5,5,0,5,1,"7",0.5,0.777777777777778,1,1,0.1,1.11111111111111,5,2,791
"2.97",5,5,1.11111111111111,5,2,"7",0.5,0.777777777777778,1,1,0.1,1.97530864197531,5,2,792
"3.97",5,5,2.22222222222222,5,3,"7",0.5,0.777777777777778,1,1,0.1,2.83950617283951,5,2,793
"4.97",5,5,3.33333333333333,5,4,"7",0.5,0.777777777777778,1,1,0.1,3.7037037037037,5,2,794
"5.97",5,5,4.44444444444444,5,5,"7",0.5,0.777777777777778,1,1,0.1,4.5679012345679,5,2,795
"6.97",5,5,5.55555555555556,5,6,"7",0.5,0.777777777777778,1,1,0.1,5.4320987654321,5,1,796
"7.97",5,5,6.66666666666667,5,7,"7",0.5,0.777777777777778,1,1,0.1,6.2962962962963,5,1,797
"8.97",5,5,7.77777777777778,5,8,"7",0.5,0.777777777777778,1,1,0.1,7.16049382716049,5,1,798
"9.97",5,5,8.88888888888889,5,9,"7",0.5,0.777777777777778,1,1,0.1,8.02469135802469,5,1,799
"10.97",5,5,10,5,10,"7",0.5,0.777777777777778,1,1,0.1,8.88888888888889,5,1,800
"18",5,5,0,5,1,"8",0.5,0.888888888888889,1,1,0.1,0.555555555555556,5,2,801
"28",5,5,1.11111111111111,5,2,"8",0.5,0.888888888888889,1,1,0.1,1.54320987654321,5,2,802
"38",5,5,2.22222222222222,5,3,"8",0.5,0.888888888888889,1,1,0.1,2.53086419753086,5,2,803
"48",5,5,3.33333333333333,5,4,"8",0.5,0.888888888888889,1,1,0.1,3.51851851851852,5,2,804
"58",5,5,4.44444444444444,5,5,"8",0.5,0.888888888888889,1,1,0.1,4.50617283950617,5,2,805
"68",5,5,5.55555555555556,5,6,"8",0.5,0.888888888888889,1,1,0.1,5.49382716049383,5,1,806
"78",5,5,6.66666666666667,5,7,"8",0.5,0.888888888888889,1,1,0.1,6.48148148148148,5,1,807
"88",5,5,7.77777777777778,5,8,"8",0.5,0.888888888888889,1,1,0.1,7.46913580246914,5,1,808
"98",5,5,8.88888888888889,5,9,"8",0.5,0.888888888888889,1,1,0.1,8.45679012345679,5,1,809
"108",5,5,10,5,10,"8",0.5,0.888888888888889,1,1,0.1,9.44444444444444,5,1,810
"1.18",5,5,0,5,1,"8",0.5,0.888888888888889,1,1,0.1,0.555555555555556,5,2,811
"2.18",5,5,1.11111111111111,5,2,"8",0.5,0.888888888888889,1,1,0.1,1.54320987654321,5,2,812
"3.18",5,5,2.22222222222222,5,3,"8",0.5,0.888888888888889,1,1,0.1,2.53086419753086,5,2,813
"4.18",5,5,3.33333333333333,5,4,"8",0.5,0.888888888888889,1,1,0.1,3.51851851851852,5,2,814
"5.18",5,5,4.44444444444444,5,5,"8",0.5,0.888888888888889,1,1,0.1,4.50617283950617,5,2,815
"6.18",5,5,5.55555555555556,5,6,"8",0.5,0.888888888888889,1,1,0.1,5.49382716049383,5,1,816
"7.18",5,5,6.66666666666667,5,7,"8",0.5,0.888888888888889,1,1,0.1,6.48148148148148,5,1,817
"8.18",5,5,7.77777777777778,5,8,"8",0.5,0.888888888888889,1,1,0.1,7.46913580246914,5,1,818
"9.18",5,5,8.88888888888889,5,9,"8",0.5,0.888888888888889,1,1,0.1,8.45679012345679,5,1,819
"10.18",5,5,10,5,10,"8",0.5,0.888888888888889,1,1,0.1,9.44444444444444,5,1,820
"1.28",5,5,0,5,1,"8",0.5,0.888888888888889,1,1,0.1,0.555555555555556,5,2,821
"2.28",5,5,1.11111111111111,5,2,"8",0.5,0.888888888888889,1,1,0.1,1.54320987654321,5,2,822
"3.28",5,5,2.22222222222222,5,3,"8",0.5,0.888888888888889,1,1,0.1,2.53086419753086,5,2,823
"4.28",5,5,3.33333333333333,5,4,"8",0.5,0.888888888888889,1,1,0.1,3.51851851851852,5,2,824
"5.28",5,5,4.44444444444444,5,5,"8",0.5,0.888888888888889,1,1,0.1,4.50617283950617,5,2,825
"6.28",5,5,5.55555555555556,5,6,"8",0.5,0.888888888888889,1,1,0.1,5.49382716049383,5,1,826
"7.28",5,5,6.66666666666667,5,7,"8",0.5,0.888888888888889,1,1,0.1,6.48148148148148,5,1,827
"8.28",5,5,7.77777777777778,5,8,"8",0.5,0.888888888888889,1,1,0.1,7.46913580246914,5,1,828
"9.28",5,5,8.88888888888889,5,9,"8",0.5,0.888888888888889,1,1,0.1,8.45679012345679,5,1,829
"10.28",5,5,10,5,10,"8",0.5,0.888888888888889,1,1,0.1,9.44444444444444,5,1,830
"1.38",5,5,0,5,1,"8",0.5,0.888888888888889,1,1,0.1,0.555555555555556,5,2,831
"2.38",5,5,1.11111111111111,5,2,"8",0.5,0.888888888888889,1,1,0.1,1.54320987654321,5,2,832
"3.38",5,5,2.22222222222222,5,3,"8",0.5,0.888888888888889,1,1,0.1,2.53086419753086,5,2,833
"4.38",5,5,3.33333333333333,5,4,"8",0.5,0.888888888888889,1,1,0.1,3.51851851851852,5,2,834
"5.38",5,5,4.44444444444444,5,5,"8",0.5,0.888888888888889,1,1,0.1,4.50617283950617,5,2,835
"6.38",5,5,5.55555555555556,5,6,"8",0.5,0.888888888888889,1,1,0.1,5.49382716049383,5,1,836
"7.38",5,5,6.66666666666667,5,7,"8",0.5,0.888888888888889,1,1,0.1,6.48148148148148,5,1,837
"8.38",5,5,7.77777777777778,5,8,"8",0.5,0.888888888888889,1,1,0.1,7.46913580246914,5,1,838
"9.38",5,5,8.88888888888889,5,9,"8",0.5,0.888888888888889,1,1,0.1,8.45679012345679,5,1,839
"10.38",5,5,10,5,10,"8",0.5,0.888888888888889,1,1,0.1,9.44444444444444,5,1,840
"1.48",5,5,0,5,1,"8",0.5,0.888888888888889,1,1,0.1,0.555555555555556,5,2,841
"2.48",5,5,1.11111111111111,5,2,"8",0.5,0.888888888888889,1,1,0.1,1.54320987654321,5,2,842
"3.48",5,5,2.22222222222222,5,3,"8",0.5,0.888888888888889,1,1,0.1,2.53086419753086,5,2,843
"4.48",5,5,3.33333333333333,5,4,"8",0.5,0.888888888888889,1,1,0.1,3.51851851851852,5,2,844
"5.48",5,5,4.44444444444444,5,5,"8",0.5,0.888888888888889,1,1,0.1,4.50617283950617,5,2,845
"6.48",5,5,5.55555555555556,5,6,"8",0.5,0.888888888888889,1,1,0.1,5.49382716049383,5,1,846
"7.48",5,5,6.66666666666667,5,7,"8",0.5,0.888888888888889,1,1,0.1,6.48148148148148,5,1,847
"8.48",5,5,7.77777777777778,5,8,"8",0.5,0.888888888888889,1,1,0.1,7.46913580246914,5,1,848
"9.48",5,5,8.88888888888889,5,9,"8",0.5,0.888888888888889,1,1,0.1,8.45679012345679,5,1,849
"10.48",5,5,10,5,10,"8",0.5,0.888888888888889,1,1,0.1,9.44444444444444,5,1,850
"1.58",5,5,0,5,1,"8",0.5,0.888888888888889,1,1,0.1,0.555555555555556,5,2,851
"2.58",5,5,1.11111111111111,5,2,"8",0.5,0.888888888888889,1,1,0.1,1.54320987654321,5,2,852
"3.58",5,5,2.22222222222222,5,3,"8",0.5,0.888888888888889,1,1,0.1,2.53086419753086,5,2,853
"4.58",5,5,3.33333333333333,5,4,"8",0.5,0.888888888888889,1,1,0.1,3.51851851851852,5,2,854
"5.58",5,5,4.44444444444444,5,5,"8",0.5,0.888888888888889,1,1,0.1,4.50617283950617,5,2,855
"6.58",5,5,5.55555555555556,5,6,"8",0.5,0.888888888888889,1,1,0.1,5.49382716049383,5,1,856
"7.58",5,5,6.66666666666667,5,7,"8",0.5,0.888888888888889,1,1,0.1,6.48148148148148,5,1,857
"8.58",5,5,7.77777777777778,5,8,"8",0.5,0.888888888888889,1,1,0.1,7.46913580246914,5,1,858
"9.58",5,5,8.88888888888889,5,9,"8",0.5,0.888888888888889,1,1,0.1,8.45679012345679,5,1,859
"10.58",5,5,10,5,10,"8",0.5,0.888888888888889,1,1,0.1,9.44444444444444,5,1,860
"1.68",5,5,0,5,1,"8",0.5,0.888888888888889,1,1,0.1,0.555555555555556,5,2,861
"2.68",5,5,1.11111111111111,5,2,"8",0.5,0.888888888888889,1,1,0.1,1.54320987654321,5,2,862
"3.68",5,5,2.22222222222222,5,3,"8",0.5,0.888888888888889,1,1,0.1,2.53086419753086,5,2,863
"4.68",5,5,3.33333333333333,5,4,"8",0.5,0.888888888888889,1,1,0.1,3.51851851851852,5,2,864
"5.68",5,5,4.44444444444444,5,5,"8",0.5,0.888888888888889,1,1,0.1,4.50617283950617,5,2,865
"6.68",5,5,5.55555555555556,5,6,"8",0.5,0.888888888888889,1,1,0.1,5.49382716049383,5,1,866
"7.68",5,5,6.66666666666667,5,7,"8",0.5,0.888888888888889,1,1,0.1,6.48148148148148,5,1,867
"8.68",5,5,7.77777777777778,5,8,"8",0.5,0.888888888888889,1,1,0.1,7.46913580246914,5,1,868
"9.68",5,5,8.88888888888889,5,9,"8",0.5,0.888888888888889,1,1,0.1,8.45679012345679,5,1,869
"10.68",5,5,10,5,10,"8",0.5,0.888888888888889,1,1,0.1,9.44444444444444,5,1,870
"1.78",5,5,0,5,1,"8",0.5,0.888888888888889,1,1,0.1,0.555555555555556,5,2,871
"2.78",5,5,1.11111111111111,5,2,"8",0.5,0.888888888888889,1,1,0.1,1.54320987654321,5,2,872
"3.78",5,5,2.22222222222222,5,3,"8",0.5,0.888888888888889,1,1,0.1,2.53086419753086,5,2,873
"4.78",5,5,3.33333333333333,5,4,"8",0.5,0.888888888888889,1,1,0.1,3.51851851851852,5,2,874
"5.78",5,5,4.44444444444444,5,5,"8",0.5,0.888888888888889,1,1,0.1,4.50617283950617,5,2,875
"6.78",5,5,5.55555555555556,5,6,"8",0.5,0.888888888888889,1,1,0.1,5.49382716049383,5,1,876
"7.78",5,5,6.66666666666667,5,7,"8",0.5,0.888888888888889,1,1,0.1,6.48148148148148,5,1,877
"8.78",5,5,7.77777777777778,5,8,"8",0.5,0.888888888888889,1,1,0.1,7.46913580246914,5,1,878
"9.78",5,5,8.88888888888889,5,9,"8",0.5,0.888888888888889,1,1,0.1,8.45679012345679,5,1,879
"10.78",5,5,10,5,10,"8",0.5,0.888888888888889,1,1,0.1,9.44444444444444,5,1,880
"1.88",5,5,0,5,1,"8",0.5,0.888888888888889,1,1,0.1,0.555555555555556,5,2,881
"2.88",5,5,1.11111111111111,5,2,"8",0.5,0.888888888888889,1,1,0.1,1.54320987654321,5,2,882
"3.88",5,5,2.22222222222222,5,3,"8",0.5,0.888888888888889,1,1,0.1,2.53086419753086,5,2,883
"4.88",5,5,3.33333333333333,5,4,"8",0.5,0.888888888888889,1,1,0.1,3.51851851851852,5,2,884
"5.88",5,5,4.44444444444444,5,5,"8",0.5,0.888888888888889,1,1,0.1,4.50617283950617,5,2,885
"6.88",5,5,5.55555555555556,5,6,"8",0.5,0.888888888888889,1,1,0.1,5.49382716049383,5,1,886
"7.88",5,5,6.66666666666667,5,7,"8",0.5,0.888888888888889,1,1,0.1,6.48148148148148,5,1,887
"8.88",5,5,7.77777777777778,5,8,"8",0.5,0.888888888888889,1,1,0.1,7.46913580246914,5,1,888
"9.88",5,5,8.88888888888889,5,9,"8",0.5,0.888888888888889,1,1,0.1,8.45679012345679,5,1,889
"10.88",5,5,10,5,10,"8",0.5,0.888888888888889,1,1,0.1,9.44444444444444,5,1,890
"1.98",5,5,0,5,1,"8",0.5,0.888888888888889,1,1,0.1,0.555555555555556,5,2,891
"2.98",5,5,1.11111111111111,5,2,"8",0.5,0.888888888888889,1,1,0.1,1.54320987654321,5,2,892
"3.98",5,5,2.22222222222222,5,3,"8",0.5,0.888888888888889,1,1,0.1,2.53086419753086,5,2,893
"4.98",5,5,3.33333333333333,5,4,"8",0.5,0.888888888888889,1,1,0.1,3.51851851851852,5,2,894
"5.98",5,5,4.44444444444444,5,5,"8",0.5,0.888888888888889,1,1,0.1,4.50617283950617,5,2,895
"6.98",5,5,5.55555555555556,5,6,"8",0.5,0.888888888888889,1,1,0.1,5.49382716049383,5,1,896
"7.98",5,5,6.66666666666667,5,7,"8",0.5,0.888888888888889,1,1,0.1,6.48148148148148,5,1,897
"8.98",5,5,7.77777777777778,5,8,"8",0.5,0.888888888888889,1,1,0.1,7.46913580246914,5,1,898
"9.98",5,5,8.88888888888889,5,9,"8",0.5,0.888888888888889,1,1,0.1,8.45679012345679,5,1,899
"10.98",5,5,10,5,10,"8",0.5,0.888888888888889,1,1,0.1,9.44444444444444,5,1,900
"19",5,5,0,5,1,"9",0.5,1,1,1,0.1,0,5,2,901
"29",5,5,1.11111111111111,5,2,"9",0.5,1,1,1,0.1,1.11111111111111,5,2,902
"39",5,5,2.22222222222222,5,3,"9",0.5,1,1,1,0.1,2.22222222222222,5,2,903
"49",5,5,3.33333333333333,5,4,"9",0.5,1,1,1,0.1,3.33333333333333,5,2,904
"59",5,5,4.44444444444444,5,5,"9",0.5,1,1,1,0.1,4.44444444444444,5,2,905
"69",5,5,5.55555555555556,5,6,"9",0.5,1,1,1,0.1,5.55555555555556,5,1,906
"79",5,5,6.66666666666667,5,7,"9",0.5,1,1,1,0.1,6.66666666666667,5,1,907
"89",5,5,7.77777777777778,5,8,"9",0.5,1,1,1,0.1,7.77777777777778,5,1,908
"99",5,5,8.88888888888889,5,9,"9",0.5,1,1,1,0.1,8.88888888888889,5,1,909
"109",5,5,10,5,10,"9",0.5,1,1,1,0.1,10,5,1,910
"1.19",5,5,0,5,1,"9",0.5,1,1,1,0.1,0,5,2,911
"2.19",5,5,1.11111111111111,5,2,"9",0.5,1,1,1,0.1,1.11111111111111,5,2,912
"3.19",5,5,2.22222222222222,5,3,"9",0.5,1,1,1,0.1,2.22222222222222,5,2,913
"4.19",5,5,3.33333333333333,5,4,"9",0.5,1,1,1,0.1,3.33333333333333,5,2,914
"5.19",5,5,4.44444444444444,5,5,"9",0.5,1,1,1,0.1,4.44444444444444,5,2,915
"6.19",5,5,5.55555555555556,5,6,"9",0.5,1,1,1,0.1,5.55555555555556,5,1,916
"7.19",5,5,6.66666666666667,5,7,"9",0.5,1,1,1,0.1,6.66666666666667,5,1,917
"8.19",5,5,7.77777777777778,5,8,"9",0.5,1,1,1,0.1,7.77777777777778,5,1,918
"9.19",5,5,8.88888888888889,5,9,"9",0.5,1,1,1,0.1,8.88888888888889,5,1,919
"10.19",5,5,10,5,10,"9",0.5,1,1,1,0.1,10,5,1,920
"1.29",5,5,0,5,1,"9",0.5,1,1,1,0.1,0,5,2,921
"2.29",5,5,1.11111111111111,5,2,"9",0.5,1,1,1,0.1,1.11111111111111,5,2,922
"3.29",5,5,2.22222222222222,5,3,"9",0.5,1,1,1,0.1,2.22222222222222,5,2,923
"4.29",5,5,3.33333333333333,5,4,"9",0.5,1,1,1,0.1,3.33333333333333,5,2,924
"5.29",5,5,4.44444444444444,5,5,"9",0.5,1,1,1,0.1,4.44444444444444,5,2,925
"6.29",5,5,5.55555555555556,5,6,"9",0.5,1,1,1,0.1,5.55555555555556,5,1,926
"7.29",5,5,6.66666666666667,5,7,"9",0.5,1,1,1,0.1,6.66666666666667,5,1,927
"8.29",5,5,7.77777777777778,5,8,"9",0.5,1,1,1,0.1,7.77777777777778,5,1,928
"9.29",5,5,8.88888888888889,5,9,"9",0.5,1,1,1,0.1,8.88888888888889,5,1,929
"10.29",5,5,10,5,10,"9",0.5,1,1,1,0.1,10,5,1,930
"1.39",5,5,0,5,1,"9",0.5,1,1,1,0.1,0,5,2,931
"2.39",5,5,1.11111111111111,5,2,"9",0.5,1,1,1,0.1,1.11111111111111,5,2,932
"3.39",5,5,2.22222222222222,5,3,"9",0.5,1,1,1,0.1,2.22222222222222,5,2,933
"4.39",5,5,3.33333333333333,5,4,"9",0.5,1,1,1,0.1,3.33333333333333,5,2,934
"5.39",5,5,4.44444444444444,5,5,"9",0.5,1,1,1,0.1,4.44444444444444,5,2,935
"6.39",5,5,5.55555555555556,5,6,"9",0.5,1,1,1,0.1,5.55555555555556,5,1,936
"7.39",5,5,6.66666666666667,5,7,"9",0.5,1,1,1,0.1,6.66666666666667,5,1,937
"8.39",5,5,7.77777777777778,5,8,"9",0.5,1,1,1,0.1,7.77777777777778,5,1,938
"9.39",5,5,8.88888888888889,5,9,"9",0.5,1,1,1,0.1,8.88888888888889,5,1,939
"10.39",5,5,10,5,10,"9",0.5,1,1,1,0.1,10,5,1,940
"1.49",5,5,0,5,1,"9",0.5,1,1,1,0.1,0,5,2,941
"2.49",5,5,1.11111111111111,5,2,"9",0.5,1,1,1,0.1,1.11111111111111,5,2,942
"3.49",5,5,2.22222222222222,5,3,"9",0.5,1,1,1,0.1,2.22222222222222,5,2,943
"4.49",5,5,3.33333333333333,5,4,"9",0.5,1,1,1,0.1,3.33333333333333,5,2,944
"5.49",5,5,4.44444444444444,5,5,"9",0.5,1,1,1,0.1,4.44444444444444,5,2,945
"6.49",5,5,5.55555555555556,5,6,"9",0.5,1,1,1,0.1,5.55555555555556,5,1,946
"7.49",5,5,6.66666666666667,5,7,"9",0.5,1,1,1,0.1,6.66666666666667,5,1,947
"8.49",5,5,7.77777777777778,5,8,"9",0.5,1,1,1,0.1,7.77777777777778,5,1,948
"9.49",5,5,8.88888888888889,5,9,"9",0.5,1,1,1,0.1,8.88888888888889,5,1,949
"10.49",5,5,10,5,10,"9",0.5,1,1,1,0.1,10,5,1,950
"1.59",5,5,0,5,1,"9",0.5,1,1,1,0.1,0,5,2,951
"2.59",5,5,1.11111111111111,5,2,"9",0.5,1,1,1,0.1,1.11111111111111,5,2,952
"3.59",5,5,2.22222222222222,5,3,"9",0.5,1,1,1,0.1,2.22222222222222,5,2,953
"4.59",5,5,3.33333333333333,5,4,"9",0.5,1,1,1,0.1,3.33333333333333,5,2,954
"5.59",5,5,4.44444444444444,5,5,"9",0.5,1,1,1,0.1,4.44444444444444,5,2,955
"6.59",5,5,5.55555555555556,5,6,"9",0.5,1,1,1,0.1,5.55555555555556,5,1,956
"7.59",5,5,6.66666666666667,5,7,"9",0.5,1,1,1,0.1,6.66666666666667,5,1,957
"8.59",5,5,7.77777777777778,5,8,"9",0.5,1,1,1,0.1,7.77777777777778,5,1,958
"9.59",5,5,8.88888888888889,5,9,"9",0.5,1,1,1,0.1,8.88888888888889,5,1,959
"10.59",5,5,10,5,10,"9",0.5,1,1,1,0.1,10,5,1,960
"1.69",5,5,0,5,1,"9",0.5,1,1,1,0.1,0,5,2,961
"2.69",5,5,1.11111111111111,5,2,"9",0.5,1,1,1,0.1,1.11111111111111,5,2,962
"3.69",5,5,2.22222222222222,5,3,"9",0.5,1,1,1,0.1,2.22222222222222,5,2,963
"4.69",5,5,3.33333333333333,5,4,"9",0.5,1,1,1,0.1,3.33333333333333,5,2,964
"5.69",5,5,4.44444444444444,5,5,"9",0.5,1,1,1,0.1,4.44444444444444,5,2,965
"6.69",5,5,5.55555555555556,5,6,"9",0.5,1,1,1,0.1,5.55555555555556,5,1,966
"7.69",5,5,6.66666666666667,5,7,"9",0.5,1,1,1,0.1,6.66666666666667,5,1,967
"8.69",5,5,7.77777777777778,5,8,"9",0.5,1,1,1,0.1,7.77777777777778,5,1,968
"9.69",5,5,8.88888888888889,5,9,"9",0.5,1,1,1,0.1,8.88888888888889,5,1,969
"10.69",5,5,10,5,10,"9",0.5,1,1,1,0.1,10,5,1,970
"1.79",5,5,0,5,1,"9",0.5,1,1,1,0.1,0,5,2,971
"2.79",5,5,1.11111111111111,5,2,"9",0.5,1,1,1,0.1,1.11111111111111,5,2,972
"3.79",5,5,2.22222222222222,5,3,"9",0.5,1,1,1,0.1,2.22222222222222,5,2,973
"4.79",5,5,3.33333333333333,5,4,"9",0.5,1,1,1,0.1,3.33333333333333,5,2,974
"5.79",5,5,4.44444444444444,5,5,"9",0.5,1,1,1,0.1,4.44444444444444,5,2,975
"6.79",5,5,5.55555555555556,5,6,"9",0.5,1,1,1,0.1,5.55555555555556,5,1,976
"7.79",5,5,6.66666666666667,5,7,"9",0.5,1,1,1,0.1,6.66666666666667,5,1,977
"8.79",5,5,7.77777777777778,5,8,"9",0.5,1,1,1,0.1,7.77777777777778,5,1,978
"9.79",5,5,8.88888888888889,5,9,"9",0.5,1,1,1,0.1,8.88888888888889,5,1,979
"10.79",5,5,10,5,10,"9",0.5,1,1,1,0.1,10,5,1,980
"1.89",5,5,0,5,1,"9",0.5,1,1,1,0.1,0,5,2,981
"2.89",5,5,1.11111111111111,5,2,"9",0.5,1,1,1,0.1,1.11111111111111,5,2,982
"3.89",5,5,2.22222222222222,5,3,"9",0.5,1,1,1,0.1,2.22222222222222,5,2,983
"4.89",5,5,3.33333333333333,5,4,"9",0.5,1,1,1,0.1,3.33333333333333,5,2,984
"5.89",5,5,4.44444444444444,5,5,"9",0.5,1,1,1,0.1,4.44444444444444,5,2,985
"6.89",5,5,5.55555555555556,5,6,"9",0.5,1,1,1,0.1,5.55555555555556,5,1,986
"7.89",5,5,6.66666666666667,5,7,"9",0.5,1,1,1,0.1,6.66666666666667,5,1,987
"8.89",5,5,7.77777777777778,5,8,"9",0.5,1,1,1,0.1,7.77777777777778,5,1,988
"9.89",5,5,8.88888888888889,5,9,"9",0.5,1,1,1,0.1,8.88888888888889,5,1,989
"10.89",5,5,10,5,10,"9",0.5,1,1,1,0.1,10,5,1,990
"1.99",5,5,0,5,1,"9",0.5,1,1,1,0.1,0,5,2,991
"2.99",5,5,1.11111111111111,5,2,"9",0.5,1,1,1,0.1,1.11111111111111,5,2,992
"3.99",5,5,2.22222222222222,5,3,"9",0.5,1,1,1,0.1,2.22222222222222,5,2,993
"4.99",5,5,3.33333333333333,5,4,"9",0.5,1,1,1,0.1,3.33333333333333,5,2,994
"5.99",5,5,4.44444444444444,5,5,"9",0.5,1,1,1,0.1,4.44444444444444,5,2,995
"6.99",5,5,5.55555555555556,5,6,"9",0.5,1,1,1,0.1,5.55555555555556,5,1,996
"7.99",5,5,6.66666666666667,5,7,"9",0.5,1,1,1,0.1,6.66666666666667,5,1,997
"8.99",5,5,7.77777777777778,5,8,"9",0.5,1,1,1,0.1,7.77777777777778,5,1,998
"9.99",5,5,8.88888888888889,5,9,"9",0.5,1,1,1,0.1,8.88888888888889,5,1,999
"10.99",5,5,10,5,10,"9",0.5,1,1,1,0.1,10,5,1,1000
